datetime,open,high,low,close,volume
2026-06-26T02:00:00+00:00,15571.03,15580.04,15536.04,15538.03,3934
2026-06-26T02:05:00+00:00,15538.03,15554.52,15513.02,15547.04,3368
2026-06-26T02:10:00+00:00,15547.04,15550.04,15475.02,15501.54,3507
2026-06-26T02:15:00+00:00,15501.54,15510.53,15434.52,15438.02,3388
2026-06-26T02:20:00+00:00,15438.02,15456.53,15422.04,15440.53,3044
2026-06-26T02:25:00+00:00,15440.53,15441.02,15388.53,15393.54,2232
2026-06-26T02:30:00+00:00,15393.54,15402.54,15366.52,15381.03,2694
2026-06-26T02:35:00+00:00,15381.03,15388.04,15342.04,15362.53,2830
2026-06-26T02:40:00+00:00,15362.53,15367.02,15342.02,15357.02,2377
2026-06-26T02:45:00+00:00,15357.02,15365.54,15322.03,15322.03,2403
2026-06-26T02:50:00+00:00,15322.03,15324.03,15286.03,15288.03,2457
2026-06-26T02:55:00+00:00,15288.03,15288.03,15242.02,15274.04,3375
2026-06-26T03:00:00+00:00,15274.04,15302.03,15249.52,15272.54,3229
2026-06-26T03:05:00+00:00,15272.54,15316.03,15256.53,15303.54,3639
2026-06-26T03:10:00+00:00,15303.54,15308.03,15250.03,15281.03,3708
2026-06-26T03:15:00+00:00,15281.03,15300.52,15266.03,15290.04,3377
2026-06-26T03:20:00+00:00,15290.04,15299.54,15234.54,15239.53,3309
2026-06-26T03:25:00+00:00,15239.53,15302.04,15233.52,15289.52,3019
2026-06-26T03:30:00+00:00,15289.52,15289.54,15267.02,15275.54,562
2026-06-26T03:35:00+00:00,15275.54,15281.53,15272.52,15278.52,361
2026-06-26T03:40:00+00:00,15278.52,15302.02,15278.52,15290.54,720
2026-06-26T03:45:00+00:00,15290.54,15293.52,15280.52,15283.54,591
2026-06-26T03:50:00+00:00,15283.54,15306.04,15283.54,15306.04,373
2026-06-26T03:55:00+00:00,15306.04,15315.04,15299.03,15307.54,468
2026-06-26T04:00:00+00:00,15307.54,15308.53,15294.02,15294.52,265
2026-06-26T04:05:00+00:00,15294.52,15296.53,15286.02,15291.04,160
2026-06-26T04:10:00+00:00,15291.04,15291.52,15272.52,15276.04,377
2026-06-26T04:15:00+00:00,15276.04,15278.54,15269.02,15269.02,130
2026-06-26T04:20:00+00:00,15269.02,15271.03,15264.04,15264.04,70
2026-06-26T04:25:00+00:00,15264.04,15265.04,15261.02,15263.54,101
2026-06-26T04:30:00+00:00,15263.54,15269.04,15260.02,15262.03,197
2026-06-26T04:35:00+00:00,15262.03,15263.03,15258.02,15260.52,170
2026-06-26T04:40:00+00:00,15260.52,15263.03,15258.02,15261.04,139
2026-06-26T04:45:00+00:00,15261.04,15261.04,15250.03,15250.04,96
2026-06-26T04:50:00+00:00,15250.04,15253.54,15247.02,15251.52,99
2026-06-26T04:55:00+00:00,15251.52,15255.04,15248.52,15254.54,184
2026-06-26T05:00:00+00:00,15254.54,15286.03,15244.03,15279.03,4532
2026-06-26T05:05:00+00:00,15279.03,15290.04,15254.03,15284.53,3614
2026-06-26T05:10:00+00:00,15284.53,15342.03,15279.02,15341.52,3314
2026-06-26T05:15:00+00:00,15341.52,15372.03,15335.04,15357.53,3176
2026-06-26T05:20:00+00:00,15357.53,15386.03,15357.02,15362.52,2829
2026-06-26T05:25:00+00:00,15362.52,15401.04,15355.52,15363.53,2911
2026-06-26T05:30:00+00:00,15363.53,15391.04,15348.03,15372.53,2545
2026-06-26T05:35:00+00:00,15372.53,15393.54,15363.02,15373.04,2250
2026-06-26T05:40:00+00:00,15373.04,15377.04,15348.02,15355.02,2042
2026-06-26T05:45:00+00:00,15355.02,15376.54,15337.02,15376.54,1703
2026-06-26T05:50:00+00:00,15376.54,15425.03,15376.54,15424.53,1941
2026-06-26T05:55:00+00:00,15424.53,15435.54,15394.03,15396.03,1865
2026-06-26T06:00:00+00:00,15396.03,15405.03,15365.03,15368.54,2205
2026-06-26T06:05:00+00:00,15368.54,15378.04,15350.02,15353.03,1671
2026-06-26T06:10:00+00:00,15353.03,15359.52,15311.02,15317.53,1826
2026-06-26T06:15:00+00:00,15317.53,15332.03,15293.03,15306.52,1910
2026-06-26T06:20:00+00:00,15306.52,15322.54,15299.52,15312.04,1947
2026-06-26T06:25:00+00:00,15312.04,15328.04,15300.52,15326.02,2056
2026-06-26T06:30:00+00:00,15326.02,15333.03,15306.02,15308.54,2271
2026-06-26T06:35:00+00:00,15308.54,15375.04,15308.02,15362.52,2139
2026-06-26T06:40:00+00:00,15362.52,15380.02,15346.02,15371.52,2117
2026-06-26T06:45:00+00:00,15371.52,15372.54,15341.52,15349.53,1918
2026-06-26T06:50:00+00:00,15349.53,15355.04,15313.04,15315.03,2151
2026-06-26T06:55:00+00:00,15315.03,15339.04,15302.02,15322.04,1721
2026-06-26T07:00:00+00:00,15322.04,15336.04,15309.52,15312.53,655
2026-06-26T07:05:00+00:00,15312.53,15315.04,15298.03,15302.02,404
2026-06-26T07:10:00+00:00,15302.02,15318.53,15299.52,15314.02,355
2026-06-26T07:15:00+00:00,15314.02,15326.03,15310.52,15324.04,330
2026-06-26T07:20:00+00:00,15324.04,15325.02,15311.03,15312.03,186
2026-06-26T07:25:00+00:00,15312.03,15317.04,15304.03,15310.04,269
2026-06-26T07:30:00+00:00,15310.04,15322.54,15307.03,15321.04,288
2026-06-26T07:35:00+00:00,15321.04,15321.54,15310.52,15319.54,198
2026-06-26T07:40:00+00:00,15319.54,15328.04,15318.04,15321.02,231
2026-06-26T07:45:00+00:00,15321.02,15323.02,15307.52,15310.03,365
2026-06-26T07:50:00+00:00,15310.03,15325.54,15306.53,15323.54,272
2026-06-26T07:55:00+00:00,15323.54,15334.03,15323.54,15329.54,260
2026-06-26T08:00:00+00:00,15329.54,15338.04,15326.02,15330.03,346
2026-06-26T08:05:00+00:00,15330.03,15343.03,15329.03,15342.03,368
2026-06-26T08:10:00+00:00,15342.03,15353.04,15337.04,15344.54,332
2026-06-26T08:15:00+00:00,15344.54,15356.04,15342.03,15342.03,190
2026-06-26T08:20:00+00:00,15342.03,15344.02,15337.53,15342.02,196
2026-06-26T08:25:00+00:00,15342.02,15344.03,15329.02,15341.53,247
2026-06-26T09:00:00+00:00,15341.53,15341.53,15252.03,15281.53,523
2026-06-26T09:05:00+00:00,15281.53,15294.54,15281.53,15283.54,163
2026-06-26T09:10:00+00:00,15283.54,15296.53,15280.54,15294.02,251
2026-06-26T09:15:00+00:00,15294.02,15297.04,15285.52,15294.04,353
2026-06-26T09:20:00+00:00,15294.04,15301.04,15286.53,15297.52,240
2026-06-26T09:25:00+00:00,15297.52,15306.03,15295.54,15304.52,232
2026-06-26T09:30:00+00:00,15304.52,15307.03,15299.02,15303.02,233
2026-06-26T09:35:00+00:00,15303.02,15305.52,15295.04,15301.02,218
2026-06-26T09:40:00+00:00,15301.02,15318.03,15301.02,15313.03,166
2026-06-26T09:45:00+00:00,15313.03,15320.52,15309.54,15314.04,179
2026-06-26T09:50:00+00:00,15314.04,15318.54,15312.02,15313.04,152
2026-06-26T09:55:00+00:00,15313.04,15314.04,15310.53,15313.03,101
2026-06-26T10:00:00+00:00,15313.03,15313.03,15301.02,15308.03,140
2026-06-26T10:05:00+00:00,15308.03,15310.03,15301.02,15307.02,155
2026-06-26T10:10:00+00:00,15307.02,15316.03,15306.53,15312.04,120
2026-06-26T10:15:00+00:00,15312.04,15316.04,15305.52,15305.52,93
2026-06-26T10:20:00+00:00,15305.52,15307.04,15302.02,15304.52,113
2026-06-26T10:25:00+00:00,15304.52,15311.03,15302.04,15309.03,106
2026-06-26T10:30:00+00:00,15309.03,15316.03,15308.03,15314.04,99
2026-06-26T10:35:00+00:00,15314.04,15317.03,15308.02,15308.03,97
2026-06-26T10:40:00+00:00,15308.03,15311.04,15306.02,15309.04,90
2026-06-26T10:45:00+00:00,15309.04,15314.04,15307.04,15311.03,115
2026-06-26T10:50:00+00:00,15311.03,15314.03,15307.04,15310.53,94
2026-06-26T10:55:00+00:00,15310.53,15314.04,15308.04,15312.02,114
2026-06-26T11:00:00+00:00,15312.02,15326.04,15311.53,15322.02,239
2026-06-26T11:05:00+00:00,15322.02,15328.54,15321.02,15327.54,158
2026-06-26T11:10:00+00:00,15327.54,15331.04,15321.53,15322.04,120
2026-06-26T11:15:00+00:00,15322.04,15322.04,15315.02,15319.03,118
2026-06-26T11:20:00+00:00,15319.03,15325.04,15317.02,15320.03,102
2026-06-26T11:25:00+00:00,15320.03,15322.54,15316.02,15318.04,85
2026-06-26T11:30:00+00:00,15318.04,15320.04,15315.53,15318.03,119
2026-06-26T11:35:00+00:00,15318.03,15324.03,15317.03,15320.03,93
2026-06-26T11:40:00+00:00,15320.03,15326.04,15318.02,15318.53,100
2026-06-26T11:45:00+00:00,15318.53,15323.04,15317.54,15322.03,55
2026-06-26T11:50:00+00:00,15322.03,15322.03,15309.02,15309.02,123
2026-06-26T11:55:00+00:00,15309.02,15321.04,15308.02,15320.04,106
2026-06-26T12:00:00+00:00,15320.04,15330.02,15316.03,15328.03,112
2026-06-26T12:05:00+00:00,15328.03,15337.04,15328.03,15336.03,139
2026-06-26T12:10:00+00:00,15336.03,15340.04,15332.54,15337.03,123
2026-06-26T12:15:00+00:00,15337.03,15367.54,15336.02,15367.53,216
2026-06-26T12:20:00+00:00,15367.53,15375.53,15363.52,15365.02,203
2026-06-26T12:25:00+00:00,15365.02,15375.03,15364.52,15374.03,95
2026-06-26T12:30:00+00:00,15374.03,15381.02,15367.03,15368.53,303
2026-06-26T12:35:00+00:00,15368.53,15374.54,15367.03,15370.53,288
2026-06-26T12:40:00+00:00,15370.53,15373.04,15363.03,15365.04,237
2026-06-26T12:45:00+00:00,15365.04,15369.03,15363.02,15363.04,100
2026-06-26T12:50:00+00:00,15363.04,15370.04,15362.02,15367.03,115
2026-06-26T12:55:00+00:00,15367.03,15369.04,15364.02,15365.04,100
2026-06-26T13:00:00+00:00,15365.04,15365.54,15356.02,15360.02,182
2026-06-26T13:05:00+00:00,15360.02,15362.04,15353.03,15353.52,149
2026-06-26T13:10:00+00:00,15353.52,15360.04,15345.52,15356.03,245
2026-06-26T13:15:00+00:00,15356.03,15358.04,15337.52,15350.04,479
2026-06-26T13:20:00+00:00,15350.04,15362.04,15347.03,15357.52,347
2026-06-26T13:25:00+00:00,15357.52,15365.54,15356.52,15364.53,237
2026-06-26T13:30:00+00:00,15364.53,15381.52,15360.02,15361.04,992
2026-06-26T13:35:00+00:00,15361.04,15381.02,15360.02,15361.02,892
2026-06-26T13:40:00+00:00,15361.02,15375.04,15358.02,15371.03,732
2026-06-26T13:45:00+00:00,15371.03,15383.03,15367.02,15372.04,765
2026-06-26T13:50:00+00:00,15372.04,15379.04,15361.02,15365.54,602
2026-06-26T13:55:00+00:00,15365.54,15391.02,15363.02,15386.54,650
2026-06-26T14:00:00+00:00,15386.54,15395.04,15378.53,15391.04,696
2026-06-26T14:05:00+00:00,15391.04,15412.04,15388.02,15412.04,475
2026-06-26T14:10:00+00:00,15412.04,15436.04,15410.03,15435.53,581
2026-06-26T14:15:00+00:00,15435.53,15440.53,15427.02,15429.02,430
2026-06-26T14:20:00+00:00,15429.02,15447.04,15427.02,15436.04,398
2026-06-26T14:25:00+00:00,15436.04,15445.54,15435.52,15440.03,483
2026-06-26T14:30:00+00:00,15440.03,15447.04,15435.03,15445.02,492
2026-06-26T14:35:00+00:00,15445.02,15447.04,15438.02,15441.04,312
2026-06-26T14:40:00+00:00,15441.04,15459.03,15438.03,15448.04,409
2026-06-26T14:45:00+00:00,15448.04,15449.04,15434.52,15436.03,436
2026-06-26T14:50:00+00:00,15436.03,15442.04,15431.02,15438.04,361
2026-06-26T14:55:00+00:00,15438.04,15441.54,15428.02,15435.03,339
2026-06-26T15:00:00+00:00,15435.03,15444.03,15433.02,15434.03,273
2026-06-26T15:05:00+00:00,15434.03,15435.03,15423.02,15428.03,311
2026-06-26T15:10:00+00:00,15428.03,15429.04,15419.02,15419.04,238
2026-06-26T15:15:00+00:00,15419.04,15432.04,15415.04,15427.02,278
2026-06-26T15:20:00+00:00,15427.02,15438.54,15426.03,15438.04,227.78597215059307
2026-06-26T15:25:00+00:00,15438.04,15447.04,15434.02,15446.54,284
2026-06-26T15:30:00+00:00,15446.54,15454.54,15438.02,15441.03,409
2026-06-26T15:35:00+00:00,15441.03,15457.04,15441.02,15455.02,280
2026-06-26T15:40:00+00:00,15455.02,15463.02,15453.02,15460.02,242
2026-06-26T15:45:00+00:00,15460.02,15467.04,15458.03,15467.03,191
2026-06-26T15:50:00+00:00,15467.03,15469.04,15455.02,15461.04,599
2026-06-26T15:55:00+00:00,15461.04,15467.03,15457.02,15458.54,237
2026-06-26T16:00:00+00:00,15458.54,15461.04,15450.02,15450.54,179
2026-06-26T16:05:00+00:00,15450.54,15450.54,15440.04,15443.04,186
2026-06-26T16:10:00+00:00,15443.04,15446.52,15440.02,15443.03,222
2026-06-26T16:15:00+00:00,15443.03,15449.04,15439.02,15441.53,194
2026-06-26T16:20:00+00:00,15441.53,15442.53,15427.02,15434.02,487
2026-06-26T16:25:00+00:00,15434.02,15442.04,15434.02,15439.03,235
2026-06-26T16:30:00+00:00,15439.03,15447.04,15438.03,15446.03,191
2026-06-26T16:35:00+00:00,15446.03,15449.04,15445.02,15446.04,130
2026-06-26T16:40:00+00:00,15446.04,15449.02,15443.03,15443.53,151
2026-06-26T16:45:00+00:00,15443.53,15448.02,15442.04,15447.52,132
2026-06-26T16:50:00+00:00,15447.52,15451.04,15445.03,15450.04,134
2026-06-26T16:55:00+00:00,15450.04,15450.04,15446.03,15448.04,96
2026-06-26T17:00:00+00:00,15448.04,15453.04,15445.03,15452.02,134
2026-06-26T17:05:00+00:00,15452.02,15460.03,15451.03,15460.03,84
2026-06-26T17:10:00+00:00,15460.03,15460.04,15456.02,15456.53,101
2026-06-26T17:15:00+00:00,15456.53,15457.04,15443.54,15446.02,98
2026-06-26T17:20:00+00:00,15446.02,15450.04,15443.02,15448.02,140
2026-06-26T17:25:00+00:00,15448.02,15453.04,15444.02,15451.02,153
2026-06-26T17:30:00+00:00,15451.02,15459.03,15449.02,15451.03,155
2026-06-26T17:35:00+00:00,15451.03,15451.03,15442.03,15443.02,118
2026-06-26T17:40:00+00:00,15443.02,15447.53,15438.02,15444.54,143
2026-06-26T17:45:00+00:00,15444.54,15448.04,15444.02,15444.03,106
2026-06-26T17:50:00+00:00,15444.03,15448.02,15443.02,15443.03,90
2026-06-26T17:55:00+00:00,15443.03,15444.54,15439.03,15442.04,116
2026-06-26T18:00:00+00:00,15442.04,15445.04,15438.02,15444.03,159
2026-06-26T18:05:00+00:00,15444.03,15446.54,15438.02,15439.04,105
2026-06-26T18:10:00+00:00,15439.04,15442.04,15437.03,15439.02,86
2026-06-26T18:15:00+00:00,15439.02,15441.04,15430.03,15431.03,116
2026-06-26T18:20:00+00:00,15431.03,15434.04,15428.54,15430.03,130
2026-06-26T18:25:00+00:00,15430.03,15432.04,15423.54,15424.04,143
2026-06-26T18:30:00+00:00,15424.04,15432.03,15424.04,15426.02,100
2026-06-26T18:35:00+00:00,15426.02,15427.53,15420.04,15422.52,90
2026-06-26T18:40:00+00:00,15422.52,15424.52,15421.03,15422.54,71
2026-06-26T18:45:00+00:00,15422.54,15423.03,15417.02,15418.54,164
2026-06-26T18:50:00+00:00,15418.54,15420.54,15415.02,15419.02,106
2026-06-26T18:55:00+00:00,15419.02,15422.04,15412.04,15416.04,140
2026-06-26T19:00:00+00:00,15416.04,15419.53,15412.04,15412.04,109
2026-06-26T19:05:00+00:00,15412.04,15424.53,15412.03,15423.02,131
2026-06-26T19:10:00+00:00,15423.02,15428.03,15419.02,15428.03,161
2026-06-26T19:15:00+00:00,15428.03,15428.03,15422.02,15424.52,128
2026-06-26T19:20:00+00:00,15424.52,15425.03,15413.52,15416.04,148
2026-06-26T19:25:00+00:00,15416.04,15418.04,15415.02,15418.03,144
2026-06-26T19:30:00+00:00,15418.03,15422.54,15414.03,15420.52,179
2026-06-26T19:35:00+00:00,15420.52,15424.03,15416.02,15417.03,142
2026-06-26T19:40:00+00:00,15417.03,15429.04,15417.03,15427.52,145
2026-06-26T19:45:00+00:00,15427.52,15434.03,15425.02,15426.03,205
2026-06-26T19:50:00+00:00,15426.03,15431.52,15422.54,15429.03,364
2026-06-26T19:55:00+00:00,15429.03,15446.03,15424.02,15428.53,296
2026-06-26T20:00:00+00:00,15428.53,15439.53,15424.52,15437.53,53
2026-06-26T20:05:00+00:00,15437.53,15438.53,15431.54,15433.54,38.67135729428284
2026-06-26T20:10:00+00:00,15433.54,15436.03,15428.53,15436.02,17.544933078393882
2026-06-26T20:15:00+00:00,15436.02,15439.02,15436.02,15438.52,20.531605715669652
2026-06-26T20:20:00+00:00,15438.52,15440.53,15438.52,15440.02,33.641724199456945
2026-06-26T20:25:00+00:00,15440.02,15440.02,15438.02,15438.53,23.755050544574374
2026-06-26T20:30:00+00:00,15438.53,15438.54,15433.03,15433.03,90.90409099252781
2026-06-26T20:35:00+00:00,15433.03,15433.03,15429.04,15429.54,77.03984017656975
2026-06-26T20:40:00+00:00,15429.54,15430.54,15429.54,15430.04,22.82338077951447
2026-06-29T01:00:00+00:00,15430.04,15431.04,15214.01,15253.490000000002,574.6665060240964
2026-06-29T01:05:00+00:00,15253.490000000002,15287.51,15253.490000000002,15277.490000000002,159
2026-06-29T01:10:00+00:00,15277.490000000002,15279.51,15263.000000000002,15267.490000000002,178
2026-06-29T01:15:00+00:00,15267.490000000002,15267.490000000002,15216.990000000002,15236.500000000002,1219
2026-06-29T01:20:00+00:00,15236.500000000002,15243.51,15190.490000000002,15196.000000000002,1263
2026-06-29T01:25:00+00:00,15196.000000000002,15253.51,15194.490000000002,15235.500000000002,1668
2026-06-29T01:30:00+00:00,15235.500000000002,15247.51,15119.01,15144.000000000002,7536
2026-06-29T01:35:00+00:00,15144.000000000002,15225.000000000002,15140.490000000002,15196.000000000002,5655
2026-06-29T01:40:00+00:00,15196.000000000002,15269.51,15196.000000000002,15259.000000000002,4533
2026-06-29T01:45:00+00:00,15259.000000000002,15262.51,15213.51,15246.490000000002,4227
2026-06-29T01:50:00+00:00,15246.490000000002,15260.000000000002,15212.490000000002,15240.01,3795
2026-06-29T01:55:00+00:00,15240.01,15293.01,15230.490000000002,15282.490000000002,4583
2026-06-29T02:00:00+00:00,15282.490000000002,15302.490000000002,15243.990000000002,15244.01,4533
2026-06-29T02:05:00+00:00,15244.01,15266.01,15184.490000000002,15192.990000000002,4645
2026-06-29T02:10:00+00:00,15192.990000000002,15244.51,15166.490000000002,15178.500000000002,4345
2026-06-29T02:15:00+00:00,15178.500000000002,15272.51,15162.990000000002,15222.500000000002,4843
2026-06-29T02:20:00+00:00,15222.500000000002,15269.51,15213.490000000002,15265.990000000002,5081
2026-06-29T02:25:00+00:00,15265.990000000002,15306.990000000002,15265.990000000002,15301.500000000002,4046
2026-06-29T02:30:00+00:00,15301.500000000002,15306.000000000002,15205.490000000002,15206.490000000002,3189
2026-06-29T02:35:00+00:00,15206.490000000002,15219.01,15171.51,15214.51,4392
2026-06-29T02:40:00+00:00,15214.51,15265.01,15195.990000000002,15264.000000000002,3939
2026-06-29T02:45:00+00:00,15264.000000000002,15306.490000000002,15250.490000000002,15305.490000000002,3757
2026-06-29T02:50:00+00:00,15305.490000000002,15317.51,15250.000000000002,15269.500000000002,3351
2026-06-29T02:55:00+00:00,15269.500000000002,15328.51,15264.490000000002,15306.500000000002,3710
2026-06-29T03:00:00+00:00,15306.500000000002,15341.490000000002,15302.500000000002,15319.51,3649
2026-06-29T03:05:00+00:00,15319.51,15354.51,15304.490000000002,15349.500000000002,3045
2026-06-29T03:10:00+00:00,15349.500000000002,15358.490000000002,15306.990000000002,15340.990000000002,3024
2026-06-29T03:15:00+00:00,15340.990000000002,15345.490000000002,15303.500000000002,15322.500000000002,2470
2026-06-29T03:20:00+00:00,15322.500000000002,15329.990000000002,15280.500000000002,15291.01,2373
2026-06-29T03:25:00+00:00,15291.01,15292.51,15263.500000000002,15285.000000000002,1718
2026-06-29T03:30:00+00:00,15285.000000000002,15297.000000000002,15258.490000000002,15262.990000000002,605
2026-06-29T03:35:00+00:00,15262.990000000002,15265.51,15256.490000000002,15263.990000000002,367
2026-06-29T03:40:00+00:00,15263.990000000002,15266.01,15252.490000000002,15256.990000000002,350
2026-06-29T03:45:00+00:00,15256.990000000002,15269.51,15255.51,15265.990000000002,368
2026-06-29T03:50:00+00:00,15265.990000000002,15276.51,15261.990000000002,15271.51,315
2026-06-29T03:55:00+00:00,15271.51,15271.51,15260.990000000002,15271.000000000002,312
2026-06-29T04:00:00+00:00,15271.000000000002,15289.490000000002,15266.51,15288.51,250
2026-06-29T04:05:00+00:00,15288.51,15288.51,15278.500000000002,15278.500000000002,96
2026-06-29T04:10:00+00:00,15278.500000000002,15278.51,15271.51,15272.51,82
2026-06-29T04:15:00+00:00,15272.51,15275.490000000002,15268.490000000002,15274.000000000002,57
2026-06-29T04:20:00+00:00,15274.000000000002,15275.51,15270.490000000002,15275.500000000002,55
2026-06-29T04:25:00+00:00,15275.500000000002,15279.000000000002,15275.500000000002,15276.500000000002,65
2026-06-29T04:30:00+00:00,15276.500000000002,15280.01,15276.490000000002,15277.500000000002,36
2026-06-29T04:35:00+00:00,15277.500000000002,15277.51,15268.490000000002,15269.500000000002,64
2026-06-29T04:40:00+00:00,15269.500000000002,15273.51,15264.490000000002,15272.51,79
2026-06-29T04:45:00+00:00,15272.51,15286.500000000002,15271.490000000002,15286.500000000002,71
2026-06-29T04:50:00+00:00,15286.500000000002,15286.51,15276.51,15277.990000000002,77
2026-06-29T04:55:00+00:00,15277.990000000002,15277.990000000002,15270.51,15273.51,113
2026-06-29T05:00:00+00:00,15273.51,15275.000000000002,15224.490000000002,15249.01,3392
2026-06-29T05:05:00+00:00,15249.01,15254.51,15211.490000000002,15219.500000000002,2437
2026-06-29T05:10:00+00:00,15219.500000000002,15227.51,15198.51,15202.490000000002,1782
2026-06-29T05:15:00+00:00,15202.490000000002,15223.51,15195.500000000002,15214.51,1917
2026-06-29T05:20:00+00:00,15214.51,15230.51,15198.490000000002,15225.490000000002,1903
2026-06-29T05:25:00+00:00,15225.490000000002,15252.51,15223.490000000002,15245.000000000002,2045
2026-06-29T05:30:00+00:00,15245.000000000002,15255.01,15224.990000000002,15255.01,1946
2026-06-29T05:35:00+00:00,15255.01,15274.01,15237.490000000002,15273.500000000002,1790
2026-06-29T05:40:00+00:00,15273.500000000002,15320.51,15270.51,15316.490000000002,2004
2026-06-29T05:45:00+00:00,15316.490000000002,15319.490000000002,15297.01,15308.490000000002,2033
2026-06-29T05:50:00+00:00,15308.490000000002,15394.500000000002,15304.990000000002,15387.000000000002,2155
2026-06-29T05:55:00+00:00,15387.000000000002,15410.01,15364.490000000002,15374.51,2684
2026-06-29T06:00:00+00:00,15374.51,15413.500000000002,15365.01,15373.51,2966
2026-06-29T06:05:00+00:00,15373.51,15376.490000000002,15326.000000000002,15347.500000000002,2298
2026-06-29T06:10:00+00:00,15347.500000000002,15350.01,15310.490000000002,15330.01,2163
2026-06-29T06:15:00+00:00,15330.01,15357.500000000002,15321.01,15335.51,2202
2026-06-29T06:20:00+00:00,15335.51,15346.000000000002,15326.000000000002,15329.500000000002,1684
2026-06-29T06:25:00+00:00,15329.500000000002,15352.990000000002,15321.000000000002,15352.000000000002,1702
2026-06-29T06:30:00+00:00,15352.000000000002,15399.000000000002,15347.490000000002,15388.51,2069
2026-06-29T06:35:00+00:00,15388.51,15427.000000000002,15381.490000000002,15425.490000000002,1653
2026-06-29T06:40:00+00:00,15425.490000000002,15430.500000000002,15410.990000000002,15424.990000000002,1780
2026-06-29T06:45:00+00:00,15424.990000000002,15459.500000000002,15422.000000000002,15450.51,1370
2026-06-29T06:50:00+00:00,15450.51,15482.500000000002,15444.51,15480.990000000002,1457
2026-06-29T06:55:00+00:00,15480.990000000002,15486.51,15469.490000000002,15472.500000000002,1875
2026-06-29T07:00:00+00:00,15472.500000000002,15472.51,15433.490000000002,15434.51,848
2026-06-29T07:05:00+00:00,15434.51,15438.490000000002,15429.490000000002,15431.990000000002,398
2026-06-29T07:10:00+00:00,15431.990000000002,15436.51,15424.990000000002,15435.490000000002,296
2026-06-29T07:15:00+00:00,15435.490000000002,15443.01,15434.490000000002,15440.990000000002,210
2026-06-29T07:20:00+00:00,15440.990000000002,15453.51,15440.990000000002,15452.490000000002,186
2026-06-29T07:25:00+00:00,15452.490000000002,15452.51,15446.490000000002,15452.51,157
2026-06-29T07:30:00+00:00,15452.51,15454.51,15442.490000000002,15448.500000000002,184
2026-06-29T07:35:00+00:00,15448.500000000002,15451.51,15442.490000000002,15444.500000000002,175
2026-06-29T07:40:00+00:00,15444.500000000002,15453.500000000002,15439.990000000002,15448.500000000002,181
2026-06-29T07:45:00+00:00,15448.500000000002,15449.500000000002,15438.01,15438.990000000002,147
2026-06-29T07:50:00+00:00,15438.990000000002,15440.51,15434.500000000002,15438.490000000002,127
2026-06-29T07:55:00+00:00,15438.490000000002,15440.51,15436.490000000002,15437.500000000002,116
2026-06-29T08:00:00+00:00,15437.500000000002,15448.51,15436.500000000002,15445.490000000002,353
2026-06-29T08:05:00+00:00,15445.490000000002,15452.51,15444.490000000002,15449.490000000002,333
2026-06-29T08:10:00+00:00,15449.490000000002,15451.51,15443.490000000002,15446.500000000002,175
2026-06-29T08:15:00+00:00,15446.500000000002,15447.490000000002,15436.490000000002,15439.51,171
2026-06-29T08:20:00+00:00,15439.51,15442.01,15435.990000000002,15439.490000000002,113
2026-06-29T08:25:00+00:00,15439.490000000002,15448.000000000002,15437.500000000002,15448.000000000002,178
2026-06-29T09:00:00+00:00,15448.000000000002,15448.000000000002,15409.000000000002,15421.990000000002,341
2026-06-29T09:05:00+00:00,15421.990000000002,15422.01,15410.500000000002,15413.490000000002,80
2026-06-29T09:10:00+00:00,15413.490000000002,15416.500000000002,15406.490000000002,15408.990000000002,121
2026-06-29T09:15:00+00:00,15408.990000000002,15415.000000000002,15408.490000000002,15409.01,90
2026-06-29T09:20:00+00:00,15409.01,15419.000000000002,15403.990000000002,15405.01,162
2026-06-29T09:25:00+00:00,15405.01,15422.51,15401.490000000002,15422.000000000002,164
2026-06-29T09:30:00+00:00,15422.000000000002,15423.000000000002,15408.490000000002,15408.490000000002,78
2026-06-29T09:35:00+00:00,15408.490000000002,15409.51,15403.500000000002,15408.990000000002,66
2026-06-29T09:40:00+00:00,15408.990000000002,15408.990000000002,15399.490000000002,15402.990000000002,59
2026-06-29T09:45:00+00:00,15402.990000000002,15403.51,15399.000000000002,15402.990000000002,98
2026-06-29T09:50:00+00:00,15402.990000000002,15406.490000000002,15392.490000000002,15394.990000000002,175
2026-06-29T09:55:00+00:00,15394.990000000002,15403.000000000002,15394.490000000002,15402.51,91
2026-06-29T10:00:00+00:00,15402.51,15409.51,15402.490000000002,15409.500000000002,114
2026-06-29T10:05:00+00:00,15409.500000000002,15418.51,15408.500000000002,15417.990000000002,105
2026-06-29T10:10:00+00:00,15417.990000000002,15427.01,15417.990000000002,15424.51,118
2026-06-29T10:15:00+00:00,15424.51,15425.000000000002,15414.990000000002,15422.51,92
2026-06-29T10:20:00+00:00,15422.51,15427.01,15422.01,15425.490000000002,90
2026-06-29T10:25:00+00:00,15425.490000000002,15425.500000000002,15416.490000000002,15421.500000000002,80
2026-06-29T10:30:00+00:00,15421.500000000002,15422.51,15419.01,15421.490000000002,48
2026-06-29T10:35:00+00:00,15421.490000000002,15427.51,15420.990000000002,15427.01,76
2026-06-29T10:40:00+00:00,15427.01,15427.01,15420.490000000002,15424.51,59
2026-06-29T10:45:00+00:00,15424.51,15424.51,15418.490000000002,15423.51,95
2026-06-29T10:50:00+00:00,15423.51,15427.01,15422.490000000002,15425.500000000002,59
2026-06-29T10:55:00+00:00,15425.500000000002,15427.500000000002,15425.01,15425.490000000002,54
2026-06-29T11:00:00+00:00,15425.490000000002,15428.490000000002,15424.490000000002,15426.490000000002,95
2026-06-29T11:05:00+00:00,15426.490000000002,15427.000000000002,15421.490000000002,15421.490000000002,43
2026-06-29T11:10:00+00:00,15421.490000000002,15423.500000000002,15416.500000000002,15416.500000000002,27
2026-06-29T11:15:00+00:00,15416.500000000002,15418.51,15413.490000000002,15413.490000000002,37
2026-06-29T11:20:00+00:00,15413.490000000002,15415.51,15407.000000000002,15413.000000000002,55
2026-06-29T11:25:00+00:00,15413.000000000002,15414.51,15412.490000000002,15413.000000000002,33
2026-06-29T11:30:00+00:00,15413.000000000002,15423.51,15411.490000000002,15416.490000000002,276
2026-06-29T11:35:00+00:00,15416.490000000002,15418.51,15413.500000000002,15413.500000000002,81
2026-06-29T11:40:00+00:00,15413.500000000002,15419.51,15412.990000000002,15416.490000000002,64
2026-06-29T11:45:00+00:00,15416.490000000002,15421.490000000002,15416.490000000002,15419.51,72
2026-06-29T11:50:00+00:00,15419.51,15425.000000000002,15419.000000000002,15421.51,63
2026-06-29T11:55:00+00:00,15421.51,15425.51,15420.51,15424.000000000002,82
2026-06-29T12:00:00+00:00,15424.000000000002,15426.51,15418.490000000002,15423.500000000002,70
2026-06-29T12:05:00+00:00,15423.500000000002,15423.500000000002,15415.51,15416.01,72
2026-06-29T12:10:00+00:00,15416.01,15422.51,15415.490000000002,15418.490000000002,78
2026-06-29T12:15:00+00:00,15418.490000000002,15420.500000000002,15400.51,15404.000000000002,191
2026-06-29T12:20:00+00:00,15404.000000000002,15406.500000000002,15396.990000000002,15401.490000000002,207
2026-06-29T12:25:00+00:00,15401.490000000002,15403.490000000002,15396.490000000002,15397.51,126
2026-06-29T12:30:00+00:00,15397.51,15404.51,15397.01,15403.51,77
2026-06-29T12:35:00+00:00,15403.51,15407.51,15386.490000000002,15389.01,190
2026-06-29T12:40:00+00:00,15389.01,15390.01,15363.51,15381.500000000002,500
2026-06-29T12:45:00+00:00,15381.500000000002,15388.51,15371.500000000002,15381.51,263
2026-06-29T12:50:00+00:00,15381.51,15394.000000000002,15377.500000000002,15389.51,189
2026-06-29T12:55:00+00:00,15389.51,15395.000000000002,15389.51,15393.51,107
2026-06-29T13:00:00+00:00,15393.51,15400.51,15393.500000000002,15399.500000000002,127
2026-06-29T13:05:00+00:00,15399.500000000002,15401.51,15398.490000000002,15398.990000000002,65
2026-06-29T13:10:00+00:00,15398.990000000002,15401.490000000002,15397.490000000002,15398.490000000002,68
2026-06-29T13:15:00+00:00,15398.490000000002,15398.490000000002,15395.490000000002,15395.490000000002,56
2026-06-29T13:20:00+00:00,15395.490000000002,15395.490000000002,15387.490000000002,15389.51,104
2026-06-29T13:25:00+00:00,15389.51,15393.51,15388.490000000002,15391.51,99
2026-06-29T13:30:00+00:00,15391.51,15411.490000000002,15388.490000000002,15407.500000000002,935
2026-06-29T13:35:00+00:00,15407.500000000002,15409.500000000002,15397.490000000002,15404.51,538
2026-06-29T13:40:00+00:00,15404.51,15428.01,15401.490000000002,15426.51,459
2026-06-29T13:45:00+00:00,15426.51,15430.51,15420.490000000002,15423.500000000002,393
2026-06-29T13:50:00+00:00,15423.500000000002,15429.01,15412.490000000002,15412.500000000002,415
2026-06-29T13:55:00+00:00,15412.500000000002,15414.490000000002,15393.01,15400.490000000002,709
2026-06-29T14:00:00+00:00,15400.490000000002,15404.51,15393.490000000002,15396.51,622
2026-06-29T14:05:00+00:00,15396.51,15398.51,15387.51,15393.990000000002,596
2026-06-29T14:10:00+00:00,15393.990000000002,15396.490000000002,15372.51,15373.000000000002,649
2026-06-29T14:15:00+00:00,15373.000000000002,15386.51,15369.51,15383.490000000002,1021
2026-06-29T14:20:00+00:00,15383.490000000002,15395.51,15379.490000000002,15392.990000000002,561
2026-06-29T14:25:00+00:00,15392.990000000002,15414.51,15392.990000000002,15411.490000000002,351
2026-06-29T14:30:00+00:00,15411.490000000002,15421.51,15408.490000000002,15417.500000000002,412
2026-06-29T14:35:00+00:00,15417.500000000002,15419.51,15410.490000000002,15410.490000000002,392
2026-06-29T14:40:00+00:00,15410.490000000002,15415.51,15408.500000000002,15410.01,352
2026-06-29T14:45:00+00:00,15410.01,15410.01,15398.490000000002,15406.500000000002,376
2026-06-29T14:50:00+00:00,15406.500000000002,15422.51,15406.500000000002,15421.490000000002,296
2026-06-29T14:55:00+00:00,15421.490000000002,15422.51,15415.490000000002,15420.01,275
2026-06-29T15:00:00+00:00,15420.01,15421.51,15412.500000000002,15414.490000000002,298
2026-06-29T15:05:00+00:00,15414.490000000002,15418.51,15412.490000000002,15416.990000000002,327
2026-06-29T15:10:00+00:00,15416.990000000002,15418.490000000002,15411.01,15417.490000000002,285
2026-06-29T15:15:00+00:00,15417.490000000002,15421.51,15413.490000000002,15413.990000000002,151
2026-06-29T15:20:00+00:00,15413.990000000002,15416.51,15410.490000000002,15413.490000000002,230
2026-06-29T15:25:00+00:00,15413.490000000002,15420.51,15411.490000000002,15420.51,288
2026-06-29T15:30:00+00:00,15420.51,15426.51,15418.490000000002,15419.490000000002,239
2026-06-29T15:35:00+00:00,15419.490000000002,15423.500000000002,15416.490000000002,15423.500000000002,233
2026-06-29T15:40:00+00:00,15423.500000000002,15425.990000000002,15419.500000000002,15425.990000000002,137
2026-06-29T15:45:00+00:00,15425.990000000002,15428.51,15424.490000000002,15425.500000000002,161
2026-06-29T15:50:00+00:00,15425.500000000002,15432.490000000002,15425.490000000002,15432.000000000002,147
2026-06-29T15:55:00+00:00,15432.000000000002,15435.51,15428.500000000002,15435.01,166
2026-06-29T16:00:00+00:00,15435.01,15446.500000000002,15434.490000000002,15444.500000000002,192
2026-06-29T16:05:00+00:00,15444.500000000002,15447.51,15442.490000000002,15443.990000000002,146
2026-06-29T16:10:00+00:00,15443.990000000002,15446.990000000002,15442.500000000002,15445.51,126
2026-06-29T16:15:00+00:00,15445.51,15446.51,15442.500000000002,15444.500000000002,153
2026-06-29T16:20:00+00:00,15444.500000000002,15448.51,15443.490000000002,15448.51,116
2026-06-29T16:25:00+00:00,15448.51,15448.51,15445.490000000002,15447.500000000002,80
2026-06-29T16:30:00+00:00,15447.500000000002,15448.51,15441.490000000002,15443.500000000002,93
2026-06-29T16:35:00+00:00,15443.500000000002,15447.51,15442.500000000002,15447.01,86
2026-06-29T16:40:00+00:00,15447.01,15455.51,15447.01,15455.01,99
2026-06-29T16:45:00+00:00,15455.01,15460.490000000002,15454.000000000002,15460.490000000002,87
2026-06-29T16:50:00+00:00,15460.490000000002,15467.51,15459.490000000002,15465.990000000002,96
2026-06-29T16:55:00+00:00,15465.990000000002,15471.500000000002,15464.500000000002,15465.490000000002,83
2026-06-29T17:00:00+00:00,15465.490000000002,15470.51,15464.500000000002,15468.490000000002,83
2026-06-29T17:05:00+00:00,15468.490000000002,15470.51,15465.490000000002,15468.500000000002,59
2026-06-29T17:10:00+00:00,15468.500000000002,15474.500000000002,15467.490000000002,15473.01,94
2026-06-29T17:15:00+00:00,15473.01,15477.500000000002,15471.000000000002,15476.01,106
2026-06-29T17:20:00+00:00,15476.01,15476.01,15470.51,15471.490000000002,80
2026-06-29T17:25:00+00:00,15471.490000000002,15477.51,15470.51,15477.51,61
2026-06-29T17:30:00+00:00,15477.51,15478.51,15469.990000000002,15472.01,79
2026-06-29T17:35:00+00:00,15472.01,15473.51,15470.490000000002,15472.500000000002,42
2026-06-29T17:40:00+00:00,15472.500000000002,15477.51,15471.500000000002,15474.500000000002,42
2026-06-29T17:45:00+00:00,15474.500000000002,15477.51,15471.500000000002,15474.990000000002,80
2026-06-29T17:50:00+00:00,15474.990000000002,15481.500000000002,15474.500000000002,15478.500000000002,60
2026-06-29T17:55:00+00:00,15478.500000000002,15479.000000000002,15474.500000000002,15476.51,65
2026-06-29T18:00:00+00:00,15476.51,15481.500000000002,15474.500000000002,15477.500000000002,97
2026-06-29T18:05:00+00:00,15477.500000000002,15481.51,15477.490000000002,15481.51,89
2026-06-29T18:10:00+00:00,15481.51,15482.51,15478.500000000002,15481.01,59
2026-06-29T18:15:00+00:00,15481.01,15481.51,15476.490000000002,15477.51,85
2026-06-29T18:20:00+00:00,15477.51,15479.51,15475.500000000002,15478.500000000002,59
2026-06-29T18:25:00+00:00,15478.500000000002,15478.500000000002,15473.51,15475.01,69
2026-06-29T18:30:00+00:00,15475.01,15477.990000000002,15472.490000000002,15477.490000000002,80
2026-06-29T18:35:00+00:00,15477.490000000002,15479.51,15476.490000000002,15479.490000000002,39
2026-06-29T18:40:00+00:00,15479.490000000002,15483.500000000002,15479.01,15483.500000000002,29
2026-06-29T18:45:00+00:00,15483.500000000002,15484.51,15482.490000000002,15483.990000000002,73
2026-06-29T18:50:00+00:00,15483.990000000002,15484.51,15480.000000000002,15481.01,35
2026-06-29T18:55:00+00:00,15481.01,15481.51,15477.01,15478.000000000002,56
2026-06-29T19:00:00+00:00,15478.000000000002,15479.500000000002,15470.490000000002,15470.490000000002,84
2026-06-29T19:05:00+00:00,15470.490000000002,15473.490000000002,15468.000000000002,15472.51,79
2026-06-29T19:10:00+00:00,15472.51,15473.51,15470.490000000002,15470.51,80
2026-06-29T19:15:00+00:00,15470.51,15475.490000000002,15470.490000000002,15474.500000000002,44
2026-06-29T19:20:00+00:00,15474.500000000002,15479.500000000002,15474.490000000002,15478.51,28.87251954299459
2026-06-29T19:25:00+00:00,15478.51,15480.490000000002,15477.490000000002,15477.500000000002,30
2026-06-29T19:30:00+00:00,15477.500000000002,15477.990000000002,15474.490000000002,15475.990000000002,34
2026-06-29T19:35:00+00:00,15475.990000000002,15477.500000000002,15471.990000000002,15474.51,30
2026-06-29T19:40:00+00:00,15474.51,15475.51,15472.000000000002,15475.51,28
2026-06-29T19:45:00+00:00,15475.51,15478.490000000002,15473.490000000002,15477.51,39
2026-06-29T19:50:00+00:00,15477.51,15478.51,15471.500000000002,15473.990000000002,108
2026-06-29T19:55:00+00:00,15473.990000000002,15479.500000000002,15473.990000000002,15477.000000000002,86
2026-06-29T20:00:00+00:00,15477.000000000002,15478.490000000002,15473.490000000002,15478.01,35
2026-06-29T20:05:00+00:00,15478.01,15478.01,15476.990000000002,15478.000000000002,9.896778916544656
2026-06-29T20:10:00+00:00,15478.000000000002,15481.500000000002,15478.000000000002,15480.01,24
2026-06-29T20:15:00+00:00,15480.01,15480.01,15478.490000000002,15479.000000000002,11.799691833590138
2026-06-29T20:20:00+00:00,15479.000000000002,15479.51,15477.490000000002,15479.490000000002,17.738429427843222
2026-06-29T20:25:00+00:00,15479.490000000002,15479.490000000002,15477.490000000002,15477.500000000002,14
2026-06-29T20:30:00+00:00,15477.500000000002,15477.51,15476.490000000002,15476.500000000002,18
2026-06-29T20:35:00+00:00,15476.500000000002,15476.500000000002,15475.490000000002,15475.990000000002,8.887776243093922
2026-06-29T20:40:00+00:00,15475.990000000002,15476.01,15475.000000000002,15475.51,10.94394213381555
2026-06-30T01:00:00+00:00,15475.51,15476.01,15387.42,15400.42,440.82479552303056
2026-06-30T01:05:00+00:00,15400.42,15403.43,15383.910000000002,15389.92,353
2026-06-30T01:10:00+00:00,15389.92,15396.43,15370.93,15378.42,309
2026-06-30T01:15:00+00:00,15378.42,15396.92,15366.42,15394.410000000002,885
2026-06-30T01:20:00+00:00,15394.410000000002,15399.93,15361.93,15372.910000000002,977
2026-06-30T01:25:00+00:00,15372.910000000002,15410.92,15372.910000000002,15404.42,992
2026-06-30T01:30:00+00:00,15404.42,15461.910000000002,15372.42,15424.92,6484
2026-06-30T01:35:00+00:00,15424.92,15476.43,15418.92,15436.43,4618
2026-06-30T01:40:00+00:00,15436.43,15465.93,15407.910000000002,15462.42,4968
2026-06-30T01:45:00+00:00,15462.42,15489.42,15445.42,15475.910000000002,3878
2026-06-30T01:50:00+00:00,15475.910000000002,15497.93,15457.910000000002,15477.910000000002,3373
2026-06-30T01:55:00+00:00,15477.910000000002,15488.93,15433.410000000002,15462.92,3410
2026-06-30T02:00:00+00:00,15462.92,15470.43,15442.42,15459.92,3018
2026-06-30T02:05:00+00:00,15459.92,15481.43,15459.42,15472.43,2805
2026-06-30T02:10:00+00:00,15472.43,15477.93,15437.92,15466.43,2657
2026-06-30T02:15:00+00:00,15466.43,15471.93,15420.43,15420.43,2346
2026-06-30T02:20:00+00:00,15420.43,15446.93,15413.42,15415.910000000002,2306
2026-06-30T02:25:00+00:00,15415.910000000002,15464.43,15406.410000000002,15458.92,1907
2026-06-30T02:30:00+00:00,15458.92,15501.410000000002,15455.910000000002,15495.92,1895
2026-06-30T02:35:00+00:00,15495.92,15497.92,15458.92,15489.93,2046
2026-06-30T02:40:00+00:00,15489.93,15513.93,15486.410000000002,15495.410000000002,1965
2026-06-30T02:45:00+00:00,15495.410000000002,15501.93,15469.910000000002,15498.910000000002,2057
2026-06-30T02:50:00+00:00,15498.910000000002,15511.410000000002,15492.910000000002,15498.92,1652
2026-06-30T02:55:00+00:00,15498.92,15517.92,15473.93,15474.92,1825
2026-06-30T03:00:00+00:00,15474.92,15515.93,15473.43,15510.92,2053
2026-06-30T03:05:00+00:00,15510.92,15535.43,15504.43,15520.910000000002,1820
2026-06-30T03:10:00+00:00,15520.910000000002,15530.410000000002,15503.910000000002,15523.92,1418
2026-06-30T03:15:00+00:00,15523.92,15583.93,15520.42,15579.43,1625
2026-06-30T03:20:00+00:00,15579.43,15616.43,15575.43,15587.93,1881
2026-06-30T03:25:00+00:00,15587.93,15595.93,15559.93,15584.93,2240
2026-06-30T03:30:00+00:00,15584.93,15597.910000000002,15567.42,15569.410000000002,723
2026-06-30T03:35:00+00:00,15569.410000000002,15586.93,15565.93,15583.910000000002,215
2026-06-30T03:40:00+00:00,15583.910000000002,15589.43,15579.410000000002,15582.43,194
2026-06-30T03:45:00+00:00,15582.43,15582.93,15575.410000000002,15580.42,119
2026-06-30T03:50:00+00:00,15580.42,15584.93,15578.93,15580.42,68
2026-06-30T03:55:00+00:00,15580.42,15583.43,15576.410000000002,15580.93,60
2026-06-30T04:00:00+00:00,15580.93,15588.92,15580.93,15587.93,46
2026-06-30T04:05:00+00:00,15587.93,15589.43,15584.410000000002,15584.410000000002,35.97042771019869
2026-06-30T04:10:00+00:00,15584.410000000002,15584.410000000002,15577.410000000002,15578.910000000002,40
2026-06-30T04:15:00+00:00,15578.910000000002,15579.92,15576.93,15577.910000000002,19
2026-06-30T04:20:00+00:00,15577.910000000002,15578.92,15575.42,15578.43,39
2026-06-30T04:25:00+00:00,15578.43,15579.93,15577.910000000002,15578.93,24
2026-06-30T04:30:00+00:00,15578.93,15578.93,15576.410000000002,15578.93,38
2026-06-30T04:35:00+00:00,15578.93,15590.93,15578.93,15588.43,51
2026-06-30T04:40:00+00:00,15588.43,15593.910000000002,15587.410000000002,15592.42,35
2026-06-30T04:45:00+00:00,15592.42,15594.93,15590.92,15594.410000000002,41
2026-06-30T04:50:00+00:00,15594.410000000002,15594.410000000002,15585.93,15585.93,56
2026-06-30T04:55:00+00:00,15585.93,15586.93,15575.910000000002,15576.43,91
2026-06-30T05:00:00+00:00,15576.43,15602.43,15549.910000000002,15557.910000000002,3107
2026-06-30T05:05:00+00:00,15557.910000000002,15570.93,15539.410000000002,15552.910000000002,2369
2026-06-30T05:10:00+00:00,15552.910000000002,15565.43,15513.910000000002,15536.93,2202
2026-06-30T05:15:00+00:00,15536.93,15547.92,15518.93,15520.93,1882
2026-06-30T05:20:00+00:00,15520.93,15534.92,15514.910000000002,15533.910000000002,1727
2026-06-30T05:25:00+00:00,15533.910000000002,15541.43,15509.42,15530.42,1959
2026-06-30T05:30:00+00:00,15530.42,15557.43,15526.910000000002,15534.93,2007
2026-06-30T05:35:00+00:00,15534.93,15542.410000000002,15525.410000000002,15539.910000000002,1680
2026-06-30T05:40:00+00:00,15539.910000000002,15585.43,15537.42,15539.92,2309
2026-06-30T05:45:00+00:00,15539.92,15575.93,15538.410000000002,15558.93,2264
2026-06-30T05:50:00+00:00,15558.93,15564.93,15542.92,15549.910000000002,1836
2026-06-30T05:55:00+00:00,15549.910000000002,15550.43,15528.93,15547.92,1393
2026-06-30T06:00:00+00:00,15547.92,15581.93,15545.410000000002,15550.93,1854
2026-06-30T06:05:00+00:00,15550.93,15564.43,15541.910000000002,15553.42,1601
2026-06-30T06:10:00+00:00,15553.42,15554.92,15524.910000000002,15537.43,1399
2026-06-30T06:15:00+00:00,15537.43,15544.93,15524.410000000002,15544.93,1200
2026-06-30T06:20:00+00:00,15544.93,15545.93,15514.910000000002,15515.910000000002,1260
2026-06-30T06:25:00+00:00,15515.910000000002,15536.92,15507.410000000002,15530.43,1376
2026-06-30T06:30:00+00:00,15530.43,15558.42,15529.910000000002,15556.910000000002,1264
2026-06-30T06:35:00+00:00,15556.910000000002,15573.93,15526.410000000002,15537.93,1318
2026-06-30T06:40:00+00:00,15537.93,15559.93,15536.42,15554.93,1165
2026-06-30T06:45:00+00:00,15554.93,15573.43,15539.910000000002,15570.43,1275
2026-06-30T06:50:00+00:00,15570.43,15589.92,15565.910000000002,15573.42,1523
2026-06-30T06:55:00+00:00,15573.42,15577.93,15560.410000000002,15561.92,1041
2026-06-30T07:00:00+00:00,15561.92,15570.42,15553.910000000002,15569.42,662
2026-06-30T07:05:00+00:00,15569.42,15581.93,15568.93,15571.910000000002,328
2026-06-30T07:10:00+00:00,15571.910000000002,15578.410000000002,15567.410000000002,15568.93,248
2026-06-30T07:15:00+00:00,15568.93,15578.93,15568.42,15573.43,111
2026-06-30T07:20:00+00:00,15573.43,15582.92,15571.410000000002,15581.910000000002,127
2026-06-30T07:25:00+00:00,15581.910000000002,15588.92,15580.42,15580.93,133
2026-06-30T07:30:00+00:00,15580.93,15584.43,15578.92,15583.92,154
2026-06-30T07:35:00+00:00,15583.92,15591.93,15582.42,15586.43,175
2026-06-30T07:40:00+00:00,15586.43,15591.93,15585.410000000002,15588.910000000002,130
2026-06-30T07:45:00+00:00,15588.910000000002,15590.42,15582.93,15585.92,182
2026-06-30T07:50:00+00:00,15585.92,15586.910000000002,15577.910000000002,15580.92,175
2026-06-30T07:55:00+00:00,15580.92,15586.410000000002,15580.92,15582.92,196
2026-06-30T08:00:00+00:00,15582.92,15591.410000000002,15578.910000000002,15581.910000000002,265
2026-06-30T08:05:00+00:00,15581.910000000002,15583.93,15575.910000000002,15580.92,219
2026-06-30T08:10:00+00:00,15580.92,15583.92,15576.92,15577.92,178
2026-06-30T08:15:00+00:00,15577.92,15582.42,15574.410000000002,15582.42,135
2026-06-30T08:20:00+00:00,15582.42,15587.910000000002,15580.910000000002,15586.42,60
2026-06-30T08:25:00+00:00,15586.42,15589.410000000002,15582.92,15588.910000000002,172
2026-06-30T09:00:00+00:00,15588.910000000002,15588.910000000002,15567.93,15576.93,199.014783074451
2026-06-30T09:05:00+00:00,15576.93,15580.43,15576.93,15578.43,43
2026-06-30T09:10:00+00:00,15578.43,15580.410000000002,15575.410000000002,15575.93,61
2026-06-30T09:15:00+00:00,15575.93,15581.910000000002,15573.92,15581.910000000002,132
2026-06-30T09:20:00+00:00,15581.910000000002,15583.92,15580.910000000002,15581.92,75
2026-06-30T09:25:00+00:00,15581.92,15588.92,15581.92,15586.92,91
2026-06-30T09:30:00+00:00,15586.92,15586.93,15580.42,15586.910000000002,100
2026-06-30T09:35:00+00:00,15586.910000000002,15595.92,15586.910000000002,15592.93,91
2026-06-30T09:40:00+00:00,15592.93,15592.93,15588.92,15590.910000000002,45
2026-06-30T09:45:00+00:00,15590.910000000002,15594.93,15588.910000000002,15592.910000000002,82
2026-06-30T09:50:00+00:00,15592.910000000002,15599.93,15591.410000000002,15599.93,99
2026-06-30T09:55:00+00:00,15599.93,15606.93,15599.43,15603.92,82
2026-06-30T10:00:00+00:00,15603.92,15604.43,15598.93,15601.93,70
2026-06-30T10:05:00+00:00,15601.93,15605.92,15601.93,15603.93,20
2026-06-30T10:10:00+00:00,15603.93,15603.93,15595.92,15598.92,85
2026-06-30T10:15:00+00:00,15598.92,15600.93,15594.910000000002,15600.92,72
2026-06-30T10:20:00+00:00,15600.92,15601.93,15598.910000000002,15600.910000000002,77
2026-06-30T10:25:00+00:00,15600.910000000002,15603.93,15597.93,15600.92,45
2026-06-30T10:30:00+00:00,15600.92,15601.93,15597.910000000002,15598.92,34
2026-06-30T10:35:00+00:00,15598.92,15599.93,15596.93,15597.93,42
2026-06-30T10:40:00+00:00,15597.93,15601.93,15597.910000000002,15600.93,31
2026-06-30T10:45:00+00:00,15600.93,15601.93,15598.910000000002,15600.93,72
2026-06-30T10:50:00+00:00,15600.93,15604.93,15599.92,15603.910000000002,103
2026-06-30T10:55:00+00:00,15603.910000000002,15607.92,15603.410000000002,15605.93,50
2026-06-30T11:00:00+00:00,15605.93,15606.42,15598.910000000002,15603.92,64
2026-06-30T11:05:00+00:00,15603.92,15605.93,15600.910000000002,15600.93,51
2026-06-30T11:10:00+00:00,15600.93,15601.93,15598.910000000002,15601.93,51
2026-06-30T11:15:00+00:00,15601.93,15602.92,15600.92,15601.910000000002,32
2026-06-30T11:20:00+00:00,15601.910000000002,15602.92,15597.92,15597.92,37
2026-06-30T11:25:00+00:00,15597.92,15597.93,15595.910000000002,15597.42,50
2026-06-30T11:30:00+00:00,15597.42,15601.92,15593.910000000002,15593.93,73
2026-06-30T11:35:00+00:00,15593.93,15595.92,15591.910000000002,15593.93,58
2026-06-30T11:40:00+00:00,15593.93,15598.93,15593.910000000002,15597.92,41
2026-06-30T11:45:00+00:00,15597.92,15599.910000000002,15596.92,15597.92,38
2026-06-30T11:50:00+00:00,15597.92,15598.92,15595.42,15597.93,48
2026-06-30T11:55:00+00:00,15597.93,15597.93,15594.910000000002,15595.93,21
2026-06-30T12:00:00+00:00,15595.93,15597.93,15589.910000000002,15590.93,88
2026-06-30T12:05:00+00:00,15590.93,15592.410000000002,15588.910000000002,15592.410000000002,91
2026-06-30T12:10:00+00:00,15592.410000000002,15592.410000000002,15587.43,15587.43,37
2026-06-30T12:15:00+00:00,15587.43,15591.93,15585.410000000002,15591.93,61
2026-06-30T12:20:00+00:00,15591.93,15593.93,15588.410000000002,15593.910000000002,61
2026-06-30T12:25:00+00:00,15593.910000000002,15598.93,15590.910000000002,15592.92,103
2026-06-30T12:30:00+00:00,15592.92,15593.93,15588.910000000002,15592.92,100
2026-06-30T12:35:00+00:00,15592.92,15596.93,15592.92,15595.43,76
2026-06-30T12:40:00+00:00,15595.43,15599.93,15593.92,15598.92,39
2026-06-30T12:45:00+00:00,15598.92,15599.93,15596.42,15597.93,48
2026-06-30T12:50:00+00:00,15597.93,15599.93,15596.42,15598.43,37
2026-06-30T12:55:00+00:00,15598.43,15598.93,15592.43,15592.43,99
2026-06-30T13:00:00+00:00,15592.43,15596.910000000002,15590.910000000002,15591.93,93
2026-06-30T13:05:00+00:00,15591.93,15595.93,15590.910000000002,15595.910000000002,44
2026-06-30T13:10:00+00:00,15595.910000000002,15599.93,15594.92,15594.92,48
2026-06-30T13:15:00+00:00,15594.92,15598.93,15594.92,15598.410000000002,67
2026-06-30T13:20:00+00:00,15598.410000000002,15599.93,15593.92,15593.92,53
2026-06-30T13:25:00+00:00,15593.92,15600.910000000002,15593.910000000002,15596.910000000002,93
2026-06-30T13:30:00+00:00,15596.910000000002,15598.92,15582.910000000002,15589.92,415
2026-06-30T13:35:00+00:00,15589.92,15596.92,15586.93,15589.43,345
2026-06-30T13:40:00+00:00,15589.43,15596.93,15587.910000000002,15595.410000000002,324
2026-06-30T13:45:00+00:00,15595.410000000002,15602.93,15594.910000000002,15594.92,332
2026-06-30T13:50:00+00:00,15594.92,15603.93,15593.43,15594.910000000002,292
2026-06-30T13:55:00+00:00,15594.910000000002,15602.43,15588.910000000002,15602.43,264
2026-06-30T14:00:00+00:00,15602.43,15605.93,15595.43,15605.42,402
2026-06-30T14:05:00+00:00,15605.42,15617.93,15604.910000000002,15616.93,218
2026-06-30T14:10:00+00:00,15616.93,15629.92,15615.910000000002,15627.93,290
2026-06-30T14:15:00+00:00,15627.93,15632.92,15624.910000000002,15630.92,282
2026-06-30T14:20:00+00:00,15630.92,15632.42,15624.410000000002,15630.910000000002,159
2026-06-30T14:25:00+00:00,15630.910000000002,15633.93,15626.910000000002,15628.910000000002,225
2026-06-30T14:30:00+00:00,15628.910000000002,15634.43,15626.92,15633.910000000002,130
2026-06-30T14:35:00+00:00,15633.910000000002,15634.92,15619.910000000002,15623.93,169
2026-06-30T14:40:00+00:00,15623.93,15628.93,15622.910000000002,15626.410000000002,135
2026-06-30T14:45:00+00:00,15626.410000000002,15626.43,15617.92,15618.910000000002,158
2026-06-30T14:50:00+00:00,15618.910000000002,15626.93,15616.910000000002,15619.93,191
2026-06-30T14:55:00+00:00,15619.93,15619.93,15611.93,15614.42,179
2026-06-30T15:00:00+00:00,15614.42,15628.93,15614.42,15625.410000000002,159
2026-06-30T15:05:00+00:00,15625.410000000002,15627.43,15620.910000000002,15626.42,176
2026-06-30T15:10:00+00:00,15626.42,15630.92,15625.910000000002,15627.910000000002,120
2026-06-30T15:15:00+00:00,15627.910000000002,15627.93,15619.910000000002,15620.42,103
2026-06-30T15:20:00+00:00,15620.42,15623.92,15619.910000000002,15621.910000000002,137
2026-06-30T15:25:00+00:00,15621.910000000002,15624.93,15618.910000000002,15622.92,196
2026-06-30T15:30:00+00:00,15622.92,15634.410000000002,15618.910000000002,15634.410000000002,151
2026-06-30T15:35:00+00:00,15634.410000000002,15634.93,15624.910000000002,15626.93,130
2026-06-30T15:40:00+00:00,15626.93,15628.910000000002,15624.910000000002,15626.92,101
2026-06-30T15:45:00+00:00,15626.92,15630.43,15626.92,15628.410000000002,92
2026-06-30T15:50:00+00:00,15628.410000000002,15628.93,15625.910000000002,15626.410000000002,79
2026-06-30T15:55:00+00:00,15626.410000000002,15626.93,15623.410000000002,15623.93,69
2026-06-30T16:00:00+00:00,15623.93,15626.92,15622.92,15625.43,120
2026-06-30T16:05:00+00:00,15625.43,15628.93,15624.410000000002,15625.93,78
2026-06-30T16:10:00+00:00,15625.93,15627.42,15623.910000000002,15626.92,64
2026-06-30T16:15:00+00:00,15626.92,15629.93,15624.910000000002,15626.910000000002,99
2026-06-30T16:20:00+00:00,15626.910000000002,15627.93,15625.910000000002,15627.42,61
2026-06-30T16:25:00+00:00,15627.42,15629.93,15625.910000000002,15625.910000000002,65
2026-06-30T16:30:00+00:00,15625.910000000002,15626.93,15623.910000000002,15624.410000000002,56
2026-06-30T16:35:00+00:00,15624.410000000002,15624.93,15623.910000000002,15624.42,43
2026-06-30T16:40:00+00:00,15624.42,15627.93,15623.92,15627.93,42
2026-06-30T16:45:00+00:00,15627.93,15634.910000000002,15626.910000000002,15634.42,85
2026-06-30T16:50:00+00:00,15634.42,15637.910000000002,15630.93,15634.43,63
2026-06-30T16:55:00+00:00,15634.43,15634.43,15628.92,15628.92,39
2026-06-30T17:00:00+00:00,15628.92,15632.92,15627.92,15632.42,46
2026-06-30T17:05:00+00:00,15632.42,15632.42,15629.93,15629.93,24
2026-06-30T17:10:00+00:00,15629.93,15629.93,15624.910000000002,15625.93,56
2026-06-30T17:15:00+00:00,15625.93,15628.93,15625.910000000002,15628.410000000002,51
2026-06-30T17:20:00+00:00,15628.410000000002,15629.93,15627.410000000002,15627.910000000002,30
2026-06-30T17:25:00+00:00,15627.910000000002,15628.93,15626.410000000002,15626.910000000002,25
2026-06-30T17:30:00+00:00,15626.910000000002,15627.93,15623.910000000002,15626.410000000002,35
2026-06-30T17:35:00+00:00,15626.410000000002,15627.42,15625.910000000002,15626.92,22
2026-06-30T17:40:00+00:00,15626.92,15629.93,15625.910000000002,15629.910000000002,60
2026-06-30T17:45:00+00:00,15629.910000000002,15629.93,15627.910000000002,15628.93,33
2026-06-30T17:50:00+00:00,15628.93,15629.93,15627.93,15628.92,41
2026-06-30T17:55:00+00:00,15628.92,15630.93,15628.43,15629.410000000002,30
2026-06-30T18:00:00+00:00,15629.410000000002,15631.93,15628.910000000002,15630.92,51
2026-06-30T18:05:00+00:00,15630.92,15631.93,15628.42,15631.92,47
2026-06-30T18:10:00+00:00,15631.92,15632.93,15629.910000000002,15630.93,21
2026-06-30T18:15:00+00:00,15630.93,15631.93,15629.910000000002,15631.910000000002,27
2026-06-30T18:20:00+00:00,15631.910000000002,15634.910000000002,15631.910000000002,15632.92,18
2026-06-30T18:25:00+00:00,15632.92,15632.92,15629.910000000002,15631.93,44
2026-06-30T18:30:00+00:00,15631.93,15632.410000000002,15629.92,15630.93,29
2026-06-30T18:35:00+00:00,15630.93,15631.93,15627.910000000002,15629.910000000002,41
2026-06-30T18:40:00+00:00,15629.910000000002,15631.93,15628.43,15631.93,48
2026-06-30T18:45:00+00:00,15631.93,15635.92,15631.410000000002,15634.92,36.38940092165899
2026-06-30T18:50:00+00:00,15634.92,15636.910000000002,15633.910000000002,15636.43,37
2026-06-30T18:55:00+00:00,15636.43,15637.92,15634.910000000002,15635.92,55
2026-06-30T19:00:00+00:00,15635.92,15636.93,15634.910000000002,15634.92,29
2026-06-30T19:05:00+00:00,15634.92,15636.93,15632.910000000002,15633.910000000002,36
2026-06-30T19:10:00+00:00,15633.910000000002,15635.92,15632.92,15635.92,40
2026-06-30T19:15:00+00:00,15635.92,15638.410000000002,15634.93,15634.93,34
2026-06-30T19:20:00+00:00,15634.93,15635.93,15633.910000000002,15634.43,34
2026-06-30T19:25:00+00:00,15634.43,15634.93,15630.92,15631.93,26
2026-06-30T19:30:00+00:00,15631.93,15632.93,15630.910000000002,15630.92,56
2026-06-30T19:35:00+00:00,15630.92,15631.910000000002,15628.410000000002,15630.93,37
2026-06-30T19:40:00+00:00,15630.93,15631.93,15627.910000000002,15630.92,43
2026-06-30T19:45:00+00:00,15630.92,15631.93,15628.910000000002,15629.42,49
2026-06-30T19:50:00+00:00,15629.42,15629.92,15625.910000000002,15628.93,82
2026-06-30T19:55:00+00:00,15628.93,15634.93,15625.92,15628.43,104
2026-06-30T20:00:00+00:00,15628.43,15629.43,15621.910000000002,15628.42,48
2026-06-30T20:05:00+00:00,15628.42,15629.93,15627.910000000002,15629.93,12
2026-06-30T20:10:00+00:00,15629.93,15629.93,15624.92,15625.93,18
2026-06-30T20:15:00+00:00,15625.93,15626.93,15624.910000000002,15626.43,13
2026-06-30T20:20:00+00:00,15626.43,15626.43,15623.910000000002,15623.910000000002,14
2026-06-30T20:25:00+00:00,15623.910000000002,15624.42,15622.92,15623.410000000002,12.443735035913807
2026-06-30T20:30:00+00:00,15623.410000000002,15623.42,15621.910000000002,15621.92,10
2026-06-30T20:35:00+00:00,15621.92,15621.92,15618.93,15618.93,13
2026-06-30T20:40:00+00:00,15618.93,15618.93,15615.910000000002,15616.42,13
2026-07-01T01:00:00+00:00,15616.42,15630.42,15613.900000000001,15617.900000000001,203.01552575864503
2026-07-01T01:05:00+00:00,15617.900000000001,15625.910000000002,15608.92,15619.410000000002,277
2026-07-01T01:10:00+00:00,15619.410000000002,15630.92,15601.910000000002,15609.92,389
2026-07-01T01:15:00+00:00,15609.92,15610.910000000002,15586.92,15590.900000000001,870
2026-07-01T01:20:00+00:00,15590.900000000001,15595.92,15570.910000000002,15575.92,859
2026-07-01T01:25:00+00:00,15575.92,15582.92,15550.900000000001,15563.900000000001,598
2026-07-01T01:30:00+00:00,15563.900000000001,15599.92,15517.400000000001,15548.42,4118
2026-07-01T01:35:00+00:00,15548.42,15558.92,15494.400000000001,15496.92,2581
2026-07-01T01:40:00+00:00,15496.92,15514.410000000002,15465.400000000001,15493.910000000002,2676
2026-07-01T01:45:00+00:00,15493.910000000002,15507.410000000002,15442.900000000001,15458.92,2361
2026-07-01T01:50:00+00:00,15458.92,15481.92,15449.400000000001,15460.900000000001,2059
2026-07-01T01:55:00+00:00,15460.900000000001,15464.400000000001,15414.410000000002,15420.42,2023
2026-07-01T02:00:00+00:00,15420.42,15460.410000000002,15404.910000000002,15429.410000000002,2072
2026-07-01T02:05:00+00:00,15429.410000000002,15443.410000000002,15415.900000000001,15434.910000000002,2202
2026-07-01T02:10:00+00:00,15434.910000000002,15455.92,15409.42,15432.42,1924
2026-07-01T02:15:00+00:00,15432.42,15479.42,15422.900000000001,15475.400000000001,1982
2026-07-01T02:20:00+00:00,15475.400000000001,15482.92,15443.910000000002,15458.910000000002,1428
2026-07-01T02:25:00+00:00,15458.910000000002,15475.410000000002,15437.910000000002,15473.900000000001,1473
2026-07-01T02:30:00+00:00,15473.900000000001,15485.92,15458.900000000001,15471.910000000002,1649
2026-07-01T02:35:00+00:00,15471.910000000002,15522.410000000002,15458.900000000001,15515.900000000001,2076
2026-07-01T02:40:00+00:00,15515.900000000001,15519.910000000002,15479.900000000001,15519.910000000002,2258
2026-07-01T02:45:00+00:00,15519.910000000002,15572.400000000001,15518.42,15571.900000000001,1963
2026-07-01T02:50:00+00:00,15571.900000000001,15601.92,15551.400000000001,15563.92,1942
2026-07-01T02:55:00+00:00,15563.92,15572.910000000002,15520.42,15534.400000000001,1677
2026-07-01T03:00:00+00:00,15534.400000000001,15544.900000000001,15510.900000000001,15522.910000000002,1560
2026-07-01T03:05:00+00:00,15522.910000000002,15541.900000000001,15513.410000000002,15537.410000000002,1287
2026-07-01T03:10:00+00:00,15537.410000000002,15537.42,15502.900000000001,15516.92,1054
2026-07-01T03:15:00+00:00,15516.92,15539.92,15510.900000000001,15524.410000000002,1238
2026-07-01T03:20:00+00:00,15524.410000000002,15524.410000000002,15480.900000000001,15495.42,968
2026-07-01T03:25:00+00:00,15495.42,15507.42,15494.900000000001,15502.42,986
2026-07-01T03:30:00+00:00,15502.42,15517.92,15501.900000000001,15502.900000000001,240
2026-07-01T03:35:00+00:00,15502.900000000001,15508.92,15495.42,15504.910000000002,203
2026-07-01T03:40:00+00:00,15504.910000000002,15507.900000000001,15502.410000000002,15505.410000000002,117
2026-07-01T03:45:00+00:00,15505.410000000002,15515.900000000001,15505.400000000001,15514.42,96
2026-07-01T03:50:00+00:00,15514.42,15518.910000000002,15514.400000000001,15517.400000000001,76
2026-07-01T03:55:00+00:00,15517.400000000001,15522.42,15515.400000000001,15517.900000000001,83
2026-07-01T04:00:00+00:00,15517.900000000001,15518.900000000001,15507.400000000001,15512.92,145
2026-07-01T04:05:00+00:00,15512.92,15514.900000000001,15510.900000000001,15511.910000000002,102
2026-07-01T04:10:00+00:00,15511.910000000002,15512.92,15505.900000000001,15508.410000000002,130
2026-07-01T04:15:00+00:00,15508.410000000002,15511.92,15506.92,15511.42,72
2026-07-01T04:20:00+00:00,15511.42,15512.92,15509.900000000001,15509.910000000002,47
2026-07-01T04:25:00+00:00,15509.910000000002,15516.42,15509.910000000002,15515.900000000001,43
2026-07-01T04:30:00+00:00,15515.900000000001,15518.400000000001,15513.900000000001,15516.92,66
2026-07-01T04:35:00+00:00,15516.92,15516.92,15511.92,15512.42,58
2026-07-01T04:40:00+00:00,15512.42,15517.92,15512.42,15516.410000000002,67
2026-07-01T04:45:00+00:00,15516.410000000002,15520.92,15515.910000000002,15519.410000000002,80
2026-07-01T04:50:00+00:00,15519.410000000002,15521.92,15518.900000000001,15519.92,62
2026-07-01T04:55:00+00:00,15519.92,15521.900000000001,15515.900000000001,15516.410000000002,68
2026-07-01T05:00:00+00:00,15516.410000000002,15524.42,15461.900000000001,15461.900000000001,1554
2026-07-01T05:05:00+00:00,15461.900000000001,15484.400000000001,15447.900000000001,15447.900000000001,1213
2026-07-01T05:10:00+00:00,15447.900000000001,15456.92,15433.900000000001,15443.410000000002,1247
2026-07-01T05:15:00+00:00,15443.410000000002,15483.92,15434.910000000002,15479.900000000001,1362
2026-07-01T05:20:00+00:00,15479.900000000001,15485.92,15469.900000000001,15472.42,1273
2026-07-01T05:25:00+00:00,15472.42,15480.42,15456.400000000001,15457.92,1050
2026-07-01T05:30:00+00:00,15457.92,15457.92,15415.400000000001,15416.42,1188
2026-07-01T05:35:00+00:00,15416.42,15431.42,15396.400000000001,15417.900000000001,1288
2026-07-01T05:40:00+00:00,15417.900000000001,15423.42,15379.410000000002,15386.900000000001,1021
2026-07-01T05:45:00+00:00,15386.900000000001,15392.400000000001,15358.900000000001,15361.42,1314
2026-07-01T05:50:00+00:00,15361.42,15361.42,15290.900000000001,15294.910000000002,1695
2026-07-01T05:55:00+00:00,15294.910000000002,15340.400000000001,15275.900000000001,15322.42,1761
2026-07-01T06:00:00+00:00,15322.42,15358.42,15313.900000000001,15352.400000000001,1367
2026-07-01T06:05:00+00:00,15352.400000000001,15367.910000000002,15311.900000000001,15311.900000000001,1350
2026-07-01T06:10:00+00:00,15311.900000000001,15344.92,15306.410000000002,15317.92,962
2026-07-01T06:15:00+00:00,15317.92,15317.92,15294.400000000001,15295.42,831
2026-07-01T06:20:00+00:00,15295.42,15322.92,15292.410000000002,15292.910000000002,903
2026-07-01T06:25:00+00:00,15292.910000000002,15295.92,15271.410000000002,15284.410000000002,984
2026-07-01T06:30:00+00:00,15284.410000000002,15311.42,15284.410000000002,15287.410000000002,838
2026-07-01T06:35:00+00:00,15287.410000000002,15297.92,15256.900000000001,15267.92,1151
2026-07-01T06:40:00+00:00,15267.92,15299.410000000002,15263.900000000001,15295.92,1143
2026-07-01T06:45:00+00:00,15295.92,15307.900000000001,15293.400000000001,15298.92,1011
2026-07-01T06:50:00+00:00,15298.92,15321.400000000001,15292.900000000001,15320.42,946
2026-07-01T06:55:00+00:00,15320.42,15322.92,15303.900000000001,15307.910000000002,893
2026-07-01T07:00:00+00:00,15307.910000000002,15314.92,15289.900000000001,15309.400000000001,655
2026-07-01T07:05:00+00:00,15309.400000000001,15312.92,15304.410000000002,15306.900000000001,191
2026-07-01T07:10:00+00:00,15306.900000000001,15307.410000000002,15291.42,15301.410000000002,223
2026-07-01T07:15:00+00:00,15301.410000000002,15313.92,15296.900000000001,15313.92,208
2026-07-01T07:20:00+00:00,15313.92,15320.42,15307.410000000002,15316.400000000001,109
2026-07-01T07:25:00+00:00,15316.400000000001,15320.900000000001,15313.900000000001,15314.410000000002,86
2026-07-01T07:30:00+00:00,15314.410000000002,15321.92,15313.900000000001,15321.410000000002,94
2026-07-01T07:35:00+00:00,15321.410000000002,15321.410000000002,15317.900000000001,15319.910000000002,84
2026-07-01T07:40:00+00:00,15319.910000000002,15322.92,15315.900000000001,15317.900000000001,62
2026-07-01T07:45:00+00:00,15317.900000000001,15322.92,15314.910000000002,15321.910000000002,104
2026-07-01T07:50:00+00:00,15321.910000000002,15326.92,15319.900000000001,15324.910000000002,97
2026-07-01T07:55:00+00:00,15324.910000000002,15326.92,15321.900000000001,15323.910000000002,131
2026-07-01T08:00:00+00:00,15323.910000000002,15323.910000000002,15316.92,15319.92,104
2026-07-01T08:05:00+00:00,15319.92,15326.42,15319.92,15325.92,96
2026-07-01T08:10:00+00:00,15325.92,15329.42,15322.92,15326.42,147
2026-07-01T08:15:00+00:00,15326.42,15328.910000000002,15324.92,15324.92,70
2026-07-01T08:20:00+00:00,15324.92,15327.900000000001,15320.910000000002,15323.42,74
2026-07-01T08:25:00+00:00,15323.42,15327.910000000002,15319.410000000002,15322.900000000001,133
2026-07-01T09:00:00+00:00,15322.900000000001,15323.92,15303.900000000001,15304.92,154
2026-07-01T09:05:00+00:00,15304.92,15310.42,15304.410000000002,15307.410000000002,64
2026-07-01T09:10:00+00:00,15307.410000000002,15311.92,15304.910000000002,15311.900000000001,38
2026-07-01T09:15:00+00:00,15311.900000000001,15316.410000000002,15310.92,15313.410000000002,66.38347232752085
2026-07-01T09:20:00+00:00,15313.410000000002,15315.42,15309.400000000001,15314.410000000002,81
2026-07-01T09:25:00+00:00,15314.410000000002,15314.410000000002,15310.410000000002,15313.400000000001,48
2026-07-01T09:30:00+00:00,15313.400000000001,15318.42,15310.92,15316.92,42
2026-07-01T09:35:00+00:00,15316.92,15317.410000000002,15312.910000000002,15316.410000000002,47
2026-07-01T09:40:00+00:00,15316.410000000002,15317.400000000001,15313.910000000002,15315.910000000002,43
2026-07-01T09:45:00+00:00,15315.910000000002,15321.92,15315.900000000001,15319.400000000001,42
2026-07-01T09:50:00+00:00,15319.400000000001,15319.92,15315.400000000001,15317.910000000002,58
2026-07-01T09:55:00+00:00,15317.910000000002,15318.92,15310.900000000001,15310.92,64
2026-07-01T10:00:00+00:00,15310.92,15315.410000000002,15310.900000000001,15311.92,66
2026-07-01T10:05:00+00:00,15311.92,15311.92,15304.900000000001,15305.410000000002,31
2026-07-01T10:10:00+00:00,15305.410000000002,15310.42,15303.910000000002,15308.910000000002,42
2026-07-01T10:15:00+00:00,15308.910000000002,15313.400000000001,15306.900000000001,15312.92,53
2026-07-01T10:20:00+00:00,15312.92,15316.92,15312.92,15315.910000000002,38
2026-07-01T10:25:00+00:00,15315.910000000002,15317.42,15313.92,15317.42,27
2026-07-01T10:30:00+00:00,15317.42,15321.900000000001,15317.42,15321.400000000001,27
2026-07-01T10:35:00+00:00,15321.400000000001,15323.92,15320.92,15323.92,25
2026-07-01T10:40:00+00:00,15323.92,15324.410000000002,15318.900000000001,15322.910000000002,36.90765432098765
2026-07-01T10:45:00+00:00,15322.910000000002,15325.42,15322.910000000002,15325.42,32
2026-07-01T10:50:00+00:00,15325.42,15329.42,15325.42,15327.910000000002,35
2026-07-01T10:55:00+00:00,15327.910000000002,15332.92,15327.910000000002,15331.900000000001,28
2026-07-01T11:00:00+00:00,15331.900000000001,15334.92,15330.900000000001,15333.92,34.0125786163522
2026-07-01T11:05:00+00:00,15333.92,15335.42,15333.400000000001,15335.42,27
2026-07-01T11:10:00+00:00,15335.42,15337.910000000002,15332.900000000001,15333.92,38
2026-07-01T11:15:00+00:00,15333.92,15337.900000000001,15333.900000000001,15333.910000000002,22
2026-07-01T11:20:00+00:00,15333.910000000002,15335.92,15333.900000000001,15335.900000000001,17
2026-07-01T11:25:00+00:00,15335.900000000001,15337.910000000002,15332.92,15334.92,23
2026-07-01T11:30:00+00:00,15334.92,15334.92,15333.400000000001,15334.410000000002,9.88810641627543
2026-07-01T11:35:00+00:00,15334.410000000002,15334.410000000002,15330.92,15330.92,26
2026-07-01T11:40:00+00:00,15330.92,15331.910000000002,15326.900000000001,15330.910000000002,36
2026-07-01T11:45:00+00:00,15330.910000000002,15330.910000000002,15322.900000000001,15322.900000000001,52
2026-07-01T11:50:00+00:00,15322.900000000001,15326.910000000002,15322.900000000001,15325.410000000002,51
2026-07-01T11:55:00+00:00,15325.410000000002,15325.410000000002,15321.910000000002,15322.42,39
2026-07-01T12:00:00+00:00,15322.42,15324.92,15318.910000000002,15320.910000000002,49
2026-07-01T12:05:00+00:00,15320.910000000002,15322.42,15319.92,15322.410000000002,38
2026-07-01T12:10:00+00:00,15322.410000000002,15324.910000000002,15321.410000000002,15323.410000000002,48
2026-07-01T12:15:00+00:00,15323.410000000002,15334.92,15323.410000000002,15334.92,58
2026-07-01T12:20:00+00:00,15334.92,15334.92,15326.92,15330.42,60
2026-07-01T12:25:00+00:00,15330.42,15330.900000000001,15323.900000000001,15324.910000000002,41
2026-07-01T12:30:00+00:00,15324.910000000002,15328.910000000002,15318.910000000002,15318.910000000002,113
2026-07-01T12:35:00+00:00,15318.910000000002,15321.92,15311.400000000001,15311.92,165
2026-07-01T12:40:00+00:00,15311.92,15316.92,15307.900000000001,15315.400000000001,156
2026-07-01T12:45:00+00:00,15315.400000000001,15315.92,15308.910000000002,15311.900000000001,65
2026-07-01T12:50:00+00:00,15311.900000000001,15319.42,15311.900000000001,15313.900000000001,127
2026-07-01T12:55:00+00:00,15313.900000000001,15322.92,15307.92,15320.92,136
2026-07-01T13:00:00+00:00,15320.92,15326.42,15313.900000000001,15313.92,131
2026-07-01T13:05:00+00:00,15313.92,15317.410000000002,15303.900000000001,15306.410000000002,108
2026-07-01T13:10:00+00:00,15306.410000000002,15307.900000000001,15292.92,15295.900000000001,138
2026-07-01T13:15:00+00:00,15295.900000000001,15306.92,15292.900000000001,15304.400000000001,165
2026-07-01T13:20:00+00:00,15304.400000000001,15308.910000000002,15303.900000000001,15306.410000000002,90
2026-07-01T13:25:00+00:00,15306.410000000002,15309.910000000002,15297.910000000002,15307.400000000001,164
2026-07-01T13:30:00+00:00,15307.400000000001,15318.92,15306.900000000001,15312.92,608
2026-07-01T13:35:00+00:00,15312.92,15323.42,15304.910000000002,15321.910000000002,407
2026-07-01T13:40:00+00:00,15321.910000000002,15334.92,15319.410000000002,15332.900000000001,305
2026-07-01T13:45:00+00:00,15332.900000000001,15351.910000000002,15330.92,15351.42,334
2026-07-01T13:50:00+00:00,15351.42,15357.42,15348.910000000002,15353.910000000002,187
2026-07-01T13:55:00+00:00,15353.910000000002,15364.42,15348.900000000001,15364.400000000001,221
2026-07-01T14:00:00+00:00,15364.400000000001,15386.42,15363.900000000001,15384.42,372
2026-07-01T14:05:00+00:00,15384.42,15394.910000000002,15381.900000000001,15389.400000000001,170
2026-07-01T14:10:00+00:00,15389.400000000001,15394.42,15385.92,15388.910000000002,137
2026-07-01T14:15:00+00:00,15388.910000000002,15399.910000000002,15387.900000000001,15394.400000000001,177
2026-07-01T14:20:00+00:00,15394.400000000001,15398.92,15391.910000000002,15396.92,165
2026-07-01T14:25:00+00:00,15396.92,15398.92,15392.900000000001,15394.910000000002,90
2026-07-01T14:30:00+00:00,15394.910000000002,15395.92,15387.910000000002,15391.400000000001,183
2026-07-01T14:35:00+00:00,15391.400000000001,15399.910000000002,15387.910000000002,15391.92,140
2026-07-01T14:40:00+00:00,15391.92,15392.410000000002,15386.900000000001,15388.910000000002,148
2026-07-01T14:45:00+00:00,15388.910000000002,15389.910000000002,15379.900000000001,15381.42,201
2026-07-01T14:50:00+00:00,15381.42,15385.400000000001,15378.92,15380.910000000002,141
2026-07-01T14:55:00+00:00,15380.910000000002,15380.910000000002,15375.92,15378.910000000002,96
2026-07-01T15:00:00+00:00,15378.910000000002,15387.92,15378.42,15386.900000000001,134
2026-07-01T15:05:00+00:00,15386.900000000001,15387.92,15377.910000000002,15379.900000000001,146
2026-07-01T15:10:00+00:00,15379.900000000001,15389.410000000002,15378.400000000001,15389.410000000002,65
2026-07-01T15:15:00+00:00,15389.410000000002,15395.92,15389.410000000002,15391.42,74
2026-07-01T15:20:00+00:00,15391.42,15399.92,15391.42,15395.400000000001,67
2026-07-01T15:25:00+00:00,15395.400000000001,15406.400000000001,15394.900000000001,15405.910000000002,66
2026-07-01T15:30:00+00:00,15405.910000000002,15405.92,15400.400000000001,15400.400000000001,123
2026-07-01T15:35:00+00:00,15400.400000000001,15403.910000000002,15395.900000000001,15395.92,95
2026-07-01T15:40:00+00:00,15395.92,15401.400000000001,15394.910000000002,15400.400000000001,90
2026-07-01T15:45:00+00:00,15400.400000000001,15400.910000000002,15396.900000000001,15398.42,86
2026-07-01T15:50:00+00:00,15398.42,15400.92,15397.900000000001,15397.92,51
2026-07-01T15:55:00+00:00,15397.92,15399.92,15396.900000000001,15398.900000000001,77
2026-07-01T16:00:00+00:00,15398.900000000001,15401.42,15395.910000000002,15400.900000000001,74
2026-07-01T16:05:00+00:00,15400.900000000001,15401.92,15398.900000000001,15399.410000000002,57
2026-07-01T16:10:00+00:00,15399.410000000002,15400.400000000001,15397.910000000002,15398.410000000002,53
2026-07-01T16:15:00+00:00,15398.410000000002,15403.400000000001,15395.900000000001,15403.400000000001,65
2026-07-01T16:20:00+00:00,15403.400000000001,15404.410000000002,15400.900000000001,15401.42,68
2026-07-01T16:25:00+00:00,15401.42,15401.900000000001,15397.900000000001,15399.910000000002,53
2026-07-01T16:30:00+00:00,15399.910000000002,15401.910000000002,15398.910000000002,15399.900000000001,45
2026-07-01T16:35:00+00:00,15399.900000000001,15400.92,15397.92,15400.400000000001,33
2026-07-01T16:40:00+00:00,15400.400000000001,15400.910000000002,15397.900000000001,15400.900000000001,41
2026-07-01T16:45:00+00:00,15400.900000000001,15400.900000000001,15397.900000000001,15398.400000000001,53
2026-07-01T16:50:00+00:00,15398.400000000001,15398.92,15391.900000000001,15397.92,94
2026-07-01T16:55:00+00:00,15397.92,15397.92,15387.910000000002,15389.910000000002,141
2026-07-01T17:00:00+00:00,15389.910000000002,15393.92,15388.92,15390.910000000002,79
2026-07-01T17:05:00+00:00,15390.910000000002,15395.910000000002,15388.900000000001,15391.910000000002,107
2026-07-01T17:10:00+00:00,15391.910000000002,15395.92,15391.900000000001,15393.92,71
2026-07-01T17:15:00+00:00,15393.92,15399.92,15392.900000000001,15397.410000000002,56
2026-07-01T17:20:00+00:00,15397.410000000002,15404.910000000002,15395.900000000001,15403.900000000001,50
2026-07-01T17:25:00+00:00,15403.900000000001,15405.92,15400.900000000001,15401.900000000001,69
2026-07-01T17:30:00+00:00,15401.900000000001,15404.410000000002,15396.92,15398.910000000002,72
2026-07-01T17:35:00+00:00,15398.910000000002,15399.900000000001,15395.900000000001,15397.92,45
2026-07-01T17:40:00+00:00,15397.92,15400.910000000002,15396.910000000002,15399.400000000001,54
2026-07-01T17:45:00+00:00,15399.400000000001,15400.92,15397.910000000002,15399.410000000002,46.06417112299465
2026-07-01T17:50:00+00:00,15399.410000000002,15401.92,15398.900000000001,15400.42,84
2026-07-01T17:55:00+00:00,15400.42,15400.92,15396.900000000001,15396.910000000002,49
2026-07-01T18:00:00+00:00,15396.910000000002,15401.900000000001,15396.900000000001,15400.900000000001,71
2026-07-01T18:05:00+00:00,15400.900000000001,15400.900000000001,15395.400000000001,15395.42,46
2026-07-01T18:10:00+00:00,15395.42,15397.910000000002,15392.900000000001,15393.910000000002,33
2026-07-01T18:15:00+00:00,15393.910000000002,15395.910000000002,15392.410000000002,15394.900000000001,60
2026-07-01T18:20:00+00:00,15394.900000000001,15397.92,15392.900000000001,15396.410000000002,48
2026-07-01T18:25:00+00:00,15396.410000000002,15397.410000000002,15393.900000000001,15393.900000000001,40
2026-07-01T18:30:00+00:00,15393.900000000001,15395.42,15391.900000000001,15394.910000000002,41.96992481203007
2026-07-01T18:35:00+00:00,15394.910000000002,15395.910000000002,15392.910000000002,15393.92,28
2026-07-01T18:40:00+00:00,15393.92,15393.93,15391.42,15392.43,37.57287373548145
2026-07-01T18:45:00+00:00,15392.43,15392.939999999999,15388.42,15390.439999999999,43
2026-07-01T18:50:00+00:00,15390.439999999999,15391.439999999999,15387.43,15387.43,66
2026-07-01T18:55:00+00:00,15387.43,15388.939999999999,15385.43,15387.92,53
2026-07-01T19:00:00+00:00,15387.92,15392.439999999999,15385.93,15392.439999999999,73
2026-07-01T19:05:00+00:00,15392.439999999999,15396.439999999999,15392.42,15396.43,59
2026-07-01T19:10:00+00:00,15396.43,15400.43,15396.43,15399.439999999999,51
2026-07-01T19:15:00+00:00,15399.439999999999,15401.439999999999,15398.43,15400.42,68
2026-07-01T19:20:00+00:00,15400.42,15400.439999999999,15397.42,15399.42,70
2026-07-01T19:25:00+00:00,15399.42,15399.42,15385.42,15386.93,85
2026-07-01T19:30:00+00:00,15386.93,15391.439999999999,15386.43,15387.92,87
2026-07-01T19:35:00+00:00,15387.92,15387.92,15384.42,15385.43,49
2026-07-01T19:40:00+00:00,15385.43,15385.439999999999,15382.439999999999,15383.42,78
2026-07-01T19:45:00+00:00,15383.42,15383.439999999999,15378.439999999999,15380.93,69
2026-07-01T19:50:00+00:00,15380.93,15382.439999999999,15373.92,15377.42,178
2026-07-01T19:55:00+00:00,15377.42,15384.93,15374.42,15383.42,137
2026-07-01T20:00:00+00:00,15383.42,15383.42,15375.42,15378.93,79
2026-07-01T20:05:00+00:00,15378.93,15380.939999999999,15378.93,15380.939999999999,17.043315907393577
2026-07-01T20:10:00+00:00,15380.939999999999,15380.939999999999,15378.92,15378.92,12.01956358164033
2026-07-01T20:15:00+00:00,15378.92,15378.92,15376.92,15376.939999999999,14.100076982294073
2026-07-01T20:20:00+00:00,15376.939999999999,15378.92,15376.43,15378.92,12.166533226581265
2026-07-01T20:25:00+00:00,15378.92,15379.93,15378.439999999999,15378.939999999999,11.070781893004115
2026-07-01T20:30:00+00:00,15378.939999999999,15378.939999999999,15377.92,15377.92,11
2026-07-01T20:35:00+00:00,15377.92,15377.939999999999,15375.92,15375.93,9
2026-07-01T20:40:00+00:00,15375.93,15378.93,15374.93,15378.93,16.980565371024735
2026-07-02T01:00:00+00:00,15378.93,15379.43,15342.39,15342.9,217.77149681528664
2026-07-02T01:05:00+00:00,15342.9,15369.39,15342.9,15366.41,176
2026-07-02T01:10:00+00:00,15366.41,15371.9,15356.89,15368.4,128
2026-07-02T01:15:00+00:00,15368.4,15379.9,15290.9,15302.41,1894
2026-07-02T01:20:00+00:00,15302.41,15302.9,15223.89,15245.41,1859
2026-07-02T01:25:00+00:00,15245.41,15265.39,15180.41,15208.91,1443
2026-07-02T01:30:00+00:00,15208.91,15270.91,15065.39,15077.89,8933
2026-07-02T01:35:00+00:00,15077.89,15150.91,15068.89,15141.89,6469
2026-07-02T01:40:00+00:00,15141.89,15145.4,15063.4,15069.9,5933
2026-07-02T01:45:00+00:00,15069.9,15107.41,15007.89,15032.41,5292
2026-07-02T01:50:00+00:00,15032.41,15038.9,14997.9,15016.4,4224
2026-07-02T01:55:00+00:00,15016.4,15076.89,14904.39,14924.39,3771
2026-07-02T02:00:00+00:00,14924.39,15009.91,14917.89,14997.41,4922
2026-07-02T02:05:00+00:00,14997.41,15000.41,14928.89,14949.9,4385
2026-07-02T02:10:00+00:00,14949.9,14989.41,14923.9,14976.39,4601
2026-07-02T02:15:00+00:00,14976.39,14987.4,14929.89,14955.9,3857
2026-07-02T02:20:00+00:00,14955.9,14985.41,14939.4,14973.91,3820
2026-07-02T02:25:00+00:00,14973.91,15029.91,14971.89,15024.39,3125
2026-07-02T02:30:00+00:00,15024.39,15044.91,15001.4,15043.41,2660
2026-07-02T02:35:00+00:00,15043.41,15066.91,15034.4,15056.9,2112
2026-07-02T02:40:00+00:00,15056.9,15060.4,15029.39,15029.39,2373
2026-07-02T02:45:00+00:00,15029.39,15033.91,15001.4,15007.91,2208
2026-07-02T02:50:00+00:00,15007.91,15022.9,14992.89,14996.9,2459
2026-07-02T02:55:00+00:00,14996.9,14998.41,14964.9,14967.41,1734
2026-07-02T03:00:00+00:00,14967.41,14968.41,14939.89,14940.41,1941
2026-07-02T03:05:00+00:00,14940.41,14970.91,14935.9,14967.39,1905
2026-07-02T03:10:00+00:00,14967.39,14976.91,14945.9,14963.39,1754
2026-07-02T03:15:00+00:00,14963.39,14978.91,14942.91,14943.9,1820
2026-07-02T03:20:00+00:00,14943.9,14954.9,14917.89,14917.89,1654
2026-07-02T03:25:00+00:00,14917.89,14930.39,14904.9,14922.91,1219
2026-07-02T03:30:00+00:00,14922.91,14943.4,14917.89,14938.9,676
2026-07-02T03:35:00+00:00,14938.9,14958.39,14937.89,14955.91,468
2026-07-02T03:40:00+00:00,14955.91,14998.4,14954.89,14982.91,911
2026-07-02T03:45:00+00:00,14982.91,14983.91,14960.89,14965.9,597
2026-07-02T03:50:00+00:00,14965.9,14970.89,14956.89,14968.91,391
2026-07-02T03:55:00+00:00,14968.91,14977.9,14966.89,14969.4,391
2026-07-02T04:00:00+00:00,14969.4,14972.41,14962.89,14966.4,193
2026-07-02T04:05:00+00:00,14966.4,14967.9,14956.9,14957.41,153
2026-07-02T04:10:00+00:00,14957.41,14972.41,14956.39,14970.41,194
2026-07-02T04:15:00+00:00,14970.41,14970.41,14953.89,14963.91,168
2026-07-02T04:20:00+00:00,14963.91,14963.91,14952.89,14954.91,128
2026-07-02T04:25:00+00:00,14954.91,14957.41,14948.9,14952.4,162
2026-07-02T04:30:00+00:00,14952.4,14952.4,14942.89,14945.89,147
2026-07-02T04:35:00+00:00,14945.89,14946.41,14939.4,14940.4,153
2026-07-02T04:40:00+00:00,14940.4,14952.4,14937.89,14950.41,277
2026-07-02T04:45:00+00:00,14950.41,14951.91,14946.89,14948.91,184
2026-07-02T04:50:00+00:00,14948.91,14953.91,14947.89,14948.39,206
2026-07-02T04:55:00+00:00,14948.39,14957.4,14947.89,14953.4,257
2026-07-02T05:00:00+00:00,14953.4,14988.41,14928.39,14969.9,3492
2026-07-02T05:05:00+00:00,14969.9,14992.9,14959.39,14984.39,1877
2026-07-02T05:10:00+00:00,14984.39,14988.9,14960.89,14962.9,1595
2026-07-02T05:15:00+00:00,14962.9,14968.4,14925.4,14928.41,1717
2026-07-02T05:20:00+00:00,14928.41,14946.39,14921.91,14928.39,1740
2026-07-02T05:25:00+00:00,14928.39,14934.39,14894.39,14896.4,1647
2026-07-02T05:30:00+00:00,14896.4,14903.4,14870.89,14875.9,1591
2026-07-02T05:35:00+00:00,14875.9,14880.41,14842.9,14860.39,1831
2026-07-02T05:40:00+00:00,14860.39,14879.91,14848.39,14862.41,1949
2026-07-02T05:45:00+00:00,14862.41,14879.9,14841.39,14868.91,1691
2026-07-02T05:50:00+00:00,14868.91,14882.9,14860.39,14869.9,1791
2026-07-02T05:55:00+00:00,14869.9,14881.9,14860.89,14872.39,1419
2026-07-02T06:00:00+00:00,14872.39,14898.89,14859.89,14874.39,1496
2026-07-02T06:05:00+00:00,14874.39,14878.91,14853.89,14873.9,1892
2026-07-02T06:10:00+00:00,14873.9,14893.41,14861.89,14867.89,1946
2026-07-02T06:15:00+00:00,14867.89,14886.9,14855.91,14859.41,1604
2026-07-02T06:20:00+00:00,14859.41,14872.9,14851.9,14855.41,1304
2026-07-02T06:25:00+00:00,14855.41,14865.41,14829.4,14837.9,1457
2026-07-02T06:30:00+00:00,14837.9,14901.89,14836.91,14890.91,1944
2026-07-02T06:35:00+00:00,14890.91,14900.41,14833.89,14834.39,1721
2026-07-02T06:40:00+00:00,14834.39,14834.39,14807.4,14809.39,1701
2026-07-02T06:45:00+00:00,14809.39,14817.41,14789.39,14797.39,1801
2026-07-02T06:50:00+00:00,14797.39,14807.91,14762.9,14793.9,1947
2026-07-02T06:55:00+00:00,14793.9,14802.91,14774.39,14789.9,1608
2026-07-02T07:00:00+00:00,14789.9,14798.9,14770.9,14790.91,1039
2026-07-02T07:05:00+00:00,14790.91,14805.89,14785.89,14803.9,436
2026-07-02T07:10:00+00:00,14803.9,14809.91,14795.39,14797.39,397
2026-07-02T07:15:00+00:00,14797.39,14807.9,14793.91,14807.9,364
2026-07-02T07:20:00+00:00,14807.9,14809.91,14801.89,14806.9,297
2026-07-02T07:25:00+00:00,14806.9,14809.89,14801.89,14806.9,266
2026-07-02T07:30:00+00:00,14806.9,14811.9,14804.39,14811.9,317
2026-07-02T07:35:00+00:00,14811.9,14817.91,14809.89,14816.91,253
2026-07-02T07:40:00+00:00,14816.91,14820.9,14813.39,14820.89,259
2026-07-02T07:45:00+00:00,14820.89,14820.9,14805.89,14811.41,311
2026-07-02T07:50:00+00:00,14811.41,14815.41,14808.9,14811.89,201
2026-07-02T07:55:00+00:00,14811.89,14813.91,14806.39,14812.89,168
2026-07-02T08:00:00+00:00,14812.89,14822.91,14798.39,14821.39,375
2026-07-02T08:05:00+00:00,14821.39,14825.91,14803.91,14816.4,390
2026-07-02T08:10:00+00:00,14816.4,14818.9,14805.89,14807.9,181
2026-07-02T08:15:00+00:00,14807.9,14816.41,14800.4,14810.41,185
2026-07-02T08:20:00+00:00,14810.41,14813.9,14808.41,14813.41,117
2026-07-02T08:25:00+00:00,14813.41,14814.91,14805.89,14810.41,131
2026-07-02T09:00:00+00:00,14810.41,14810.41,14753.89,14781.39,443
2026-07-02T09:05:00+00:00,14781.39,14784.39,14775.89,14781.9,108
2026-07-02T09:10:00+00:00,14781.9,14789.9,14781.9,14789.9,67
2026-07-02T09:15:00+00:00,14789.9,14790.91,14780.89,14780.89,170
2026-07-02T09:20:00+00:00,14780.89,14795.41,14777.9,14784.39,187
2026-07-02T09:25:00+00:00,14784.39,14791.9,14777.4,14785.39,145
2026-07-02T09:30:00+00:00,14785.39,14788.9,14782.89,14784.41,163
2026-07-02T09:35:00+00:00,14784.41,14792.91,14782.9,14791.4,169
2026-07-02T09:40:00+00:00,14791.4,14793.9,14788.89,14789.91,127
2026-07-02T09:45:00+00:00,14789.91,14794.41,14788.89,14794.39,61
2026-07-02T09:50:00+00:00,14794.39,14796.4,14791.89,14792.4,47
2026-07-02T09:55:00+00:00,14792.4,14795.91,14787.9,14789.4,77
2026-07-02T10:00:00+00:00,14789.4,14789.9,14774.41,14775.4,125
2026-07-02T10:05:00+00:00,14775.4,14777.9,14770.91,14773.89,111
2026-07-02T10:10:00+00:00,14773.89,14781.91,14772.89,14781.91,61
2026-07-02T10:15:00+00:00,14781.91,14785.91,14776.89,14784.91,96
2026-07-02T10:20:00+00:00,14784.91,14785.91,14781.39,14785.89,39
2026-07-02T10:25:00+00:00,14785.89,14791.41,14785.89,14790.91,51
2026-07-02T10:30:00+00:00,14790.91,14806.91,14790.91,14805.9,55
2026-07-02T10:35:00+00:00,14805.9,14814.4,14805.9,14809.9,78
2026-07-02T10:40:00+00:00,14809.9,14814.91,14808.89,14808.89,36
2026-07-02T10:45:00+00:00,14808.89,14810.91,14808.39,14810.91,27
2026-07-02T10:50:00+00:00,14810.91,14811.91,14808.89,14811.9,42
2026-07-02T10:55:00+00:00,14811.9,14820.9,14811.89,14818.41,55
2026-07-02T11:00:00+00:00,14818.41,14820.91,14814.89,14815.9,63
2026-07-02T11:05:00+00:00,14815.9,14817.41,14812.89,14815.9,34
2026-07-02T11:10:00+00:00,14815.9,14821.91,14815.9,14821.9,69
2026-07-02T11:15:00+00:00,14821.9,14822.91,14818.4,14820.91,53
2026-07-02T11:20:00+00:00,14820.91,14822.91,14817.89,14821.9,61
2026-07-02T11:25:00+00:00,14821.9,14823.91,14819.91,14820.89,47
2026-07-02T11:30:00+00:00,14820.89,14825.41,14819.39,14822.91,44
2026-07-02T11:35:00+00:00,14822.91,14830.91,14822.89,14829.89,67
2026-07-02T11:40:00+00:00,14829.89,14831.91,14825.89,14831.89,45
2026-07-02T11:45:00+00:00,14831.89,14832.91,14829.89,14832.39,52
2026-07-02T11:50:00+00:00,14832.39,14832.4,14828.89,14829.89,54
2026-07-02T11:55:00+00:00,14829.89,14831.4,14822.4,14822.4,38
2026-07-02T12:00:00+00:00,14822.4,14824.41,14817.41,14822.41,63
2026-07-02T12:05:00+00:00,14822.41,14824.91,14820.89,14820.91,69
2026-07-02T12:10:00+00:00,14820.91,14827.91,14819.39,14826.41,86
2026-07-02T12:15:00+00:00,14826.41,14827.91,14824.89,14825.9,55
2026-07-02T12:20:00+00:00,14825.9,14827.91,14822.89,14823.91,68
2026-07-02T12:25:00+00:00,14823.91,14825.9,14819.9,14823.4,50
2026-07-02T12:30:00+00:00,14823.4,14865.41,14823.4,14865.41,1546
2026-07-02T12:35:00+00:00,14865.41,14884.91,14863.89,14882.39,542
2026-07-02T12:40:00+00:00,14882.39,14886.91,14875.9,14879.91,339
2026-07-02T12:45:00+00:00,14879.91,14883.91,14874.9,14880.91,241
2026-07-02T12:50:00+00:00,14880.91,14882.89,14864.89,14865.91,165
2026-07-02T12:55:00+00:00,14865.91,14865.91,14847.89,14856.9,147
2026-07-02T13:00:00+00:00,14856.9,14866.91,14849.89,14865.89,258
2026-07-02T13:05:00+00:00,14865.89,14867.9,14856.89,14857.89,177
2026-07-02T13:10:00+00:00,14857.89,14864.91,14857.89,14858.9,152
2026-07-02T13:15:00+00:00,14858.9,14868.91,14856.9,14867.91,130
2026-07-02T13:20:00+00:00,14867.91,14870.9,14863.89,14864.4,114
2026-07-02T13:25:00+00:00,14864.4,14869.41,14856.89,14856.9,189
2026-07-02T13:30:00+00:00,14856.9,14876.39,14848.89,14875.9,809
2026-07-02T13:35:00+00:00,14875.9,14879.91,14864.9,14870.9,500
2026-07-02T13:40:00+00:00,14870.9,14896.9,14869.89,14890.41,460
2026-07-02T13:45:00+00:00,14890.41,14901.91,14886.89,14897.9,436
2026-07-02T13:50:00+00:00,14897.9,14913.89,14896.4,14898.89,452
2026-07-02T13:55:00+00:00,14898.89,14902.9,14894.39,14900.91,291
2026-07-02T14:00:00+00:00,14900.91,14901.91,14892.39,14895.39,387
2026-07-02T14:05:00+00:00,14895.39,14901.9,14890.91,14890.91,333
2026-07-02T14:10:00+00:00,14890.91,14901.9,14884.89,14892.41,311
2026-07-02T14:15:00+00:00,14892.41,14895.4,14878.89,14880.41,321
2026-07-02T14:20:00+00:00,14880.41,14882.91,14868.89,14870.39,416
2026-07-02T14:25:00+00:00,14870.39,14871.41,14855.89,14862.4,554
2026-07-02T14:30:00+00:00,14862.4,14870.9,14859.89,14860.89,561
2026-07-02T14:35:00+00:00,14860.89,14869.91,14857.89,14864.4,427
2026-07-02T14:40:00+00:00,14864.4,14865.41,14851.4,14857.91,515
2026-07-02T14:45:00+00:00,14857.91,14866.89,14851.89,14860.41,492
2026-07-02T14:50:00+00:00,14860.41,14863.41,14846.91,14849.89,525
2026-07-02T14:55:00+00:00,14849.89,14854.91,14845.91,14853.41,401
2026-07-02T15:00:00+00:00,14853.41,14853.41,14839.89,14840.41,424
2026-07-02T15:05:00+00:00,14840.41,14842.41,14820.89,14829.9,516
2026-07-02T15:10:00+00:00,14829.9,14835.91,14827.89,14828.91,317
2026-07-02T15:15:00+00:00,14828.91,14832.91,14811.9,14813.89,389
2026-07-02T15:20:00+00:00,14813.89,14818.91,14806.39,14818.9,442
2026-07-02T15:25:00+00:00,14818.9,14818.91,14804.89,14805.9,391
2026-07-02T15:30:00+00:00,14805.9,14827.9,14805.89,14821.91,431
2026-07-02T15:35:00+00:00,14821.91,14828.91,14820.89,14820.9,290
2026-07-02T15:40:00+00:00,14820.9,14824.41,14816.89,14818.4,360
2026-07-02T15:45:00+00:00,14818.4,14820.91,14810.4,14812.89,305
2026-07-02T15:50:00+00:00,14812.89,14812.89,14800.41,14801.91,334
2026-07-02T15:55:00+00:00,14801.91,14801.91,14794.39,14799.89,271
2026-07-02T16:00:00+00:00,14799.89,14802.9,14792.89,14794.9,304
2026-07-02T16:05:00+00:00,14794.9,14798.89,14791.89,14794.39,241
2026-07-02T16:10:00+00:00,14794.39,14800.91,14793.89,14797.91,224
2026-07-02T16:15:00+00:00,14797.91,14799.91,14790.9,14792.89,225
2026-07-02T16:20:00+00:00,14792.89,14792.9,14781.39,14782.9,243
2026-07-02T16:25:00+00:00,14782.9,14790.91,14781.89,14782.89,229
2026-07-02T16:30:00+00:00,14782.89,14783.41,14771.89,14773.41,180
2026-07-02T16:35:00+00:00,14773.41,14774.91,14767.39,14774.9,296
2026-07-02T16:40:00+00:00,14774.9,14783.41,14773.89,14777.9,342
2026-07-02T16:45:00+00:00,14777.9,14777.9,14772.39,14773.4,237
2026-07-02T16:50:00+00:00,14773.4,14775.91,14769.39,14771.4,289
2026-07-02T16:55:00+00:00,14771.4,14771.4,14762.89,14766.9,262
2026-07-02T17:00:00+00:00,14766.9,14767.91,14757.89,14759.91,301
2026-07-02T17:05:00+00:00,14759.91,14769.91,14756.89,14767.91,361
2026-07-02T17:10:00+00:00,14767.91,14769.91,14764.91,14767.91,172
2026-07-02T17:15:00+00:00,14767.91,14772.4,14764.89,14766.91,204
2026-07-02T17:20:00+00:00,14766.91,14771.9,14764.91,14765.89,158
2026-07-02T17:25:00+00:00,14765.89,14766.9,14761.89,14763.89,159
2026-07-02T17:30:00+00:00,14763.89,14771.91,14763.89,14763.9,278
2026-07-02T17:35:00+00:00,14763.9,14765.41,14750.4,14751.89,203
2026-07-02T17:40:00+00:00,14751.89,14752.91,14745.39,14746.41,229
2026-07-02T17:45:00+00:00,14746.41,14748.41,14739.89,14740.9,249
2026-07-02T17:50:00+00:00,14740.9,14748.91,14739.89,14747.41,187
2026-07-02T17:55:00+00:00,14747.41,14747.41,14736.89,14737.89,194
2026-07-02T18:00:00+00:00,14737.89,14741.91,14734.89,14741.89,195
2026-07-02T18:05:00+00:00,14741.89,14757.91,14741.89,14756.89,302
2026-07-02T18:10:00+00:00,14756.89,14759.91,14749.89,14750.91,250
2026-07-02T18:15:00+00:00,14750.91,14752.4,14741.9,14742.89,229
2026-07-02T18:20:00+00:00,14742.89,14752.4,14742.89,14751.9,240
2026-07-02T18:25:00+00:00,14751.9,14756.91,14750.39,14754.39,178
2026-07-02T18:30:00+00:00,14754.39,14761.91,14754.39,14755.89,213
2026-07-02T18:35:00+00:00,14755.89,14759.91,14755.89,14758.89,175
2026-07-02T18:40:00+00:00,14758.89,14759.91,14754.89,14757.41,197
2026-07-02T18:45:00+00:00,14757.41,14760.91,14750.9,14760.9,194
2026-07-02T18:50:00+00:00,14760.9,14765.91,14759.39,14761.89,119
2026-07-02T18:55:00+00:00,14761.89,14763.39,14757.89,14761.41,179
2026-07-02T19:00:00+00:00,14761.41,14764.91,14756.4,14757.41,149
2026-07-02T19:05:00+00:00,14757.41,14762.91,14756.39,14761.9,186
2026-07-02T19:10:00+00:00,14761.9,14766.91,14756.41,14763.91,184
2026-07-02T19:15:00+00:00,14763.91,14765.91,14758.89,14762.89,111
2026-07-02T19:20:00+00:00,14762.89,14762.9,14757.89,14758.91,113
2026-07-02T19:25:00+00:00,14758.91,14772.41,14755.9,14770.89,176
2026-07-02T19:30:00+00:00,14770.89,14780.91,14770.89,14779.41,200
2026-07-02T19:35:00+00:00,14779.41,14783.91,14777.89,14782.41,158
2026-07-02T19:40:00+00:00,14782.41,14786.91,14780.9,14784.9,120
2026-07-02T19:45:00+00:00,14784.9,14785.91,14781.4,14784.91,166
2026-07-02T19:50:00+00:00,14784.91,14800.91,14784.91,14798.91,356
2026-07-02T19:55:00+00:00,14798.91,14813.39,14796.89,14811.9,145
2026-07-02T20:00:00+00:00,14811.9,14826.91,14809.39,14825.91,81
2026-07-02T20:05:00+00:00,14825.91,14839.9,14824.89,14839.9,51
2026-07-02T20:10:00+00:00,14839.9,14840.41,14830.89,14830.89,27.96712295282327
2026-07-02T20:15:00+00:00,14830.89,14831.41,14824.89,14824.91,33
2026-07-02T20:20:00+00:00,14824.91,14828.9,14824.91,14827.4,13
2026-07-02T20:25:00+00:00,14827.4,14827.9,14825.89,14825.9,20
2026-07-02T20:30:00+00:00,14825.9,14827.41,14825.89,14826.39,13
2026-07-02T20:35:00+00:00,14826.39,14827.91,14826.39,14826.91,14.418943533697632
2026-07-02T20:40:00+00:00,14826.91,14826.91,14824.41,14825.41,14.841156590311678
2026-07-03T01:00:00+00:00,14825.41,14826.91,14759.32,14795.31,464.61753703426604
2026-07-03T01:05:00+00:00,14795.31,14814.32,14785.3,14810.82,428
2026-07-03T01:10:00+00:00,14810.82,14829.31,14802.8,14810.81,473
2026-07-03T01:15:00+00:00,14810.81,14817.82,14754.81,14799.81,1169
2026-07-03T01:20:00+00:00,14799.81,14845.32,14774.3,14841.31,1030
2026-07-03T01:25:00+00:00,14841.31,14859.81,14826.3,14841.81,1270
2026-07-03T01:30:00+00:00,14841.81,14921.8,14826.3,14855.82,7551
2026-07-03T01:35:00+00:00,14855.82,14918.8,14855.32,14894.31,5809
2026-07-03T01:40:00+00:00,14894.31,14926.32,14863.81,14903.32,4925
2026-07-03T01:45:00+00:00,14903.32,14927.32,14884.32,14904.3,4361
2026-07-03T01:50:00+00:00,14904.3,14941.81,14903.81,14927.82,3817
2026-07-03T01:55:00+00:00,14927.82,14943.32,14915.31,14932.3,3437
2026-07-03T02:00:00+00:00,14932.3,14962.81,14912.8,14936.82,3220
2026-07-03T02:05:00+00:00,14936.82,14982.32,14935.3,14969.8,3019
2026-07-03T02:10:00+00:00,14969.8,14972.82,14936.8,14957.8,3599
2026-07-03T02:15:00+00:00,14957.8,15007.32,14957.31,14976.3,2650
2026-07-03T02:20:00+00:00,14976.3,15004.31,14965.32,14995.31,2495
2026-07-03T02:25:00+00:00,14995.31,15014.82,14991.82,15010.31,1708
2026-07-03T02:30:00+00:00,15010.31,15036.32,14986.81,15034.31,1795
2026-07-03T02:35:00+00:00,15034.31,15045.3,15009.3,15033.82,1883
2026-07-03T02:40:00+00:00,15033.82,15054.82,15019.31,15054.81,1779
2026-07-03T02:45:00+00:00,15054.81,15093.82,15043.8,15093.82,1951
2026-07-03T02:50:00+00:00,15093.82,15109.32,15071.8,15087.31,2268
2026-07-03T02:55:00+00:00,15087.31,15110.32,15085.82,15109.82,2314
2026-07-03T03:00:00+00:00,15109.82,15123.32,15088.8,15100.31,2305
2026-07-03T03:05:00+00:00,15100.31,15112.31,15082.81,15102.3,2123
2026-07-03T03:10:00+00:00,15102.3,15115.82,15075.8,15111.32,2101
2026-07-03T03:15:00+00:00,15111.32,15114.3,15089.8,15093.31,1745
2026-07-03T03:20:00+00:00,15093.31,15103.32,15078.82,15085.32,1799
2026-07-03T03:25:00+00:00,15085.32,15102.81,15079.3,15093.3,1471
2026-07-03T03:30:00+00:00,15093.3,15094.32,15084.3,15088.32,283
2026-07-03T03:35:00+00:00,15088.32,15092.8,15064.32,15067.32,346
2026-07-03T03:40:00+00:00,15067.32,15081.82,15065.31,15080.3,247
2026-07-03T03:45:00+00:00,15080.3,15080.32,15076.82,15078.82,121
2026-07-03T03:50:00+00:00,15078.82,15088.3,15078.3,15087.82,153
2026-07-03T03:55:00+00:00,15087.82,15089.31,15085.3,15086.81,97
2026-07-03T04:00:00+00:00,15086.81,15091.82,15085.81,15086.82,78
2026-07-03T04:05:00+00:00,15086.82,15087.3,15083.32,15086.81,35
2026-07-03T04:10:00+00:00,15086.81,15088.31,15085.3,15087.8,46
2026-07-03T04:15:00+00:00,15087.8,15087.8,15079.31,15084.31,45
2026-07-03T04:20:00+00:00,15084.31,15088.32,15083.31,15086.82,45.60471794871795
2026-07-03T04:25:00+00:00,15086.82,15089.82,15085.3,15088.31,57
2026-07-03T04:30:00+00:00,15088.31,15088.32,15081.82,15083.32,37
2026-07-03T04:35:00+00:00,15083.32,15091.32,15081.32,15090.32,43
2026-07-03T04:40:00+00:00,15090.32,15098.32,15090.32,15098.32,71
2026-07-03T04:45:00+00:00,15098.32,15099.32,15087.3,15088.3,100
2026-07-03T04:50:00+00:00,15088.3,15096.32,15086.3,15094.31,80
2026-07-03T04:55:00+00:00,15094.31,15114.81,15094.31,15110.32,192
2026-07-03T05:00:00+00:00,15110.32,15142.32,15101.3,15134.32,3259
2026-07-03T05:05:00+00:00,15134.32,15150.82,15120.81,15124.8,2319
2026-07-03T05:10:00+00:00,15124.8,15131.3,15049.31,15054.3,2301
2026-07-03T05:15:00+00:00,15054.3,15071.31,15047.3,15052.32,2067
2026-07-03T05:20:00+00:00,15052.32,15052.32,15014.3,15032.3,1924
2026-07-03T05:25:00+00:00,15032.3,15042.32,15013.3,15027.8,2134
2026-07-03T05:30:00+00:00,15027.8,15060.3,15020.82,15050.3,2141
2026-07-03T05:35:00+00:00,15050.3,15053.32,15009.31,15013.31,1637
2026-07-03T05:40:00+00:00,15013.31,15056.32,15013.31,15055.82,1510
2026-07-03T05:45:00+00:00,15055.82,15063.81,15045.8,15054.81,1617
2026-07-03T05:50:00+00:00,15054.81,15090.32,15051.8,15083.82,1267
2026-07-03T05:55:00+00:00,15083.82,15101.32,15077.8,15089.8,1024
2026-07-03T06:00:00+00:00,15089.8,15128.3,15089.8,15123.3,1727
2026-07-03T06:05:00+00:00,15123.3,15148.32,15114.31,15117.3,1601
2026-07-03T06:10:00+00:00,15117.3,15117.3,15077.82,15078.81,1563
2026-07-03T06:15:00+00:00,15078.81,15086.82,15060.82,15066.3,1244
2026-07-03T06:20:00+00:00,15066.3,15076.32,15045.3,15059.81,1160
2026-07-03T06:25:00+00:00,15059.81,15062.3,15039.32,15056.32,1070
2026-07-03T06:30:00+00:00,15056.32,15075.8,15005.3,15007.81,1968
2026-07-03T06:35:00+00:00,15007.81,15032.31,15000.3,15030.3,1853
2026-07-03T06:40:00+00:00,15030.3,15052.32,15026.3,15039.81,1047
2026-07-03T06:45:00+00:00,15039.81,15056.32,15022.3,15022.8,1126
2026-07-03T06:50:00+00:00,15022.8,15023.32,14989.3,14995.8,1195
2026-07-03T06:55:00+00:00,14995.8,15010.3,14991.32,14998.81,1343
2026-07-03T07:00:00+00:00,14998.81,14998.82,14977.3,14987.8,721
2026-07-03T07:05:00+00:00,14987.8,14995.3,14983.3,14995.3,199
2026-07-03T07:10:00+00:00,14995.3,14998.81,14992.8,14995.3,111
2026-07-03T07:15:00+00:00,14995.3,14996.32,14990.8,14992.8,83
2026-07-03T07:20:00+00:00,14992.8,14998.32,14989.31,14997.31,102
2026-07-03T07:25:00+00:00,14997.31,14999.32,14994.3,14997.82,68
2026-07-03T07:30:00+00:00,14997.82,14998.31,14987.31,14993.32,81
2026-07-03T07:35:00+00:00,14993.32,14993.32,14989.3,14989.3,57
2026-07-03T07:40:00+00:00,14989.3,14997.31,14989.3,14992.31,92
2026-07-03T07:45:00+00:00,14992.31,14992.31,14985.31,14991.3,125
2026-07-03T07:50:00+00:00,14991.3,14992.82,14989.3,14989.81,99
2026-07-03T07:55:00+00:00,14989.81,14996.32,14987.8,14988.31,159
2026-07-03T08:00:00+00:00,14988.31,15000.31,14983.82,14992.3,255
2026-07-03T08:05:00+00:00,14992.3,14993.32,14984.31,14985.82,141
2026-07-03T08:10:00+00:00,14985.82,14988.8,14983.8,14987.3,65
2026-07-03T08:15:00+00:00,14987.3,14987.32,14982.3,14983.3,102
2026-07-03T08:20:00+00:00,14983.3,14983.82,14981.3,14981.3,48
2026-07-03T08:25:00+00:00,14981.3,14986.32,14979.81,14980.8,127
2026-07-03T09:00:00+00:00,14980.8,14981.82,14973.8,14981.31,203
2026-07-03T09:05:00+00:00,14981.31,14996.31,14980.81,14994.82,82
2026-07-03T09:10:00+00:00,14994.82,15006.32,14989.8,14998.31,139
2026-07-03T09:15:00+00:00,14998.31,15007.31,14997.31,14997.31,125
2026-07-03T09:20:00+00:00,14997.31,15000.32,14992.3,14992.81,33
2026-07-03T09:25:00+00:00,14992.81,14992.81,14983.8,14983.82,64
2026-07-03T09:30:00+00:00,14983.82,14988.31,14981.8,14982.8,54
2026-07-03T09:35:00+00:00,14982.8,14985.82,14981.8,14984.32,34
2026-07-03T09:40:00+00:00,14984.32,14989.82,14984.31,14989.82,31
2026-07-03T09:45:00+00:00,14989.82,14993.3,14989.3,14989.32,29
2026-07-03T09:50:00+00:00,14989.32,14989.82,14985.8,14987.31,53
2026-07-03T09:55:00+00:00,14987.31,14989.3,14982.8,14986.32,79
2026-07-03T10:00:00+00:00,14986.32,14988.32,14985.3,14987.31,59
2026-07-03T10:05:00+00:00,14987.31,14992.32,14986.82,14989.31,31
2026-07-03T10:10:00+00:00,14989.31,14990.32,14984.32,14985.8,40
2026-07-03T10:15:00+00:00,14985.8,14985.81,14981.3,14982.32,35
2026-07-03T10:20:00+00:00,14982.32,14982.32,14978.32,14980.31,32.739422431161856
2026-07-03T10:25:00+00:00,14980.31,14980.32,14976.3,14976.82,37
2026-07-03T10:30:00+00:00,14976.82,14977.3,14974.31,14976.81,42
2026-07-03T10:35:00+00:00,14976.81,14981.82,14975.82,14981.32,60
2026-07-03T10:40:00+00:00,14981.32,14987.82,14981.31,14987.82,22
2026-07-03T10:45:00+00:00,14987.82,14987.82,14980.31,14981.8,24
2026-07-03T10:50:00+00:00,14981.8,14982.32,14981.3,14982.32,20.05540488182875
2026-07-03T10:55:00+00:00,14982.32,14988.32,14980.8,14982.82,28
2026-07-03T11:00:00+00:00,14982.82,14982.82,14981.3,14981.3,48
2026-07-03T11:05:00+00:00,14981.3,14981.3,14977.8,14979.32,26
2026-07-03T11:10:00+00:00,14979.32,14985.3,14978.82,14985.3,24
2026-07-03T11:15:00+00:00,14985.3,14985.32,14983.31,14983.8,14
2026-07-03T11:20:00+00:00,14983.8,14983.8,14981.3,14981.81,26
2026-07-03T11:25:00+00:00,14981.81,14982.3,14978.82,14980.3,16
2026-07-03T11:30:00+00:00,14980.3,14984.32,14979.81,14984.32,27
2026-07-03T11:35:00+00:00,14984.32,14984.32,14982.3,14982.31,15.412698412698413
2026-07-03T11:40:00+00:00,14982.31,14983.31,14980.81,14981.3,27.779771615008155
2026-07-03T11:45:00+00:00,14981.3,14981.81,14978.31,14978.31,20
2026-07-03T11:50:00+00:00,14978.31,14980.82,14978.3,14980.81,37
2026-07-03T11:55:00+00:00,14980.81,14985.82,14980.81,14984.8,20
2026-07-03T12:00:00+00:00,14984.8,14990.32,14984.8,14990.3,38
2026-07-03T12:05:00+00:00,14990.3,14991.32,14988.32,14989.32,42
2026-07-03T12:10:00+00:00,14989.32,14994.3,14988.3,14991.31,32
2026-07-03T12:15:00+00:00,14991.31,14991.31,14984.8,14984.8,42
2026-07-03T12:20:00+00:00,14984.8,14984.8,14982.3,14984.3,26.60900643316655
2026-07-03T12:25:00+00:00,14984.3,14986.31,14984.3,14985.31,21
2026-07-03T12:30:00+00:00,14985.31,14987.32,14984.3,14987.31,30
2026-07-03T12:35:00+00:00,14987.31,14990.31,14986.31,14989.32,16
2026-07-03T12:40:00+00:00,14989.32,14992.31,14989.3,14992.31,17
2026-07-03T12:45:00+00:00,14992.31,14995.82,14992.31,14994.3,21
2026-07-03T12:50:00+00:00,14994.3,14996.31,14993.3,14996.31,15
2026-07-03T12:55:00+00:00,14996.31,14997.32,14995.3,14996.31,14
2026-07-03T13:00:00+00:00,14996.31,15001.31,14996.3,14999.3,27
2026-07-03T13:05:00+00:00,14999.3,14999.32,14997.3,14998.32,16
2026-07-03T13:10:00+00:00,14998.32,14998.32,14994.3,14994.3,27
2026-07-03T13:15:00+00:00,14994.3,14999.81,14994.3,14999.3,32
2026-07-03T13:20:00+00:00,14999.3,15000.32,14997.8,14998.3,19
2026-07-03T13:25:00+00:00,14998.3,14998.32,14997.3,14997.32,18.2685370741483
2026-07-03T13:30:00+00:00,14997.32,15000.31,14994.31,14995.32,64
2026-07-03T13:35:00+00:00,14995.32,14998.32,14994.3,14994.81,40
2026-07-03T13:40:00+00:00,14994.81,14998.8,14994.3,14998.8,43
2026-07-03T13:45:00+00:00,14998.8,15003.32,14998.8,15002.3,46
2026-07-03T13:50:00+00:00,15002.3,15005.32,15001.3,15004.32,50
2026-07-03T13:55:00+00:00,15004.32,15007.32,15004.31,15005.3,28
2026-07-03T14:00:00+00:00,15005.3,15006.32,15001.3,15003.31,36
2026-07-03T14:05:00+00:00,15003.31,15005.32,15001.31,15002.3,22
2026-07-03T14:10:00+00:00,15002.3,15004.3,15000.8,15000.8,21
2026-07-03T14:15:00+00:00,15000.8,15006.32,14999.82,15003.31,30
2026-07-03T14:20:00+00:00,15003.31,15003.82,14997.3,14997.8,25
2026-07-03T14:25:00+00:00,14997.8,14999.82,14997.8,14999.81,17.06497175141243
2026-07-03T14:30:00+00:00,14999.81,14999.82,14996.81,14996.81,13
2026-07-03T14:35:00+00:00,14996.81,14997.8,14994.81,14995.82,28
2026-07-03T14:40:00+00:00,14995.82,15000.81,14995.82,14998.82,26
2026-07-03T14:45:00+00:00,14998.82,15006.82,14998.82,15005.8,26
2026-07-03T14:50:00+00:00,15005.8,15007.82,15003.81,15004.8,34
2026-07-03T14:55:00+00:00,15004.8,15006.32,15002.8,15006.3,38
2026-07-03T15:00:00+00:00,15006.3,15006.81,15002.8,15003.31,36
2026-07-03T15:05:00+00:00,15003.31,15005.81,15003.31,15004.32,14.306000000000001
2026-07-03T15:10:00+00:00,15004.32,15006.82,15001.8,15001.8,38
2026-07-03T15:15:00+00:00,15001.8,15003.82,15000.81,15001.32,24
2026-07-03T15:20:00+00:00,15001.32,15001.82,14998.31,14998.82,24
2026-07-03T15:25:00+00:00,14998.82,14998.82,14993.81,14994.31,41
2026-07-03T15:30:00+00:00,14994.31,14995.32,14990.8,14990.8,40
2026-07-03T15:35:00+00:00,14990.8,14997.81,14990.8,14995.32,27
2026-07-03T15:40:00+00:00,14995.32,14996.81,14994.8,14994.8,18
2026-07-03T15:45:00+00:00,14994.8,14996.82,14994.8,14995.81,25
2026-07-03T15:50:00+00:00,14995.81,14995.82,14992.8,14993.82,27
2026-07-03T15:55:00+00:00,14993.82,14993.82,14991.81,14992.82,14.339855818743564
2026-07-03T16:00:00+00:00,14992.82,14993.82,14991.8,14992.82,22
2026-07-03T16:05:00+00:00,14992.82,14995.82,14992.81,14994.81,31
2026-07-03T16:10:00+00:00,14994.81,15000.81,14994.3,14997.31,21
2026-07-03T16:15:00+00:00,14997.31,15001.3,14996.82,15001.3,23
2026-07-03T16:20:00+00:00,15001.3,15001.82,14996.82,14996.82,27
2026-07-03T16:25:00+00:00,14996.82,14998.81,14994.32,14997.3,51
2026-07-03T16:30:00+00:00,14997.3,14997.82,14995.8,14996.82,23
2026-07-03T16:35:00+00:00,14996.82,14996.82,14995.8,14996.32,12
2026-07-03T16:40:00+00:00,14996.32,14996.82,14995.8,14996.8,24
2026-07-03T16:45:00+00:00,14996.8,14996.82,14993.3,14994.32,41
2026-07-03T16:50:00+00:00,14994.32,14996.81,14993.8,14996.8,8
2026-07-03T16:55:00+00:00,14996.8,14997.8,14996.3,14996.8,27.19159836065574
2026-07-03T17:00:00+00:00,14996.8,14996.8,14995.8,14995.82,26.396248923056532
2026-07-03T17:05:00+00:00,14995.82,14996.31,14994.8,14994.82,12.87513340448239
2026-07-03T17:10:00+00:00,14994.82,14995.31,14994.8,14995.31,6.701675630028001
2026-07-03T17:15:00+00:00,14995.31,14995.32,14995.3,14995.3,6.749529424331873
2026-07-03T17:20:00+00:00,14995.3,14995.32,14995.3,14995.32,7.014950943537038
2026-07-03T17:25:00+00:00,14995.32,14995.82,14995.32,14995.82,6.48038049940547
2026-07-03T17:30:00+00:00,14995.82,14996.31,14995.81,14996.31,5.723276276923476
2026-07-03T17:35:00+00:00,14996.31,14996.31,14996.3,14996.3,7.237412813415149
2026-07-03T17:40:00+00:00,14996.3,14996.32,14996.3,14996.32,8.580312398040927
2026-07-03T17:45:00+00:00,14996.32,14997.32,14996.32,14997.31,9.826643417048107
2026-07-03T17:50:00+00:00,14997.31,14997.82,14996.82,14997.31,9.008871989860584
2026-07-03T17:55:00+00:00,14997.31,14998.81,14997.3,14998.32,6.249354005167959
2026-07-03T18:00:00+00:00,14998.32,14998.32,14996.3,14996.3,10.494148244473342
2026-07-03T18:05:00+00:00,14996.3,14996.32,14996.3,14996.32,6.808430714891011
2026-07-03T18:10:00+00:00,14996.32,14996.32,14996.3,14996.3,7.1174515972161965
2026-07-03T18:15:00+00:00,14996.3,14996.32,14996.3,14996.32,7.951384799044966
2026-07-03T18:20:00+00:00,14996.32,14997.8,14996.3,14996.32,7.343108504398827
2026-07-03T18:25:00+00:00,14996.32,14996.32,14996.3,14996.32,6.709678944311627
2026-07-03T18:30:00+00:00,14996.32,14996.82,14996.3,14996.8,8.112322807083487
2026-07-03T18:35:00+00:00,14996.8,14996.82,14996.8,14996.8,7.206762384440957
2026-07-03T18:40:00+00:00,14996.8,14997.32,14996.31,14996.81,12.666935868913745
2026-07-03T18:45:00+00:00,14996.81,14997.3,14996.81,14997.3,8.270254552580504
2026-07-03T18:50:00+00:00,14997.3,14997.32,14996.3,14996.3,14.022309380701024
2026-07-03T18:55:00+00:00,14996.3,14996.3,14994.3,14994.3,17.103202846975087
2026-07-03T19:00:00+00:00,14994.3,14994.82,14994.3,14994.31,11.25854405389289
2026-07-03T19:05:00+00:00,14994.31,14994.31,14993.81,14994.3,8.012904615020037
2026-07-03T19:10:00+00:00,14994.3,14994.32,14993.8,14994.3,15.314759046570716
2026-07-03T19:15:00+00:00,14994.3,14995.31,14994.3,14994.8,11.2015065913371
2026-07-03T19:20:00+00:00,14994.8,14994.8,14994.3,14994.3,11.5463200869141
2026-07-03T19:25:00+00:00,14994.3,14995.3,14994.3,14995.3,6.60077519379845
2026-07-03T19:30:00+00:00,14995.3,14995.32,14993.8,14994.32,17.578
2026-07-03T19:35:00+00:00,14994.32,14994.82,14994.3,14994.8,8.618852459016393
2026-07-03T19:40:00+00:00,14994.8,14994.82,14993.3,14993.3,25
2026-07-03T19:45:00+00:00,14993.3,14994.32,14993.3,14993.8,17
2026-07-03T19:50:00+00:00,14993.8,14994.32,14991.82,14992.3,14.686800894854587
2026-07-03T19:55:00+00:00,14992.3,14993.32,14980.8,14984.3,76.37946428571428
2026-07-03T20:00:00+00:00,14984.3,14984.32,14980.82,14984.31,212
2026-07-03T20:05:00+00:00,14984.31,14984.82,14982.3,14982.3,47.245469522240526
2026-07-03T20:10:00+00:00,14982.3,14983.81,14982.3,14982.3,59.256578947368425
2026-07-03T20:15:00+00:00,14982.3,14983.32,14980.31,14981.32,29
2026-07-03T20:20:00+00:00,14981.32,14982.32,14981.3,14982.32,16
2026-07-03T20:25:00+00:00,14982.32,14982.32,14980.3,14980.82,66.19309262166405
2026-07-03T20:30:00+00:00,14980.82,14985.3,14980.8,14985.3,529
2026-07-03T20:35:00+00:00,14985.3,14990.32,14985.3,14987.82,260
2026-07-03T20:40:00+00:00,14987.82,14988.8,14987.3,14987.31,235
2026-07-06T01:00:00+00:00,14987.31,14990.82,14951.82,14953.34,340.618005889777
2026-07-06T01:05:00+00:00,14953.34,14977.34,14951.83,14975.83,293
2026-07-06T01:10:00+00:00,14975.83,14996.84,14975.82,14988.33,277
2026-07-06T01:15:00+00:00,14988.33,15078.84,14982.82,15078.32,1303
2026-07-06T01:20:00+00:00,15078.32,15087.32,15056.32,15071.84,987
2026-07-06T01:25:00+00:00,15071.84,15113.83,15056.82,15068.82,1235
2026-07-06T01:30:00+00:00,15068.82,15077.34,14960.83,14972.82,7259
2026-07-06T01:35:00+00:00,14972.82,15001.84,14931.33,14978.34,6531
2026-07-06T01:40:00+00:00,14978.34,15026.34,14971.84,15018.83,5256
2026-07-06T01:45:00+00:00,15018.83,15055.84,15014.32,15046.32,4212
2026-07-06T01:50:00+00:00,15046.32,15071.83,15022.32,15057.83,3456
2026-07-06T01:55:00+00:00,15057.83,15058.34,15019.33,15030.34,3744
2026-07-06T02:00:00+00:00,15030.34,15056.84,15019.83,15024.82,3470
2026-07-06T02:05:00+00:00,15024.82,15069.84,15016.33,15063.83,3473
2026-07-06T02:10:00+00:00,15063.83,15067.82,15025.83,15038.83,2791
2026-07-06T02:15:00+00:00,15038.83,15046.84,14996.82,15004.84,2849
2026-07-06T02:20:00+00:00,15004.84,15020.82,14971.33,14985.32,2773
2026-07-06T02:25:00+00:00,14985.32,14996.84,14952.83,14955.84,2810
2026-07-06T02:30:00+00:00,14955.84,14965.83,14913.32,14922.33,2594
2026-07-06T02:35:00+00:00,14922.33,14978.83,14893.82,14958.33,2955
2026-07-06T02:40:00+00:00,14958.33,14979.32,14942.83,14944.83,3142
2026-07-06T02:45:00+00:00,14944.83,14960.82,14900.82,14904.32,2877
2026-07-06T02:50:00+00:00,14904.32,14948.83,14887.33,14928.83,3197
2026-07-06T02:55:00+00:00,14928.83,14996.84,14921.32,14983.34,2896
2026-07-06T03:00:00+00:00,14983.34,14991.84,14965.32,14980.83,2945
2026-07-06T03:05:00+00:00,14980.83,15021.84,14980.82,15016.83,2392
2026-07-06T03:10:00+00:00,15016.83,15055.84,15008.82,15052.83,2108
2026-07-06T03:15:00+00:00,15052.83,15065.82,15029.83,15039.83,2498
2026-07-06T03:20:00+00:00,15039.83,15055.84,15032.82,15042.32,2102
2026-07-06T03:25:00+00:00,15042.32,15082.84,15028.82,15073.34,1838
2026-07-06T03:30:00+00:00,15073.34,15079.34,15054.32,15073.82,651
2026-07-06T03:35:00+00:00,15073.82,15090.84,15072.83,15082.83,425
2026-07-06T03:40:00+00:00,15082.83,15083.33,15066.83,15068.84,309
2026-07-06T03:45:00+00:00,15068.84,15079.84,15067.82,15075.33,203
2026-07-06T03:50:00+00:00,15075.33,15075.33,15065.82,15065.83,178
2026-07-06T03:55:00+00:00,15065.83,15077.32,15065.32,15076.84,167
2026-07-06T04:00:00+00:00,15076.84,15076.84,15065.32,15066.34,76
2026-07-06T04:05:00+00:00,15066.34,15068.34,15058.83,15059.83,64
2026-07-06T04:10:00+00:00,15059.83,15067.84,15059.83,15066.82,114
2026-07-06T04:15:00+00:00,15066.82,15070.84,15062.83,15070.84,90
2026-07-06T04:20:00+00:00,15070.84,15070.84,15065.84,15065.84,44
2026-07-06T04:25:00+00:00,15065.84,15069.84,15064.82,15066.84,105
2026-07-06T04:30:00+00:00,15066.84,15071.33,15066.32,15066.33,93
2026-07-06T04:35:00+00:00,15066.33,15073.84,15066.33,15072.33,53
2026-07-06T04:40:00+00:00,15072.33,15077.83,15070.32,15075.32,73
2026-07-06T04:45:00+00:00,15075.32,15079.82,15073.32,15074.32,89
2026-07-06T04:50:00+00:00,15074.32,15076.83,15072.84,15074.82,61
2026-07-06T04:55:00+00:00,15074.82,15077.84,15073.82,15074.34,66
2026-07-06T05:00:00+00:00,15074.34,15086.82,15046.33,15066.33,3214
2026-07-06T05:05:00+00:00,15066.33,15070.83,15038.83,15038.83,2207
2026-07-06T05:10:00+00:00,15038.83,15068.84,15033.32,15041.34,2098
2026-07-06T05:15:00+00:00,15041.34,15055.84,15028.32,15029.34,1444
2026-07-06T05:20:00+00:00,15029.34,15044.34,15020.84,15037.34,1365
2026-07-06T05:25:00+00:00,15037.34,15067.82,15036.34,15045.82,1588
2026-07-06T05:30:00+00:00,15045.82,15045.82,15001.83,15013.84,1696
2026-07-06T05:35:00+00:00,15013.84,15046.84,15007.83,15045.84,1428
2026-07-06T05:40:00+00:00,15045.84,15082.33,15045.32,15081.82,1557
2026-07-06T05:45:00+00:00,15081.82,15089.32,15056.83,15076.33,1466
2026-07-06T05:50:00+00:00,15076.33,15087.84,15070.32,15074.83,1351
2026-07-06T05:55:00+00:00,15074.83,15085.82,15062.32,15065.34,1198
2026-07-06T06:00:00+00:00,15065.34,15079.83,15062.32,15077.32,1308
2026-07-06T06:05:00+00:00,15077.32,15090.34,15067.33,15070.82,1103
2026-07-06T06:10:00+00:00,15070.82,15075.83,15056.82,15066.32,992
2026-07-06T06:15:00+00:00,15066.32,15066.32,15050.82,15052.32,916
2026-07-06T06:20:00+00:00,15052.32,15066.34,15045.82,15048.83,930
2026-07-06T06:25:00+00:00,15048.83,15051.84,15039.34,15044.32,837
2026-07-06T06:30:00+00:00,15044.32,15067.34,15041.32,15062.84,1085
2026-07-06T06:35:00+00:00,15062.84,15074.32,15032.84,15033.84,904
2026-07-06T06:40:00+00:00,15033.84,15042.34,15024.82,15032.34,873
2026-07-06T06:45:00+00:00,15032.34,15047.32,15031.84,15040.34,807
2026-07-06T06:50:00+00:00,15040.34,15041.83,15016.82,15022.32,745
2026-07-06T06:55:00+00:00,15022.32,15026.83,15012.82,15020.32,758
2026-07-06T07:00:00+00:00,15020.32,15025.84,14999.84,15005.32,605
2026-07-06T07:05:00+00:00,15005.32,15015.83,15002.33,15005.83,318
2026-07-06T07:10:00+00:00,15005.83,15020.34,15005.82,15020.34,184
2026-07-06T07:15:00+00:00,15020.34,15031.84,15020.34,15025.82,151
2026-07-06T07:20:00+00:00,15025.82,15030.32,15022.83,15023.83,87
2026-07-06T07:25:00+00:00,15023.83,15026.84,15022.33,15026.33,71
2026-07-06T07:30:00+00:00,15026.33,15027.82,15015.84,15018.34,198
2026-07-06T07:35:00+00:00,15018.34,15029.34,15016.83,15023.33,104
2026-07-06T07:40:00+00:00,15023.33,15035.34,15023.32,15031.84,72
2026-07-06T07:45:00+00:00,15031.84,15033.84,15027.82,15028.83,82
2026-07-06T07:50:00+00:00,15028.83,15031.84,15024.82,15029.33,82
2026-07-06T07:55:00+00:00,15029.33,15030.84,15027.82,15029.33,156
2026-07-06T08:00:00+00:00,15029.33,15033.84,15028.82,15031.83,312
2026-07-06T08:05:00+00:00,15031.83,15039.84,15030.84,15035.84,235
2026-07-06T08:10:00+00:00,15035.84,15036.84,15026.32,15032.83,122
2026-07-06T08:15:00+00:00,15032.83,15034.84,15028.83,15029.82,165
2026-07-06T08:20:00+00:00,15029.82,15030.84,15025.82,15027.84,64
2026-07-06T08:25:00+00:00,15027.84,15033.34,15026.82,15031.32,118
2026-07-06T09:00:00+00:00,15031.32,15031.83,15005.82,15015.84,286
2026-07-06T09:05:00+00:00,15015.84,15018.83,15014.32,15017.34,60
2026-07-06T09:10:00+00:00,15017.34,15021.82,15014.33,15016.83,110
2026-07-06T09:15:00+00:00,15016.83,15019.34,15004.32,15005.34,132
2026-07-06T09:20:00+00:00,15005.34,15010.34,15004.83,15008.33,92
2026-07-06T09:25:00+00:00,15008.33,15008.84,15004.32,15005.33,101
2026-07-06T09:30:00+00:00,15005.33,15007.34,14994.83,14996.83,121
2026-07-06T09:35:00+00:00,14996.83,14999.84,14993.82,14994.33,158
2026-07-06T09:40:00+00:00,14994.33,15001.33,14993.82,15001.33,169
2026-07-06T09:45:00+00:00,15001.33,15008.34,15001.33,15007.82,75
2026-07-06T09:50:00+00:00,15007.82,15013.84,15006.82,15010.83,72
2026-07-06T09:55:00+00:00,15010.83,15010.83,15008.32,15009.84,26
2026-07-06T10:00:00+00:00,15009.84,15014.84,15009.32,15010.82,79
2026-07-06T10:05:00+00:00,15010.82,15011.82,15007.34,15009.82,41
2026-07-06T10:10:00+00:00,15009.82,15014.82,15008.82,15014.82,30
2026-07-06T10:15:00+00:00,15014.82,15016.33,15013.32,15015.34,56
2026-07-06T10:20:00+00:00,15015.34,15016.84,15011.82,15012.34,38
2026-07-06T10:25:00+00:00,15012.34,15014.33,15011.82,15014.33,27
2026-07-06T10:30:00+00:00,15014.33,15018.84,15014.33,15018.82,53
2026-07-06T10:35:00+00:00,15018.82,15018.84,15015.83,15016.83,39
2026-07-06T10:40:00+00:00,15016.83,15017.34,15010.82,15010.83,54
2026-07-06T10:45:00+00:00,15010.83,15011.84,15007.82,15010.33,46
2026-07-06T10:50:00+00:00,15010.33,15013.83,15009.32,15012.33,43
2026-07-06T10:55:00+00:00,15012.33,15013.84,15010.32,15010.82,35
2026-07-06T11:00:00+00:00,15010.82,15012.33,15005.84,15006.83,62
2026-07-06T11:05:00+00:00,15006.83,15006.84,15003.82,15005.82,61
2026-07-06T11:10:00+00:00,15005.82,15006.84,15005.34,15006.82,55
2026-07-06T11:15:00+00:00,15006.82,15009.33,15004.32,15008.84,44
2026-07-06T11:20:00+00:00,15008.84,15012.82,15008.34,15009.84,45
2026-07-06T11:25:00+00:00,15009.84,15011.34,15009.82,15010.34,26
2026-07-06T11:30:00+00:00,15010.34,15013.33,15009.82,15013.33,46
2026-07-06T11:35:00+00:00,15013.33,15013.84,15011.82,15011.82,35
2026-07-06T11:40:00+00:00,15011.82,15014.82,15010.83,15014.82,32
2026-07-06T11:45:00+00:00,15014.82,15015.84,15012.34,15012.82,28
2026-07-06T11:50:00+00:00,15012.82,15014.33,15010.82,15012.34,21
2026-07-06T11:55:00+00:00,15012.34,15013.84,15008.82,15008.83,36
2026-07-06T12:00:00+00:00,15008.83,15013.84,15007.82,15013.84,79
2026-07-06T12:05:00+00:00,15013.84,15015.82,15010.84,15014.82,53
2026-07-06T12:10:00+00:00,15014.82,15016.84,15013.82,15016.33,34
2026-07-06T12:15:00+00:00,15016.33,15017.84,15013.82,15017.83,46
2026-07-06T12:20:00+00:00,15017.83,15017.83,15010.84,15011.82,58
2026-07-06T12:25:00+00:00,15011.82,15012.84,15007.82,15008.32,51
2026-07-06T12:30:00+00:00,15008.32,15009.33,15002.83,15004.83,50
2026-07-06T12:35:00+00:00,15004.83,15006.34,15003.82,15003.82,51
2026-07-06T12:40:00+00:00,15003.82,15003.84,15000.83,15001.83,63
2026-07-06T12:45:00+00:00,15001.83,15003.83,15001.82,15002.83,42
2026-07-06T12:50:00+00:00,15002.83,15003.32,15000.33,15003.32,40
2026-07-06T12:55:00+00:00,15003.32,15003.84,15000.82,15002.34,25
2026-07-06T13:00:00+00:00,15002.34,15002.84,14992.34,14994.82,77
2026-07-06T13:05:00+00:00,14994.82,15000.34,14992.34,14997.82,55
2026-07-06T13:10:00+00:00,14997.82,14999.84,14996.82,14997.33,42
2026-07-06T13:15:00+00:00,14997.33,15002.34,14997.33,15002.32,43
2026-07-06T13:20:00+00:00,15002.32,15006.82,15002.32,15002.83,53
2026-07-06T13:25:00+00:00,15002.83,15010.84,15001.84,15008.83,75
2026-07-06T13:30:00+00:00,15008.83,15022.84,15008.83,15021.33,547
2026-07-06T13:35:00+00:00,15021.33,15021.84,15009.82,15015.82,418
2026-07-06T13:40:00+00:00,15015.82,15020.84,15011.83,15018.34,298
2026-07-06T13:45:00+00:00,15018.34,15021.84,15016.82,15018.84,384
2026-07-06T13:50:00+00:00,15018.84,15024.84,15016.83,15019.84,210
2026-07-06T13:55:00+00:00,15019.84,15027.32,15018.82,15023.83,171
2026-07-06T14:00:00+00:00,15023.83,15024.83,15012.82,15013.84,428
2026-07-06T14:05:00+00:00,15013.84,15020.84,15013.82,15018.84,214
2026-07-06T14:10:00+00:00,15018.84,15024.83,15017.83,15023.84,169
2026-07-06T14:15:00+00:00,15023.84,15023.84,15016.83,15017.82,167
2026-07-06T14:20:00+00:00,15017.82,15021.84,15017.82,15019.32,128
2026-07-06T14:25:00+00:00,15019.32,15020.84,15017.82,15018.84,143
2026-07-06T14:30:00+00:00,15018.84,15019.83,15013.32,15018.33,153
2026-07-06T14:35:00+00:00,15018.33,15019.83,15014.82,15015.34,104
2026-07-06T14:40:00+00:00,15015.34,15017.84,15009.82,15016.83,145
2026-07-06T14:45:00+00:00,15016.83,15018.84,15015.34,15017.32,94
2026-07-06T14:50:00+00:00,15017.32,15022.83,15017.32,15021.83,80
2026-07-06T14:55:00+00:00,15021.83,15023.34,15018.33,15022.84,125
2026-07-06T15:00:00+00:00,15022.84,15027.84,15019.84,15026.33,119
2026-07-06T15:05:00+00:00,15026.33,15029.83,15024.83,15029.33,103
2026-07-06T15:10:00+00:00,15029.33,15031.83,15021.33,15025.33,111
2026-07-06T15:15:00+00:00,15025.33,15028.34,15025.33,15027.83,94
2026-07-06T15:20:00+00:00,15027.83,15033.84,15025.83,15031.83,90
2026-07-06T15:25:00+00:00,15031.83,15040.84,15031.34,15040.84,75
2026-07-06T15:30:00+00:00,15040.84,15045.84,15039.82,15041.84,124
2026-07-06T15:35:00+00:00,15041.84,15042.34,15034.32,15037.32,95
2026-07-06T15:40:00+00:00,15037.32,15041.83,15036.82,15040.33,55
2026-07-06T15:45:00+00:00,15040.33,15044.83,15040.32,15043.82,113
2026-07-06T15:50:00+00:00,15043.82,15045.84,15034.83,15037.84,79
2026-07-06T15:55:00+00:00,15037.84,15039.84,15037.82,15038.32,51
2026-07-06T16:00:00+00:00,15038.32,15038.83,15034.84,15035.34,59
2026-07-06T16:05:00+00:00,15035.34,15035.84,15033.82,15033.83,21
2026-07-06T16:10:00+00:00,15033.83,15039.84,15033.83,15035.32,45
2026-07-06T16:15:00+00:00,15035.32,15035.84,15030.82,15033.82,39
2026-07-06T16:20:00+00:00,15033.82,15035.84,15033.82,15035.83,43
2026-07-06T16:25:00+00:00,15035.83,15036.33,15032.84,15035.84,40
2026-07-06T16:30:00+00:00,15035.84,15038.83,15033.82,15035.84,57
2026-07-06T16:35:00+00:00,15035.84,15037.84,15035.34,15036.83,58
2026-07-06T16:40:00+00:00,15036.83,15038.34,15036.32,15036.84,23
2026-07-06T16:45:00+00:00,15036.84,15038.84,15034.32,15038.84,32
2026-07-06T16:50:00+00:00,15038.84,15039.84,15034.82,15035.34,68
2026-07-06T16:55:00+00:00,15035.34,15036.84,15033.82,15036.84,59
2026-07-06T17:00:00+00:00,15036.84,15038.34,15034.82,15035.33,54
2026-07-06T17:05:00+00:00,15035.33,15039.83,15035.32,15037.84,43
2026-07-06T17:10:00+00:00,15037.84,15038.84,15036.82,15038.82,58
2026-07-06T17:15:00+00:00,15038.82,15039.84,15037.82,15038.82,27
2026-07-06T17:20:00+00:00,15038.82,15040.82,15036.82,15040.82,64
2026-07-06T17:25:00+00:00,15040.82,15042.84,15040.33,15040.33,44
2026-07-06T17:30:00+00:00,15040.33,15040.84,15034.83,15037.83,60
2026-07-06T17:35:00+00:00,15037.83,15038.83,15034.84,15036.34,56
2026-07-06T17:40:00+00:00,15036.34,15036.34,15030.83,15035.32,73
2026-07-06T17:45:00+00:00,15035.32,15036.84,15032.83,15036.33,53
2026-07-06T17:50:00+00:00,15036.33,15037.84,15034.82,15034.83,70
2026-07-06T17:55:00+00:00,15034.83,15036.84,15033.82,15034.82,57
2026-07-06T18:00:00+00:00,15034.82,15039.82,15033.82,15038.83,41
2026-07-06T18:05:00+00:00,15038.83,15039.84,15037.82,15038.82,44
2026-07-06T18:10:00+00:00,15038.82,15039.84,15038.82,15038.84,40
2026-07-06T18:15:00+00:00,15038.84,15042.83,15038.84,15042.33,55
2026-07-06T18:20:00+00:00,15042.33,15042.82,15040.82,15041.83,34
2026-07-06T18:25:00+00:00,15041.83,15042.84,15040.82,15041.33,37
2026-07-06T18:30:00+00:00,15041.33,15041.84,15039.82,15040.82,54.78547854785479
2026-07-06T18:35:00+00:00,15040.82,15042.84,15040.34,15040.84,29
2026-07-06T18:40:00+00:00,15040.84,15040.84,15038.82,15040.33,35.883620689655174
2026-07-06T18:45:00+00:00,15040.33,15042.84,15039.84,15040.83,37
2026-07-06T18:50:00+00:00,15040.83,15042.33,15040.82,15041.84,11
2026-07-06T18:55:00+00:00,15041.84,15043.82,15040.83,15042.33,36
2026-07-06T19:00:00+00:00,15042.33,15044.84,15042.33,15043.83,27
2026-07-06T19:05:00+00:00,15043.83,15044.84,15042.82,15044.84,29
2026-07-06T19:10:00+00:00,15044.84,15044.84,15042.82,15043.84,28.869696969696967
2026-07-06T19:15:00+00:00,15043.84,15045.83,15042.82,15044.83,22
2026-07-06T19:20:00+00:00,15044.83,15046.84,15044.83,15046.84,29
2026-07-06T19:25:00+00:00,15046.84,15046.84,15043.32,15044.83,27
2026-07-06T19:30:00+00:00,15044.83,15044.83,15039.82,15040.84,60
2026-07-06T19:35:00+00:00,15040.84,15042.34,15039.82,15041.34,39
2026-07-06T19:40:00+00:00,15041.34,15042.84,15040.33,15042.84,31
2026-07-06T19:45:00+00:00,15042.84,15044.34,15042.82,15043.83,39
2026-07-06T19:50:00+00:00,15043.83,15046.82,15042.82,15044.82,86
2026-07-06T19:55:00+00:00,15044.82,15048.84,15041.84,15048.33,95
2026-07-06T20:00:00+00:00,15048.33,15048.33,15046.33,15047.33,26.835850956696877
2026-07-06T20:05:00+00:00,15047.33,15047.33,15045.82,15045.83,10
2026-07-06T20:10:00+00:00,15045.83,15045.83,15044.33,15044.33,10
2026-07-06T20:15:00+00:00,15044.33,15045.84,15044.32,15045.83,8.732796370987977
2026-07-06T20:20:00+00:00,15045.83,15045.84,15045.32,15045.83,12.768811341330427
2026-07-06T20:25:00+00:00,15045.83,15045.83,15044.82,15045.33,11
2026-07-06T20:30:00+00:00,15045.33,15045.82,15044.83,15045.32,6.8488241881299
2026-07-06T20:35:00+00:00,15045.32,15045.34,15043.82,15043.82,13
2026-07-06T20:40:00+00:00,15043.82,15043.83,15043.82,15043.82,9.384099019680924
2026-07-07T01:00:00+00:00,15043.82,15043.82,14978.449999999999,14990.939999999999,418.73292307692304
2026-07-07T01:05:00+00:00,14990.939999999999,14997.96,14984.449999999999,14992.96,245
2026-07-07T01:10:00+00:00,14992.96,15004.96,14987.439999999999,14991.949999999999,272
2026-07-07T01:15:00+00:00,14991.949999999999,15013.949999999999,14980.939999999999,14980.949999999999,887
2026-07-07T01:20:00+00:00,14980.949999999999,14983.449999999999,14946.449999999999,14957.949999999999,927
2026-07-07T01:25:00+00:00,14957.949999999999,14990.439999999999,14956.96,14983.96,1316
2026-07-07T01:30:00+00:00,14983.96,15032.96,14951.46,15013.46,6345
2026-07-07T01:35:00+00:00,15013.46,15023.96,14987.439999999999,15016.939999999999,4588
2026-07-07T01:40:00+00:00,15016.939999999999,15039.46,15003.439999999999,15030.939999999999,3742
2026-07-07T01:45:00+00:00,15030.939999999999,15080.96,15030.939999999999,15068.449999999999,3287
2026-07-07T01:50:00+00:00,15068.449999999999,15078.96,15054.939999999999,15076.96,2859
2026-07-07T01:55:00+00:00,15076.96,15078.96,15019.96,15048.939999999999,2852
2026-07-07T02:00:00+00:00,15048.939999999999,15076.949999999999,15037.439999999999,15070.949999999999,2406
2026-07-07T02:05:00+00:00,15070.949999999999,15092.96,15065.949999999999,15067.439999999999,2267
2026-07-07T02:10:00+00:00,15067.439999999999,15087.46,15047.439999999999,15067.439999999999,2338
2026-07-07T02:15:00+00:00,15067.439999999999,15073.96,15047.449999999999,15051.439999999999,2094
2026-07-07T02:20:00+00:00,15051.439999999999,15052.46,15006.439999999999,15009.439999999999,2024
2026-07-07T02:25:00+00:00,15009.439999999999,15022.949999999999,14993.939999999999,14993.949999999999,2307
2026-07-07T02:30:00+00:00,14993.949999999999,15005.949999999999,14978.939999999999,15000.46,1882
2026-07-07T02:35:00+00:00,15000.46,15021.439999999999,15000.439999999999,15015.96,2073
2026-07-07T02:40:00+00:00,15015.96,15022.46,15004.449999999999,15009.439999999999,1887
2026-07-07T02:45:00+00:00,15009.439999999999,15011.949999999999,14991.96,14998.439999999999,1670
2026-07-07T02:50:00+00:00,14998.439999999999,15007.96,14982.939999999999,15003.939999999999,1646
2026-07-07T02:55:00+00:00,15003.939999999999,15009.939999999999,14978.939999999999,14982.46,1281
2026-07-07T03:00:00+00:00,14982.46,15021.949999999999,14973.949999999999,15021.949999999999,1637
2026-07-07T03:05:00+00:00,15021.949999999999,15040.96,15010.939999999999,15034.939999999999,1683
2026-07-07T03:10:00+00:00,15034.939999999999,15040.939999999999,14980.439999999999,14989.96,1641
2026-07-07T03:15:00+00:00,14989.96,15001.46,14975.96,14989.949999999999,1600
2026-07-07T03:20:00+00:00,14989.949999999999,14997.449999999999,14976.939999999999,14982.449999999999,1413
2026-07-07T03:25:00+00:00,14982.449999999999,15005.46,14975.439999999999,14993.939999999999,1466
2026-07-07T03:30:00+00:00,14993.939999999999,14997.96,14983.949999999999,14985.949999999999,485
2026-07-07T03:35:00+00:00,14985.949999999999,15018.96,14985.949999999999,14994.439999999999,436
2026-07-07T03:40:00+00:00,14994.439999999999,14994.939999999999,14986.439999999999,14988.949999999999,142
2026-07-07T03:45:00+00:00,14988.949999999999,14991.949999999999,14979.939999999999,14982.449999999999,198
2026-07-07T03:50:00+00:00,14982.449999999999,14984.449999999999,14977.46,14980.949999999999,162
2026-07-07T03:55:00+00:00,14980.949999999999,14983.46,14978.939999999999,14981.949999999999,133
2026-07-07T04:00:00+00:00,14981.949999999999,14986.939999999999,14977.439999999999,14986.439999999999,59
2026-07-07T04:05:00+00:00,14986.439999999999,14990.46,14985.449999999999,14985.449999999999,95
2026-07-07T04:10:00+00:00,14985.449999999999,14990.449999999999,14980.939999999999,14982.96,103
2026-07-07T04:15:00+00:00,14982.96,14983.439999999999,14973.939999999999,14976.949999999999,92
2026-07-07T04:20:00+00:00,14976.949999999999,14977.96,14973.46,14973.46,106
2026-07-07T04:25:00+00:00,14973.46,14974.939999999999,14966.439999999999,14970.939999999999,139
2026-07-07T04:30:00+00:00,14970.939999999999,14976.949999999999,14968.939999999999,14969.439999999999,179
2026-07-07T04:35:00+00:00,14969.439999999999,14981.949999999999,14968.939999999999,14980.46,73
2026-07-07T04:40:00+00:00,14980.46,14984.949999999999,14974.949999999999,14975.439999999999,102
2026-07-07T04:45:00+00:00,14975.439999999999,14981.439999999999,14975.439999999999,14977.949999999999,80
2026-07-07T04:50:00+00:00,14977.949999999999,14978.96,14975.439999999999,14976.949999999999,51
2026-07-07T04:55:00+00:00,14976.949999999999,14981.96,14976.939999999999,14981.949999999999,61
2026-07-07T05:00:00+00:00,14981.949999999999,14981.949999999999,14919.939999999999,14929.439999999999,3145
2026-07-07T05:05:00+00:00,14929.439999999999,14938.96,14873.939999999999,14876.96,1740
2026-07-07T05:10:00+00:00,14876.96,14889.96,14855.939999999999,14858.949999999999,1992
2026-07-07T05:15:00+00:00,14858.949999999999,14889.46,14845.939999999999,14876.939999999999,1865
2026-07-07T05:20:00+00:00,14876.939999999999,14899.439999999999,14863.939999999999,14893.46,2368
2026-07-07T05:25:00+00:00,14893.46,14966.949999999999,14888.949999999999,14960.939999999999,2684
2026-07-07T05:30:00+00:00,14960.939999999999,15008.949999999999,14956.939999999999,14982.949999999999,3266
2026-07-07T05:35:00+00:00,14982.949999999999,15010.96,14970.439999999999,14984.939999999999,2534
2026-07-07T05:40:00+00:00,14984.939999999999,15021.96,14982.949999999999,15021.439999999999,2314
2026-07-07T05:45:00+00:00,15021.439999999999,15032.96,14997.939999999999,15008.449999999999,2085
2026-07-07T05:50:00+00:00,15008.449999999999,15029.96,15003.96,15020.439999999999,1961
2026-07-07T05:55:00+00:00,15020.439999999999,15030.949999999999,14987.439999999999,14989.439999999999,1565
2026-07-07T06:00:00+00:00,14989.439999999999,15013.46,14984.439999999999,14989.439999999999,1425
2026-07-07T06:05:00+00:00,14989.439999999999,14989.96,14950.439999999999,14951.439999999999,1404
2026-07-07T06:10:00+00:00,14951.439999999999,14958.96,14925.949999999999,14937.949999999999,1737
2026-07-07T06:15:00+00:00,14937.949999999999,14963.46,14929.439999999999,14955.46,1500
2026-07-07T06:20:00+00:00,14955.46,14958.46,14935.439999999999,14941.449999999999,1227
2026-07-07T06:25:00+00:00,14941.449999999999,14964.96,14934.939999999999,14958.939999999999,1128
2026-07-07T06:30:00+00:00,14958.939999999999,14980.439999999999,14951.439999999999,14978.96,1548
2026-07-07T06:35:00+00:00,14978.96,15006.46,14977.939999999999,15003.96,1300
2026-07-07T06:40:00+00:00,15003.96,15009.949999999999,14985.949999999999,14987.46,1445
2026-07-07T06:45:00+00:00,14987.46,14990.949999999999,14955.439999999999,14974.949999999999,1060
2026-07-07T06:50:00+00:00,14974.949999999999,14980.46,14949.46,14956.46,1086
2026-07-07T06:55:00+00:00,14956.46,14968.96,14954.939999999999,14968.46,963
2026-07-07T07:00:00+00:00,14968.46,14968.46,14954.449999999999,14956.939999999999,429
2026-07-07T07:05:00+00:00,14956.939999999999,14961.46,14954.939999999999,14959.439999999999,301
2026-07-07T07:10:00+00:00,14959.439999999999,14969.949999999999,14958.939999999999,14966.96,226
2026-07-07T07:15:00+00:00,14966.96,14978.96,14966.439999999999,14973.46,238
2026-07-07T07:20:00+00:00,14973.46,14975.949999999999,14968.949999999999,14971.949999999999,226
2026-07-07T07:25:00+00:00,14971.949999999999,14975.96,14968.96,14975.46,156
2026-07-07T07:30:00+00:00,14975.46,14975.949999999999,14970.949999999999,14973.96,153
2026-07-07T07:35:00+00:00,14973.96,14977.939999999999,14972.939999999999,14974.449999999999,110
2026-07-07T07:40:00+00:00,14974.449999999999,14976.96,14967.949999999999,14972.46,112
2026-07-07T07:45:00+00:00,14972.46,14972.96,14966.939999999999,14967.449999999999,99
2026-07-07T07:50:00+00:00,14967.449999999999,14973.46,14965.96,14970.949999999999,93
2026-07-07T07:55:00+00:00,14970.949999999999,14973.96,14969.439999999999,14970.96,147
2026-07-07T08:00:00+00:00,14970.96,14971.449999999999,14963.449999999999,14964.96,189
2026-07-07T08:05:00+00:00,14964.96,14966.46,14962.939999999999,14964.939999999999,123
2026-07-07T08:10:00+00:00,14964.939999999999,14974.439999999999,14964.939999999999,14972.46,82
2026-07-07T08:15:00+00:00,14972.46,14974.96,14969.939999999999,14972.449999999999,79
2026-07-07T08:20:00+00:00,14972.449999999999,14975.96,14971.96,14975.949999999999,68
2026-07-07T08:25:00+00:00,14975.949999999999,14976.439999999999,14971.449999999999,14975.96,72
2026-07-07T09:00:00+00:00,14975.96,14975.96,14957.439999999999,14970.939999999999,154
2026-07-07T09:05:00+00:00,14970.939999999999,14974.96,14969.939999999999,14974.439999999999,47
2026-07-07T09:10:00+00:00,14974.439999999999,14976.449999999999,14972.449999999999,14976.449999999999,39
2026-07-07T09:15:00+00:00,14976.449999999999,14984.96,14973.96,14983.96,76
2026-07-07T09:20:00+00:00,14983.96,14985.96,14982.439999999999,14983.449999999999,60
2026-07-07T09:25:00+00:00,14983.449999999999,14984.46,14979.939999999999,14980.46,100
2026-07-07T09:30:00+00:00,14980.46,14981.46,14975.96,14981.449999999999,54
2026-07-07T09:35:00+00:00,14981.449999999999,14987.949999999999,14979.939999999999,14986.439999999999,71
2026-07-07T09:40:00+00:00,14986.439999999999,14988.449999999999,14985.439999999999,14986.949999999999,50
2026-07-07T09:45:00+00:00,14986.949999999999,14990.939999999999,14983.96,14984.949999999999,64
2026-07-07T09:50:00+00:00,14984.949999999999,14984.96,14980.939999999999,14981.439999999999,44
2026-07-07T09:55:00+00:00,14981.439999999999,14985.449999999999,14981.439999999999,14981.949999999999,35
2026-07-07T10:00:00+00:00,14981.949999999999,14984.46,14979.939999999999,14979.96,74
2026-07-07T10:05:00+00:00,14979.96,14980.949999999999,14973.939999999999,14976.96,55
2026-07-07T10:10:00+00:00,14976.96,14978.96,14955.949999999999,14960.949999999999,185
2026-07-07T10:15:00+00:00,14960.949999999999,14971.449999999999,14957.949999999999,14968.939999999999,159
2026-07-07T10:20:00+00:00,14968.939999999999,14971.949999999999,14966.939999999999,14969.939999999999,70
2026-07-07T10:25:00+00:00,14969.939999999999,14969.96,14968.439999999999,14968.96,21
2026-07-07T10:30:00+00:00,14968.96,14968.96,14961.939999999999,14962.96,49
2026-07-07T10:35:00+00:00,14962.96,14965.46,14962.439999999999,14964.449999999999,36
2026-07-07T10:40:00+00:00,14964.449999999999,14965.96,14962.939999999999,14963.949999999999,29
2026-07-07T10:45:00+00:00,14963.949999999999,14964.96,14960.449999999999,14960.449999999999,58
2026-07-07T10:50:00+00:00,14960.449999999999,14968.46,14959.949999999999,14968.46,40
2026-07-07T10:55:00+00:00,14968.46,14977.96,14968.46,14975.96,75
2026-07-07T11:00:00+00:00,14975.96,14977.939999999999,14969.96,14972.96,95
2026-07-07T11:05:00+00:00,14972.96,14973.96,14969.96,14970.939999999999,69
2026-07-07T11:10:00+00:00,14970.939999999999,14973.96,14969.46,14972.939999999999,54
2026-07-07T11:15:00+00:00,14972.939999999999,14973.96,14971.939999999999,14971.949999999999,44
2026-07-07T11:20:00+00:00,14971.949999999999,14976.949999999999,14970.939999999999,14976.46,36
2026-07-07T11:25:00+00:00,14976.46,14980.96,14971.46,14971.46,56
2026-07-07T11:30:00+00:00,14971.46,14971.46,14963.439999999999,14967.449999999999,60
2026-07-07T11:35:00+00:00,14967.449999999999,14970.46,14964.96,14967.96,48
2026-07-07T11:40:00+00:00,14967.96,14971.449999999999,14966.949999999999,14970.939999999999,47
2026-07-07T11:45:00+00:00,14970.939999999999,14973.46,14970.939999999999,14972.939999999999,57
2026-07-07T11:50:00+00:00,14972.939999999999,14974.96,14964.949999999999,14966.439999999999,112
2026-07-07T11:55:00+00:00,14966.439999999999,14977.449999999999,14966.439999999999,14977.449999999999,94
2026-07-07T12:00:00+00:00,14977.449999999999,14979.96,14975.949999999999,14976.96,51
2026-07-07T12:05:00+00:00,14976.96,14984.46,14975.939999999999,14982.46,93
2026-07-07T12:10:00+00:00,14982.46,14984.96,14978.939999999999,14981.96,60
2026-07-07T12:15:00+00:00,14981.96,14982.96,14976.949999999999,14980.439999999999,146
2026-07-07T12:20:00+00:00,14980.439999999999,14983.96,14977.96,14983.939999999999,34
2026-07-07T12:25:00+00:00,14983.939999999999,14988.96,14983.939999999999,14988.46,27
2026-07-07T12:30:00+00:00,14988.46,14988.949999999999,14982.949999999999,14983.949999999999,94
2026-07-07T12:35:00+00:00,14983.949999999999,14989.449999999999,14981.949999999999,14987.949999999999,45
2026-07-07T12:40:00+00:00,14987.949999999999,14993.96,14987.949999999999,14990.46,52
2026-07-07T12:45:00+00:00,14990.46,14992.46,14981.939999999999,14982.96,65
2026-07-07T12:50:00+00:00,14982.96,14983.449999999999,14979.949999999999,14980.96,60
2026-07-07T12:55:00+00:00,14980.96,14987.449999999999,14980.439999999999,14987.449999999999,49
2026-07-07T13:00:00+00:00,14987.449999999999,14988.949999999999,14984.439999999999,14985.939999999999,56
2026-07-07T13:05:00+00:00,14985.939999999999,14989.96,14984.449999999999,14989.96,59
2026-07-07T13:10:00+00:00,14989.96,14992.96,14987.439999999999,14991.96,54
2026-07-07T13:15:00+00:00,14991.96,14992.449999999999,14988.939999999999,14990.949999999999,50
2026-07-07T13:20:00+00:00,14990.949999999999,14991.96,14987.949999999999,14989.439999999999,79
2026-07-07T13:25:00+00:00,14989.439999999999,14991.46,14987.939999999999,14990.96,76
2026-07-07T13:30:00+00:00,14990.96,15005.939999999999,14987.939999999999,14990.949999999999,585
2026-07-07T13:35:00+00:00,14990.949999999999,14999.439999999999,14985.939999999999,14995.449999999999,468
2026-07-07T13:40:00+00:00,14995.449999999999,15014.939999999999,14993.939999999999,15013.96,469
2026-07-07T13:45:00+00:00,15013.96,15014.96,15007.939999999999,15008.96,569
2026-07-07T13:50:00+00:00,15008.96,15010.96,14995.949999999999,14997.96,383
2026-07-07T13:55:00+00:00,14997.96,14999.96,14990.939999999999,14997.46,411
2026-07-07T14:00:00+00:00,14997.46,15005.449999999999,14993.949999999999,14995.939999999999,537
2026-07-07T14:05:00+00:00,14995.939999999999,14998.949999999999,14987.439999999999,14991.949999999999,427
2026-07-07T14:10:00+00:00,14991.949999999999,14992.949999999999,14978.939999999999,14979.949999999999,318
2026-07-07T14:15:00+00:00,14979.949999999999,14981.96,14972.439999999999,14980.949999999999,351
2026-07-07T14:20:00+00:00,14980.949999999999,14984.46,14970.939999999999,14972.96,357
2026-07-07T14:25:00+00:00,14972.96,14976.949999999999,14967.949999999999,14975.949999999999,428
2026-07-07T14:30:00+00:00,14975.949999999999,14977.46,14969.939999999999,14971.939999999999,387
2026-07-07T14:35:00+00:00,14971.939999999999,14972.96,14965.939999999999,14965.939999999999,316
2026-07-07T14:40:00+00:00,14965.939999999999,14969.46,14951.949999999999,14955.96,438
2026-07-07T14:45:00+00:00,14955.96,14963.96,14954.949999999999,14956.96,412
2026-07-07T14:50:00+00:00,14956.96,14965.96,14955.939999999999,14958.939999999999,335
2026-07-07T14:55:00+00:00,14958.939999999999,14960.96,14956.449999999999,14956.949999999999,296
2026-07-07T15:00:00+00:00,14956.949999999999,14956.96,14944.449999999999,14945.939999999999,310
2026-07-07T15:05:00+00:00,14945.939999999999,14946.949999999999,14937.939999999999,14941.96,233
2026-07-07T15:10:00+00:00,14941.96,14941.96,14930.949999999999,14931.46,262
2026-07-07T15:15:00+00:00,14931.46,14932.46,14920.939999999999,14925.96,296
2026-07-07T15:20:00+00:00,14925.96,14933.939999999999,14925.439999999999,14927.96,248
2026-07-07T15:25:00+00:00,14927.96,14933.949999999999,14924.939999999999,14932.949999999999,232
2026-07-07T15:30:00+00:00,14932.949999999999,14940.96,14931.939999999999,14933.96,237
2026-07-07T15:35:00+00:00,14933.96,14936.96,14931.939999999999,14931.939999999999,139
2026-07-07T15:40:00+00:00,14931.939999999999,14937.96,14928.949999999999,14937.96,145
2026-07-07T15:45:00+00:00,14937.96,14941.96,14935.939999999999,14935.949999999999,253
2026-07-07T15:50:00+00:00,14935.949999999999,14939.949999999999,14934.439999999999,14936.96,156
2026-07-07T15:55:00+00:00,14936.96,14938.949999999999,14931.949999999999,14938.939999999999,133
2026-07-07T16:00:00+00:00,14938.939999999999,14946.96,14937.949999999999,14945.96,134
2026-07-07T16:05:00+00:00,14945.96,14949.939999999999,14939.939999999999,14940.949999999999,110
2026-07-07T16:10:00+00:00,14940.949999999999,14948.96,14940.449999999999,14948.96,96
2026-07-07T16:15:00+00:00,14948.96,14950.96,14946.939999999999,14948.939999999999,103
2026-07-07T16:20:00+00:00,14948.939999999999,14957.96,14948.939999999999,14955.939999999999,136
2026-07-07T16:25:00+00:00,14955.939999999999,14960.939999999999,14955.939999999999,14958.939999999999,113
2026-07-07T16:30:00+00:00,14958.939999999999,14961.949999999999,14955.449999999999,14957.96,119
2026-07-07T16:35:00+00:00,14957.96,14958.96,14953.949999999999,14956.939999999999,119
2026-07-07T16:40:00+00:00,14956.939999999999,14958.96,14955.939999999999,14958.96,39
2026-07-07T16:45:00+00:00,14958.96,14960.96,14957.96,14960.96,46
2026-07-07T16:50:00+00:00,14960.96,14961.949999999999,14958.939999999999,14958.939999999999,78
2026-07-07T16:55:00+00:00,14958.939999999999,14962.96,14956.939999999999,14962.949999999999,96
2026-07-07T17:00:00+00:00,14962.949999999999,14965.96,14961.46,14965.939999999999,65
2026-07-07T17:05:00+00:00,14965.939999999999,14971.96,14963.939999999999,14970.939999999999,82
2026-07-07T17:10:00+00:00,14970.939999999999,14970.939999999999,14963.939999999999,14964.939999999999,84
2026-07-07T17:15:00+00:00,14964.939999999999,14964.96,14959.939999999999,14962.949999999999,94
2026-07-07T17:20:00+00:00,14962.949999999999,14971.939999999999,14962.949999999999,14970.96,68
2026-07-07T17:25:00+00:00,14970.96,14971.96,14969.939999999999,14971.46,94
2026-07-07T17:30:00+00:00,14971.46,14978.46,14970.96,14977.439999999999,115
2026-07-07T17:35:00+00:00,14977.439999999999,14980.46,14976.939999999999,14979.949999999999,99
2026-07-07T17:40:00+00:00,14979.949999999999,14981.939999999999,14978.939999999999,14981.939999999999,57
2026-07-07T17:45:00+00:00,14981.939999999999,14981.939999999999,14977.939999999999,14979.939999999999,98
2026-07-07T17:50:00+00:00,14979.939999999999,14982.949999999999,14977.939999999999,14980.949999999999,77
2026-07-07T17:55:00+00:00,14980.949999999999,14983.449999999999,14979.949999999999,14983.449999999999,63
2026-07-07T18:00:00+00:00,14983.449999999999,14984.96,14979.949999999999,14981.96,104
2026-07-07T18:05:00+00:00,14981.96,14982.949999999999,14977.939999999999,14978.939999999999,68
2026-07-07T18:10:00+00:00,14978.939999999999,14980.96,14978.939999999999,14978.949999999999,67
2026-07-07T18:15:00+00:00,14978.949999999999,14979.96,14977.449999999999,14978.949999999999,79
2026-07-07T18:20:00+00:00,14978.949999999999,14982.96,14977.949999999999,14979.449999999999,63
2026-07-07T18:25:00+00:00,14979.449999999999,14980.449999999999,14977.449999999999,14978.939999999999,58
2026-07-07T18:30:00+00:00,14978.939999999999,14979.96,14971.449999999999,14973.96,93
2026-07-07T18:35:00+00:00,14973.96,14977.96,14972.939999999999,14976.96,67
2026-07-07T18:40:00+00:00,14976.96,14976.96,14968.939999999999,14973.449999999999,91
2026-07-07T18:45:00+00:00,14973.449999999999,14974.96,14962.939999999999,14966.449999999999,204
2026-07-07T18:50:00+00:00,14966.449999999999,14969.96,14960.939999999999,14962.449999999999,195
2026-07-07T18:55:00+00:00,14962.449999999999,14964.96,14960.949999999999,14961.949999999999,130
2026-07-07T19:00:00+00:00,14961.949999999999,14962.939999999999,14953.96,14957.949999999999,125
2026-07-07T19:05:00+00:00,14957.949999999999,14961.96,14953.939999999999,14955.439999999999,153
2026-07-07T19:10:00+00:00,14955.439999999999,14956.96,14951.939999999999,14955.449999999999,104
2026-07-07T19:15:00+00:00,14955.449999999999,14956.439999999999,14943.939999999999,14949.96,165
2026-07-07T19:20:00+00:00,14949.96,14953.96,14945.939999999999,14951.96,174
2026-07-07T19:25:00+00:00,14951.96,14955.96,14948.939999999999,14953.96,132
2026-07-07T19:30:00+00:00,14953.96,14961.939999999999,14953.939999999999,14960.449999999999,154
2026-07-07T19:35:00+00:00,14960.449999999999,14960.96,14955.949999999999,14957.949999999999,109
2026-07-07T19:40:00+00:00,14957.949999999999,14959.96,14954.939999999999,14958.439999999999,104
2026-07-07T19:45:00+00:00,14958.439999999999,14962.96,14957.96,14961.949999999999,100
2026-07-07T19:50:00+00:00,14961.949999999999,14967.949999999999,14956.96,14967.949999999999,139
2026-07-07T19:55:00+00:00,14967.949999999999,14972.46,14967.439999999999,14971.939999999999,125
2026-07-07T20:00:00+00:00,14971.939999999999,14973.46,14963.96,14968.439999999999,79
2026-07-07T20:05:00+00:00,14968.439999999999,14968.439999999999,14966.449999999999,14967.439999999999,22
2026-07-07T20:10:00+00:00,14967.439999999999,14967.949999999999,14965.449999999999,14965.96,15
2026-07-07T20:15:00+00:00,14965.96,14965.96,14962.939999999999,14963.439999999999,18
2026-07-07T20:20:00+00:00,14963.439999999999,14963.96,14962.439999999999,14963.949999999999,12
2026-07-07T20:25:00+00:00,14963.949999999999,14965.46,14963.949999999999,14964.939999999999,12
2026-07-07T20:30:00+00:00,14964.939999999999,14964.96,14962.96,14963.439999999999,16
2026-07-07T20:35:00+00:00,14963.439999999999,14963.96,14963.439999999999,14963.449999999999,7
2026-07-07T20:40:00+00:00,14963.449999999999,14963.949999999999,14962.449999999999,14962.449999999999,8.492644543277454
2026-07-08T01:00:00+00:00,14962.449999999999,15010.75,14962.449999999999,15001.75,175.91269199676637
2026-07-08T01:05:00+00:00,15001.75,15004.26,14979.24,14993.25,220
2026-07-08T01:10:00+00:00,14993.25,15000.26,14990.26,14994.24,204
2026-07-08T01:15:00+00:00,14994.24,14995.25,14960.25,14977.24,740
2026-07-08T01:20:00+00:00,14977.24,15008.26,14977.24,15005.74,594
2026-07-08T01:25:00+00:00,15005.74,15025.25,14997.25,15021.74,736
2026-07-08T01:30:00+00:00,15021.74,15041.25,14978.24,15008.26,5974
2026-07-08T01:35:00+00:00,15008.26,15015.76,14974.25,15004.75,4326
2026-07-08T01:40:00+00:00,15004.75,15023.76,14991.74,15013.26,3643
2026-07-08T01:45:00+00:00,15013.26,15078.74,15003.25,15068.26,3745
2026-07-08T01:50:00+00:00,15068.26,15073.26,15007.24,15025.24,4043
2026-07-08T01:55:00+00:00,15025.24,15030.25,14998.74,15011.76,3756
2026-07-08T02:00:00+00:00,15011.76,15013.75,14973.74,14975.75,3377
2026-07-08T02:05:00+00:00,14975.75,15026.75,14969.74,15020.74,3647
2026-07-08T02:10:00+00:00,15020.74,15020.74,14977.74,15004.25,3038
2026-07-08T02:15:00+00:00,15004.25,15089.24,15000.75,15088.24,2659
2026-07-08T02:20:00+00:00,15088.24,15094.26,15060.24,15061.76,2433
2026-07-08T02:25:00+00:00,15061.76,15099.25,15049.24,15096.25,2056
2026-07-08T02:30:00+00:00,15096.25,15100.75,15066.25,15095.75,2702
2026-07-08T02:35:00+00:00,15095.75,15111.74,15077.74,15111.74,2274
2026-07-08T02:40:00+00:00,15111.74,15112.76,15079.26,15097.26,2111
2026-07-08T02:45:00+00:00,15097.26,15108.26,15083.76,15095.75,1830
2026-07-08T02:50:00+00:00,15095.75,15099.26,15077.76,15083.24,1936
2026-07-08T02:55:00+00:00,15083.24,15087.26,15060.25,15068.75,1539
2026-07-08T03:00:00+00:00,15068.75,15092.26,15064.25,15087.75,1743
2026-07-08T03:05:00+00:00,15087.75,15095.26,15072.24,15094.75,1196
2026-07-08T03:10:00+00:00,15094.75,15145.26,15092.74,15137.25,1733
2026-07-08T03:15:00+00:00,15137.25,15148.76,15115.24,15145.24,1796
2026-07-08T03:20:00+00:00,15145.24,15195.74,15137.24,15194.76,1701
2026-07-08T03:25:00+00:00,15194.76,15206.74,15176.75,15183.75,1638
2026-07-08T03:30:00+00:00,15183.75,15203.24,15178.24,15197.74,604
2026-07-08T03:35:00+00:00,15197.74,15208.25,15194.24,15196.26,347
2026-07-08T03:40:00+00:00,15196.26,15196.26,15176.26,15184.74,244
2026-07-08T03:45:00+00:00,15184.74,15191.75,15184.74,15187.76,167
2026-07-08T03:50:00+00:00,15187.76,15190.26,15177.76,15182.25,250
2026-07-08T03:55:00+00:00,15182.25,15182.26,15174.24,15175.76,127
2026-07-08T04:00:00+00:00,15175.76,15175.76,15162.24,15165.24,102
2026-07-08T04:05:00+00:00,15165.24,15166.26,15161.74,15161.74,113
2026-07-08T04:10:00+00:00,15161.74,15161.76,15153.26,15154.75,66
2026-07-08T04:15:00+00:00,15154.75,15157.26,15149.24,15149.75,75
2026-07-08T04:20:00+00:00,15149.75,15152.76,15143.24,15152.24,58
2026-07-08T04:25:00+00:00,15152.24,15152.24,15140.24,15141.24,102
2026-07-08T04:30:00+00:00,15141.24,15144.24,15129.74,15130.74,210
2026-07-08T04:35:00+00:00,15130.74,15135.26,15125.26,15130.76,132
2026-07-08T04:40:00+00:00,15130.76,15133.76,15124.24,15128.25,159
2026-07-08T04:45:00+00:00,15128.25,15132.75,15122.24,15126.24,146
2026-07-08T04:50:00+00:00,15126.24,15129.26,15100.25,15100.26,170
2026-07-08T04:55:00+00:00,15100.26,15123.76,15100.26,15119.24,182
2026-07-08T05:00:00+00:00,15119.24,15121.26,15037.24,15106.25,4296
2026-07-08T05:05:00+00:00,15106.25,15143.25,15102.25,15117.75,2589
2026-07-08T05:10:00+00:00,15117.75,15134.26,15102.74,15124.26,1956
2026-07-08T05:15:00+00:00,15124.26,15143.26,15114.25,15126.26,1655
2026-07-08T05:20:00+00:00,15126.26,15137.25,15112.24,15119.75,1464
2026-07-08T05:25:00+00:00,15119.75,15124.25,15087.74,15097.26,1412
2026-07-08T05:30:00+00:00,15097.26,15097.76,15049.75,15075.76,1641
2026-07-08T05:35:00+00:00,15075.76,15086.76,15066.24,15073.26,1413
2026-07-08T05:40:00+00:00,15073.26,15079.25,15060.26,15072.26,1201
2026-07-08T05:45:00+00:00,15072.26,15073.24,15025.24,15033.75,1325
2026-07-08T05:50:00+00:00,15033.75,15089.74,15033.74,15084.76,1526
2026-07-08T05:55:00+00:00,15084.76,15113.75,15083.24,15097.25,1344
2026-07-08T06:00:00+00:00,15097.25,15108.76,15080.75,15092.26,1518
2026-07-08T06:05:00+00:00,15092.26,15099.24,15076.26,15086.25,1203
2026-07-08T06:10:00+00:00,15086.25,15086.76,15057.24,15074.76,1210
2026-07-08T06:15:00+00:00,15074.76,15096.25,15070.76,15093.25,1446
2026-07-08T06:20:00+00:00,15093.25,15102.74,15079.74,15090.24,1135
2026-07-08T06:25:00+00:00,15090.24,15090.24,15054.24,15071.26,1128
2026-07-08T06:30:00+00:00,15071.26,15080.25,15057.74,15061.25,1385
2026-07-08T06:35:00+00:00,15061.25,15066.74,15046.24,15048.24,1050
2026-07-08T06:40:00+00:00,15048.24,15049.24,15021.26,15034.25,1163
2026-07-08T06:45:00+00:00,15034.25,15038.76,14987.75,14994.25,1030
2026-07-08T06:50:00+00:00,14994.25,15001.26,14973.25,14975.26,1408
2026-07-08T06:55:00+00:00,14975.26,14978.26,14962.24,14962.75,1305
2026-07-08T07:00:00+00:00,14962.75,14967.25,14937.25,14949.25,850
2026-07-08T07:05:00+00:00,14949.25,14951.76,14936.24,14943.25,609
2026-07-08T07:10:00+00:00,14943.25,14955.26,14943.25,14951.74,322
2026-07-08T07:15:00+00:00,14951.74,14964.75,14951.24,14964.24,254
2026-07-08T07:20:00+00:00,14964.24,14979.26,14961.24,14977.74,208
2026-07-08T07:25:00+00:00,14977.74,14982.24,14974.24,14978.26,246
2026-07-08T07:30:00+00:00,14978.26,14986.26,14977.24,14985.26,195
2026-07-08T07:35:00+00:00,14985.26,14990.26,14983.24,14983.24,251
2026-07-08T07:40:00+00:00,14983.24,14985.26,14981.24,14982.26,189
2026-07-08T07:45:00+00:00,14982.26,14983.26,14977.24,14980.74,223
2026-07-08T07:50:00+00:00,14980.74,14980.74,14975.26,14978.25,158
2026-07-08T07:55:00+00:00,14978.25,14979.25,14974.24,14976.24,188
2026-07-08T08:00:00+00:00,14976.24,14980.25,14973.24,14976.26,208
2026-07-08T08:05:00+00:00,14976.26,14980.76,14970.26,14979.75,161
2026-07-08T08:10:00+00:00,14979.75,14981.75,14976.74,14979.75,157
2026-07-08T08:15:00+00:00,14979.75,14980.26,14928.75,14943.24,1546
2026-07-08T08:20:00+00:00,14943.24,14958.25,14933.74,14938.25,880
2026-07-08T08:25:00+00:00,14938.25,14941.25,14933.76,14939.74,587
2026-07-08T09:00:00+00:00,14939.74,14939.74,14863.24,14871.76,394
2026-07-08T09:05:00+00:00,14871.76,14878.26,14868.25,14877.76,156
2026-07-08T09:10:00+00:00,14877.76,14881.74,14871.24,14871.24,161
2026-07-08T09:15:00+00:00,14871.24,14887.26,14853.26,14886.76,343
2026-07-08T09:20:00+00:00,14886.76,14888.26,14878.24,14884.26,250
2026-07-08T09:25:00+00:00,14884.26,14892.76,14880.26,14891.74,262
2026-07-08T09:30:00+00:00,14891.74,14899.26,14890.76,14897.26,186
2026-07-08T09:35:00+00:00,14897.26,14903.26,14892.25,14900.24,142
2026-07-08T09:40:00+00:00,14900.24,14903.25,14895.26,14902.24,157
2026-07-08T09:45:00+00:00,14902.24,14904.25,14895.74,14899.74,157
2026-07-08T09:50:00+00:00,14899.74,14908.26,14897.24,14903.24,187
2026-07-08T09:55:00+00:00,14903.24,14903.75,14898.75,14901.24,183
2026-07-08T10:00:00+00:00,14901.24,14904.24,14897.26,14901.25,224
2026-07-08T10:05:00+00:00,14901.25,14902.25,14897.24,14898.74,146
2026-07-08T10:10:00+00:00,14898.74,14900.26,14893.25,14897.75,117
2026-07-08T10:15:00+00:00,14897.75,14904.26,14896.26,14903.25,114
2026-07-08T10:20:00+00:00,14903.25,14909.25,14902.24,14902.25,134
2026-07-08T10:25:00+00:00,14902.25,14909.76,14902.24,14905.76,104
2026-07-08T10:30:00+00:00,14905.76,14911.25,14901.75,14906.25,174
2026-07-08T10:35:00+00:00,14906.25,14912.26,14905.24,14910.25,162
2026-07-08T10:40:00+00:00,14910.25,14911.26,14908.24,14911.24,94
2026-07-08T10:45:00+00:00,14911.24,14918.26,14909.25,14909.26,143
2026-07-08T10:50:00+00:00,14909.26,14915.75,14908.25,14912.25,107
2026-07-08T10:55:00+00:00,14912.25,14913.26,14908.75,14911.75,133
2026-07-08T11:00:00+00:00,14911.75,14912.25,14904.74,14908.24,185
2026-07-08T11:05:00+00:00,14908.24,14911.25,14906.74,14909.26,134
2026-07-08T11:10:00+00:00,14909.26,14912.25,14908.24,14910.75,73
2026-07-08T11:15:00+00:00,14910.75,14911.26,14905.25,14909.26,95
2026-07-08T11:20:00+00:00,14909.26,14909.26,14904.75,14906.25,85
2026-07-08T11:25:00+00:00,14906.25,14907.26,14905.24,14906.26,94
2026-07-08T11:30:00+00:00,14906.26,14907.76,14902.26,14907.76,101
2026-07-08T11:35:00+00:00,14907.76,14910.25,14902.24,14903.24,118
2026-07-08T11:40:00+00:00,14903.24,14938.26,14901.24,14928.24,881
2026-07-08T11:45:00+00:00,14928.24,14928.24,14916.75,14917.24,395
2026-07-08T11:50:00+00:00,14917.24,14917.76,14905.25,14916.25,199
2026-07-08T11:55:00+00:00,14916.25,14921.26,14911.24,14913.25,170
2026-07-08T12:00:00+00:00,14913.25,14918.75,14905.26,14918.75,174
2026-07-08T12:05:00+00:00,14918.75,14927.74,14918.75,14925.24,201
2026-07-08T12:10:00+00:00,14925.24,14926.26,14920.25,14920.25,132
2026-07-08T12:15:00+00:00,14920.25,14926.24,14918.26,14924.26,107
2026-07-08T12:20:00+00:00,14924.26,14924.75,14917.24,14917.75,89
2026-07-08T12:25:00+00:00,14917.75,14929.24,14917.24,14928.25,107
2026-07-08T12:30:00+00:00,14928.25,14932.26,14925.26,14931.25,211
2026-07-08T12:35:00+00:00,14931.25,14935.26,14930.25,14934.25,157
2026-07-08T12:40:00+00:00,14934.25,14937.26,14932.24,14937.25,130
2026-07-08T12:45:00+00:00,14937.25,14940.26,14936.24,14938.75,125
2026-07-08T12:50:00+00:00,14938.75,14943.26,14938.75,14942.26,101
2026-07-08T12:55:00+00:00,14942.26,14945.24,14931.25,14932.25,355
2026-07-08T13:00:00+00:00,14932.25,14939.26,14931.25,14938.25,155
2026-07-08T13:05:00+00:00,14938.25,14939.24,14931.24,14938.24,184
2026-07-08T13:10:00+00:00,14938.24,14943.26,14935.25,14941.25,146
2026-07-08T13:15:00+00:00,14941.25,14941.76,14937.76,14937.76,119
2026-07-08T13:20:00+00:00,14937.76,14937.76,14931.24,14935.25,120
2026-07-08T13:25:00+00:00,14935.25,14938.26,14930.25,14932.75,235
2026-07-08T13:30:00+00:00,14932.75,14950.26,14932.25,14948.26,979
2026-07-08T13:35:00+00:00,14948.26,14956.24,14943.24,14950.24,693
2026-07-08T13:40:00+00:00,14950.24,14956.25,14945.26,14950.75,363
2026-07-08T13:45:00+00:00,14950.75,14962.26,14947.26,14948.24,440
2026-07-08T13:50:00+00:00,14948.24,14954.26,14943.24,14944.25,435
2026-07-08T13:55:00+00:00,14944.25,14954.76,14939.24,14949.74,477
2026-07-08T14:00:00+00:00,14949.74,14953.25,14942.75,14946.24,444
2026-07-08T14:05:00+00:00,14946.24,14951.76,14941.24,14943.25,404
2026-07-08T14:10:00+00:00,14943.25,14946.26,14933.26,14934.26,402
2026-07-08T14:15:00+00:00,14934.26,14944.26,14931.24,14939.25,435
2026-07-08T14:20:00+00:00,14939.25,14960.25,14937.24,14955.26,481
2026-07-08T14:25:00+00:00,14955.26,14964.26,14947.74,14948.76,452
2026-07-08T14:30:00+00:00,14948.76,14951.76,14934.25,14944.24,504
2026-07-08T14:35:00+00:00,14944.24,14944.26,14929.24,14932.26,384
2026-07-08T14:40:00+00:00,14932.26,14937.76,14930.24,14936.24,280
2026-07-08T14:45:00+00:00,14936.24,14936.26,14926.26,14926.26,279
2026-07-08T14:50:00+00:00,14926.26,14937.26,14924.24,14932.26,480
2026-07-08T14:55:00+00:00,14932.26,14934.26,14904.25,14906.75,510
2026-07-08T15:00:00+00:00,14906.75,14911.26,14903.24,14907.24,362
2026-07-08T15:05:00+00:00,14907.24,14913.25,14905.24,14905.75,300
2026-07-08T15:10:00+00:00,14905.75,14906.26,14892.24,14892.74,284
2026-07-08T15:15:00+00:00,14892.74,14899.75,14887.26,14896.26,347
2026-07-08T15:20:00+00:00,14896.26,14897.26,14886.25,14887.74,264
2026-07-08T15:25:00+00:00,14887.74,14888.25,14880.24,14883.25,391
2026-07-08T15:30:00+00:00,14883.25,14889.25,14878.26,14889.24,373
2026-07-08T15:35:00+00:00,14889.24,14895.25,14886.24,14886.24,247
2026-07-08T15:40:00+00:00,14886.24,14888.26,14882.26,14885.25,252
2026-07-08T15:45:00+00:00,14885.25,14886.76,14881.24,14883.25,233
2026-07-08T15:50:00+00:00,14883.25,14885.26,14879.24,14883.75,207
2026-07-08T15:55:00+00:00,14883.75,14885.76,14881.24,14884.25,175
2026-07-08T16:00:00+00:00,14884.25,14890.26,14884.25,14889.25,265
2026-07-08T16:05:00+00:00,14889.25,14895.26,14889.25,14894.74,207
2026-07-08T16:10:00+00:00,14894.74,14901.26,14894.26,14898.24,201
2026-07-08T16:15:00+00:00,14898.24,14902.26,14894.24,14900.26,202
2026-07-08T16:20:00+00:00,14900.26,14906.24,14900.25,14900.74,206
2026-07-08T16:25:00+00:00,14900.74,14906.26,14899.24,14904.26,206
2026-07-08T16:30:00+00:00,14904.26,14913.25,14903.25,14906.25,257
2026-07-08T16:35:00+00:00,14906.25,14914.26,14905.24,14914.26,378
2026-07-08T16:40:00+00:00,14914.26,14922.26,14910.25,14919.24,513
2026-07-08T16:45:00+00:00,14919.24,14922.26,14917.24,14922.26,255
2026-07-08T16:50:00+00:00,14922.26,14925.26,14920.24,14922.25,239
2026-07-08T16:55:00+00:00,14922.25,14930.26,14922.24,14929.24,219
2026-07-08T17:00:00+00:00,14929.24,14932.26,14926.24,14931.26,140
2026-07-08T17:05:00+00:00,14931.26,14945.24,14930.24,14939.26,216
2026-07-08T17:10:00+00:00,14939.26,14940.26,14934.24,14935.26,174
2026-07-08T17:15:00+00:00,14935.26,14942.26,14934.25,14942.25,116
2026-07-08T17:20:00+00:00,14942.25,14949.26,14942.24,14949.26,169
2026-07-08T17:25:00+00:00,14949.26,14954.26,14948.74,14953.24,151
2026-07-08T17:30:00+00:00,14953.24,14954.26,14946.24,14947.26,159
2026-07-08T17:35:00+00:00,14947.26,14949.26,14945.75,14949.26,96
2026-07-08T17:40:00+00:00,14949.26,14949.26,14945.24,14946.25,84
2026-07-08T17:45:00+00:00,14946.25,14946.26,14940.24,14941.25,126
2026-07-08T17:50:00+00:00,14941.25,14944.26,14939.24,14940.26,113
2026-07-08T17:55:00+00:00,14940.26,14940.26,14933.24,14937.76,111
2026-07-08T18:00:00+00:00,14937.76,14950.75,14934.24,14948.24,488
2026-07-08T18:05:00+00:00,14948.24,14950.26,14945.76,14950.25,158
2026-07-08T18:10:00+00:00,14950.25,14951.25,14947.24,14949.76,138
2026-07-08T18:15:00+00:00,14949.76,14951.24,14944.24,14948.26,115
2026-07-08T18:20:00+00:00,14948.26,14948.26,14942.74,14946.24,130
2026-07-08T18:25:00+00:00,14946.24,14950.26,14944.25,14946.26,123
2026-07-08T18:30:00+00:00,14946.26,14947.26,14942.24,14942.74,129
2026-07-08T18:35:00+00:00,14942.74,14948.26,14942.74,14948.25,147
2026-07-08T18:40:00+00:00,14948.25,14952.26,14945.75,14952.25,120
2026-07-08T18:45:00+00:00,14952.25,14955.25,14950.24,14953.26,140
2026-07-08T18:50:00+00:00,14953.26,14954.27,14949.77,14950.25,114.18516643462853
2026-07-08T18:55:00+00:00,14950.25,14952.27,14948.25,14951.77,91
2026-07-08T19:00:00+00:00,14951.77,14958.26,14951.76,14953.27,112
2026-07-08T19:05:00+00:00,14953.27,14955.76,14951.25,14955.76,48
2026-07-08T19:10:00+00:00,14955.76,14957.26,14947.27,14948.27,71
2026-07-08T19:15:00+00:00,14948.27,14949.27,14946.77,14946.77,77
2026-07-08T19:20:00+00:00,14946.77,14948.27,14940.26,14943.76,77
2026-07-08T19:25:00+00:00,14943.76,14947.25,14941.75,14946.26,61
2026-07-08T19:30:00+00:00,14946.26,14948.27,14942.25,14943.25,120
2026-07-08T19:35:00+00:00,14943.25,14945.27,14941.25,14943.75,91
2026-07-08T19:40:00+00:00,14943.75,14947.77,14943.26,14947.27,98
2026-07-08T19:45:00+00:00,14947.27,14949.27,14942.75,14946.27,130
2026-07-08T19:50:00+00:00,14946.27,14958.27,14945.26,14958.26,126
2026-07-08T19:55:00+00:00,14958.26,14962.26,14957.25,14959.77,191
2026-07-08T20:00:00+00:00,14959.77,14959.77,14948.26,14951.75,65
2026-07-08T20:05:00+00:00,14951.75,14951.75,14950.25,14951.25,18
2026-07-08T20:10:00+00:00,14951.25,14951.27,14948.25,14949.75,31
2026-07-08T20:15:00+00:00,14949.75,14949.77,14944.27,14944.27,35
2026-07-08T20:20:00+00:00,14944.27,14944.76,14943.25,14944.26,27
2026-07-08T20:25:00+00:00,14944.26,14945.77,14943.75,14943.77,14
2026-07-08T20:30:00+00:00,14943.77,14944.27,14940.27,14940.27,25
2026-07-08T20:35:00+00:00,14940.27,14940.27,14937.25,14939.27,22
2026-07-08T20:40:00+00:00,14939.27,14942.27,14939.27,14941.26,15.522448979591836
2026-07-09T01:00:00+00:00,14941.26,14977.47,14941.26,14958.96,345.7965903783279
2026-07-09T01:05:00+00:00,14958.96,14971.47,14956.46,14969.47,246
2026-07-09T01:10:00+00:00,14969.47,14977.97,14966.449999999999,14966.97,312
2026-07-09T01:15:00+00:00,14966.97,15004.96,14957.97,15004.949999999999,1106
2026-07-09T01:20:00+00:00,15004.949999999999,15019.46,14995.97,15016.97,516
2026-07-09T01:25:00+00:00,15016.97,15022.46,15009.949999999999,15018.949999999999,573
2026-07-09T01:30:00+00:00,15018.949999999999,15054.46,14978.46,15010.449999999999,5907
2026-07-09T01:35:00+00:00,15010.449999999999,15054.449999999999,14995.97,15026.96,4284
2026-07-09T01:40:00+00:00,15026.96,15028.47,14989.449999999999,14995.46,3819
2026-07-09T01:45:00+00:00,14995.46,15036.449999999999,14985.97,15011.97,3339
2026-07-09T01:50:00+00:00,15011.97,15030.47,14993.96,15003.949999999999,2882
2026-07-09T01:55:00+00:00,15003.949999999999,15025.449999999999,14998.949999999999,15019.47,3262
2026-07-09T02:00:00+00:00,15019.47,15025.449999999999,14985.46,14999.97,3292
2026-07-09T02:05:00+00:00,14999.97,15063.46,14994.449999999999,15059.96,2632
2026-07-09T02:10:00+00:00,15059.96,15083.46,15049.949999999999,15071.96,2588
2026-07-09T02:15:00+00:00,15071.96,15094.949999999999,15062.449999999999,15088.949999999999,2270
2026-07-09T02:20:00+00:00,15088.949999999999,15112.46,15058.949999999999,15065.46,2195
2026-07-09T02:25:00+00:00,15065.46,15072.96,15041.47,15042.449999999999,1856
2026-07-09T02:30:00+00:00,15042.449999999999,15066.47,15026.46,15041.47,1770
2026-07-09T02:35:00+00:00,15041.47,15044.47,15023.46,15043.449999999999,1977
2026-07-09T02:40:00+00:00,15043.449999999999,15048.47,15020.449999999999,15034.97,1757
2026-07-09T02:45:00+00:00,15034.97,15042.46,15006.449999999999,15008.449999999999,2148
2026-07-09T02:50:00+00:00,15008.449999999999,15045.46,15002.949999999999,15045.46,2004
2026-07-09T02:55:00+00:00,15045.46,15052.449999999999,15002.449999999999,15007.97,1837
2026-07-09T03:00:00+00:00,15007.97,15028.449999999999,15004.47,15021.949999999999,1574
2026-07-09T03:05:00+00:00,15021.949999999999,15041.449999999999,15010.97,15040.97,1732
2026-07-09T03:10:00+00:00,15040.97,15040.97,14996.96,15002.96,1580
2026-07-09T03:15:00+00:00,15002.96,15011.96,14974.449999999999,14986.449999999999,1600
2026-07-09T03:20:00+00:00,14986.449999999999,15029.97,14984.46,15023.949999999999,1613
2026-07-09T03:25:00+00:00,15023.949999999999,15061.47,15020.96,15034.449999999999,1974
2026-07-09T03:30:00+00:00,15034.449999999999,15055.47,15028.46,15051.47,467
2026-07-09T03:35:00+00:00,15051.47,15053.96,15044.46,15045.47,267
2026-07-09T03:40:00+00:00,15045.47,15060.449999999999,15040.96,15056.97,244
2026-07-09T03:45:00+00:00,15056.97,15056.97,15046.47,15047.96,204
2026-07-09T03:50:00+00:00,15047.96,15052.47,15046.449999999999,15046.949999999999,157
2026-07-09T03:55:00+00:00,15046.949999999999,15047.97,15043.46,15045.47,163
2026-07-09T04:00:00+00:00,15045.47,15049.47,15042.449999999999,15046.47,100
2026-07-09T04:05:00+00:00,15046.47,15046.949999999999,15041.449999999999,15041.96,100
2026-07-09T04:10:00+00:00,15041.96,15045.449999999999,15041.449999999999,15041.97,93
2026-07-09T04:15:00+00:00,15041.97,15046.47,15038.449999999999,15039.46,88
2026-07-09T04:20:00+00:00,15039.46,15039.46,15034.97,15036.96,89
2026-07-09T04:25:00+00:00,15036.96,15039.47,15031.949999999999,15036.97,107
2026-07-09T04:30:00+00:00,15036.97,15053.449999999999,15036.97,15048.47,119
2026-07-09T04:35:00+00:00,15048.47,15052.47,15045.949999999999,15049.47,116
2026-07-09T04:40:00+00:00,15049.47,15053.47,15047.949999999999,15051.46,85
2026-07-09T04:45:00+00:00,15051.46,15051.46,15044.96,15047.46,118
2026-07-09T04:50:00+00:00,15047.46,15050.97,15045.949999999999,15049.97,90
2026-07-09T04:55:00+00:00,15049.97,15052.46,15046.449999999999,15049.47,124
2026-07-09T05:00:00+00:00,15049.47,15102.47,15048.949999999999,15082.949999999999,3404
2026-07-09T05:05:00+00:00,15082.949999999999,15147.97,15078.97,15147.97,2400
2026-07-09T05:10:00+00:00,15147.97,15195.47,15147.47,15189.449999999999,3238
2026-07-09T05:15:00+00:00,15189.449999999999,15192.449999999999,15121.949999999999,15128.449999999999,2773
2026-07-09T05:20:00+00:00,15128.449999999999,15135.47,15111.449999999999,15121.449999999999,1892
2026-07-09T05:25:00+00:00,15121.449999999999,15178.949999999999,15111.97,15148.97,1948
2026-07-09T05:30:00+00:00,15148.97,15151.449999999999,15093.47,15143.46,2216
2026-07-09T05:35:00+00:00,15143.46,15184.449999999999,15135.949999999999,15183.46,2155
2026-07-09T05:40:00+00:00,15183.46,15216.47,15181.449999999999,15215.449999999999,2350
2026-07-09T05:45:00+00:00,15215.449999999999,15253.47,15215.449999999999,15248.949999999999,2402
2026-07-09T05:50:00+00:00,15248.949999999999,15299.47,15246.949999999999,15281.97,2280
2026-07-09T05:55:00+00:00,15281.97,15319.46,15274.46,15310.96,2508
2026-07-09T06:00:00+00:00,15310.96,15331.47,15291.449999999999,15313.46,2792
2026-07-09T06:05:00+00:00,15313.46,15327.47,15295.46,15323.47,1969
2026-07-09T06:10:00+00:00,15323.47,15327.46,15292.449999999999,15323.449999999999,1789
2026-07-09T06:15:00+00:00,15323.449999999999,15344.949999999999,15295.449999999999,15303.949999999999,2167
2026-07-09T06:20:00+00:00,15303.949999999999,15331.97,15291.97,15327.96,1984
2026-07-09T06:25:00+00:00,15327.96,15354.97,15324.47,15354.97,1976
2026-07-09T06:30:00+00:00,15354.97,15368.46,15340.449999999999,15360.46,1922
2026-07-09T06:35:00+00:00,15360.46,15381.97,15354.46,15379.46,1585
2026-07-09T06:40:00+00:00,15379.46,15411.449999999999,15376.449999999999,15410.47,1208
2026-07-09T06:45:00+00:00,15410.47,15417.97,15396.46,15406.97,1062
2026-07-09T06:50:00+00:00,15406.97,15415.47,15373.449999999999,15375.47,1931
2026-07-09T06:55:00+00:00,15375.47,15393.46,15373.47,15379.949999999999,1264
2026-07-09T07:00:00+00:00,15379.949999999999,15406.47,15378.46,15387.949999999999,1004
2026-07-09T07:05:00+00:00,15387.949999999999,15389.47,15380.449999999999,15388.449999999999,452
2026-07-09T07:10:00+00:00,15388.449999999999,15389.97,15383.46,15387.97,183
2026-07-09T07:15:00+00:00,15387.97,15394.949999999999,15387.449999999999,15390.47,240
2026-07-09T07:20:00+00:00,15390.47,15393.46,15380.97,15387.449999999999,317
2026-07-09T07:25:00+00:00,15387.449999999999,15387.47,15381.449999999999,15383.449999999999,143
2026-07-09T07:30:00+00:00,15383.449999999999,15383.97,15378.46,15381.97,124
2026-07-09T07:35:00+00:00,15381.97,15384.96,15378.96,15383.449999999999,110
2026-07-09T07:40:00+00:00,15383.449999999999,15384.46,15378.449999999999,15383.46,113
2026-07-09T07:45:00+00:00,15383.46,15384.449999999999,15375.449999999999,15379.449999999999,141
2026-07-09T07:50:00+00:00,15379.449999999999,15381.96,15373.97,15374.449999999999,107
2026-07-09T07:55:00+00:00,15374.449999999999,15375.46,15370.949999999999,15372.949999999999,128
2026-07-09T08:00:00+00:00,15372.949999999999,15377.97,15368.449999999999,15373.949999999999,325
2026-07-09T08:05:00+00:00,15373.949999999999,15378.47,15372.949999999999,15375.449999999999,273
2026-07-09T08:10:00+00:00,15375.449999999999,15376.97,15367.949999999999,15372.47,204
2026-07-09T08:15:00+00:00,15372.47,15377.96,15370.46,15373.449999999999,200
2026-07-09T08:20:00+00:00,15373.449999999999,15376.97,15371.47,15373.46,69
2026-07-09T08:25:00+00:00,15373.46,15377.97,15372.449999999999,15377.47,97
2026-07-09T09:00:00+00:00,15377.47,15384.96,15360.96,15374.97,183
2026-07-09T09:05:00+00:00,15374.97,15374.97,15367.949999999999,15367.96,28
2026-07-09T09:10:00+00:00,15367.96,15367.96,15357.47,15362.949999999999,66
2026-07-09T09:15:00+00:00,15362.949999999999,15365.449999999999,15355.96,15360.97,106
2026-07-09T09:20:00+00:00,15360.97,15366.47,15360.47,15366.46,92
2026-07-09T09:25:00+00:00,15366.46,15369.47,15361.46,15363.47,90
2026-07-09T09:30:00+00:00,15363.47,15368.47,15361.949999999999,15362.949999999999,93
2026-07-09T09:35:00+00:00,15362.949999999999,15363.949999999999,15358.47,15360.46,41
2026-07-09T09:40:00+00:00,15360.46,15361.949999999999,15349.46,15352.96,156
2026-07-09T09:45:00+00:00,15352.96,15356.449999999999,15352.96,15354.47,62
2026-07-09T09:50:00+00:00,15354.47,15359.96,15353.449999999999,15357.449999999999,72
2026-07-09T09:55:00+00:00,15357.449999999999,15362.949999999999,15357.449999999999,15362.949999999999,26
2026-07-09T10:00:00+00:00,15362.949999999999,15369.46,15362.46,15368.949999999999,38
2026-07-09T10:05:00+00:00,15368.949999999999,15371.449999999999,15363.449999999999,15363.949999999999,94
2026-07-09T10:10:00+00:00,15363.949999999999,15370.46,15362.46,15363.449999999999,54
2026-07-09T10:15:00+00:00,15363.449999999999,15367.46,15363.449999999999,15366.97,38
2026-07-09T10:20:00+00:00,15366.97,15368.97,15363.46,15363.46,50
2026-07-09T10:25:00+00:00,15363.46,15365.47,15360.47,15364.47,50
2026-07-09T10:30:00+00:00,15364.47,15364.47,15360.449999999999,15363.47,72
2026-07-09T10:35:00+00:00,15363.47,15364.97,15362.449999999999,15364.96,46
2026-07-09T10:40:00+00:00,15364.96,15369.96,15361.46,15368.949999999999,65
2026-07-09T10:45:00+00:00,15368.949999999999,15369.47,15360.449999999999,15361.449999999999,116
2026-07-09T10:50:00+00:00,15361.449999999999,15361.46,15351.449999999999,15359.46,186
2026-07-09T10:55:00+00:00,15359.46,15363.449999999999,15354.449999999999,15363.449999999999,120
2026-07-09T11:00:00+00:00,15363.449999999999,15374.96,15363.449999999999,15374.96,81
2026-07-09T11:05:00+00:00,15374.96,15376.47,15363.449999999999,15365.47,121
2026-07-09T11:10:00+00:00,15365.47,15373.47,15364.96,15373.47,78
2026-07-09T11:15:00+00:00,15373.47,15373.47,15366.949999999999,15366.97,43
2026-07-09T11:20:00+00:00,15366.97,15375.46,15366.449999999999,15374.47,168
2026-07-09T11:25:00+00:00,15374.47,15376.449999999999,15373.449999999999,15375.949999999999,121
2026-07-09T11:30:00+00:00,15375.949999999999,15377.449999999999,15373.97,15376.46,124
2026-07-09T11:35:00+00:00,15376.46,15379.47,15374.449999999999,15379.47,96
2026-07-09T11:40:00+00:00,15379.47,15379.47,15375.46,15378.46,48
2026-07-09T11:45:00+00:00,15378.46,15384.97,15377.46,15384.949999999999,90
2026-07-09T11:50:00+00:00,15384.949999999999,15389.47,15381.97,15383.46,75
2026-07-09T11:55:00+00:00,15383.46,15384.46,15382.449999999999,15383.47,39
2026-07-09T12:00:00+00:00,15383.47,15386.47,15381.949999999999,15385.96,107
2026-07-09T12:05:00+00:00,15385.96,15392.96,15382.46,15391.97,97
2026-07-09T12:10:00+00:00,15391.97,15393.47,15390.449999999999,15392.47,93
2026-07-09T12:15:00+00:00,15392.47,15393.449999999999,15390.47,15393.449999999999,110
2026-07-09T12:20:00+00:00,15393.449999999999,15395.47,15392.449999999999,15395.47,112
2026-07-09T12:25:00+00:00,15395.47,15401.949999999999,15395.449999999999,15401.949999999999,67
2026-07-09T12:30:00+00:00,15401.949999999999,15408.46,15400.449999999999,15405.46,174
2026-07-09T12:35:00+00:00,15405.46,15409.47,15403.97,15404.96,119
2026-07-09T12:40:00+00:00,15404.96,15407.449999999999,15399.96,15399.96,118
2026-07-09T12:45:00+00:00,15399.96,15399.96,15387.449999999999,15390.46,112
2026-07-09T12:50:00+00:00,15390.46,15397.47,15390.46,15396.46,64
2026-07-09T12:55:00+00:00,15396.46,15397.96,15394.949999999999,15396.449999999999,60
2026-07-09T13:00:00+00:00,15396.449999999999,15401.47,15396.449999999999,15401.46,96
2026-07-09T13:05:00+00:00,15401.46,15403.47,15399.449999999999,15403.449999999999,85
2026-07-09T13:10:00+00:00,15403.449999999999,15410.46,15401.449999999999,15408.449999999999,67
2026-07-09T13:15:00+00:00,15408.449999999999,15409.449999999999,15401.949999999999,15401.949999999999,68
2026-07-09T13:20:00+00:00,15401.949999999999,15402.47,15398.949999999999,15401.47,76
2026-07-09T13:25:00+00:00,15401.47,15401.96,15396.46,15398.46,73
2026-07-09T13:30:00+00:00,15398.46,15412.949999999999,15388.96,15402.47,561
2026-07-09T13:35:00+00:00,15402.47,15409.46,15399.449999999999,15403.949999999999,308
2026-07-09T13:40:00+00:00,15403.949999999999,15417.47,15400.46,15417.47,269
2026-07-09T13:45:00+00:00,15417.47,15417.47,15401.949999999999,15405.96,344
2026-07-09T13:50:00+00:00,15405.96,15418.47,15401.449999999999,15413.46,256
2026-07-09T13:55:00+00:00,15413.46,15417.47,15409.449999999999,15414.96,203
2026-07-09T14:00:00+00:00,15414.96,15425.96,15414.46,15420.46,282
2026-07-09T14:05:00+00:00,15420.46,15422.47,15397.449999999999,15397.449999999999,276
2026-07-09T14:10:00+00:00,15397.449999999999,15403.47,15394.449999999999,15401.47,351
2026-07-09T14:15:00+00:00,15401.47,15401.47,15388.449999999999,15390.97,531
2026-07-09T14:20:00+00:00,15390.97,15399.47,15383.449999999999,15399.449999999999,444
2026-07-09T14:25:00+00:00,15399.449999999999,15404.449999999999,15398.449999999999,15398.46,245
2026-07-09T14:30:00+00:00,15398.46,15400.47,15395.449999999999,15398.46,304
2026-07-09T14:35:00+00:00,15398.46,15400.46,15394.449999999999,15398.46,246
2026-07-09T14:40:00+00:00,15398.46,15399.47,15393.96,15394.96,149
2026-07-09T14:45:00+00:00,15394.96,15405.46,15394.449999999999,15398.47,159
2026-07-09T14:50:00+00:00,15398.47,15402.47,15394.949999999999,15399.46,202
2026-07-09T14:55:00+00:00,15399.46,15401.96,15398.449999999999,15399.47,200
2026-07-09T15:00:00+00:00,15399.47,15402.46,15398.449999999999,15401.949999999999,142
2026-07-09T15:05:00+00:00,15401.949999999999,15407.47,15401.449999999999,15402.97,102
2026-07-09T15:10:00+00:00,15402.97,15405.47,15399.949999999999,15404.949999999999,83
2026-07-09T15:15:00+00:00,15404.949999999999,15409.47,15401.449999999999,15402.949999999999,92
2026-07-09T15:20:00+00:00,15402.949999999999,15408.47,15402.449999999999,15407.47,104
2026-07-09T15:25:00+00:00,15407.47,15408.47,15403.449999999999,15403.97,112
2026-07-09T15:30:00+00:00,15403.97,15406.47,15401.449999999999,15405.46,117
2026-07-09T15:35:00+00:00,15405.46,15418.47,15404.46,15418.46,162
2026-07-09T15:40:00+00:00,15418.46,15419.47,15413.449999999999,15418.47,73
2026-07-09T15:45:00+00:00,15418.47,15421.449999999999,15416.949999999999,15421.449999999999,89
2026-07-09T15:50:00+00:00,15421.449999999999,15426.47,15417.46,15419.449999999999,98
2026-07-09T15:55:00+00:00,15419.449999999999,15419.47,15415.449999999999,15415.46,59
2026-07-09T16:00:00+00:00,15415.46,15416.46,15410.449999999999,15412.97,79
2026-07-09T16:05:00+00:00,15412.97,15418.47,15412.449999999999,15417.97,66
2026-07-09T16:10:00+00:00,15417.97,15421.46,15415.449999999999,15421.46,55
2026-07-09T16:15:00+00:00,15421.46,15423.449999999999,15416.449999999999,15416.96,57
2026-07-09T16:20:00+00:00,15416.96,15417.949999999999,15411.949999999999,15413.47,70
2026-07-09T16:25:00+00:00,15413.47,15413.47,15408.46,15408.47,58
2026-07-09T16:30:00+00:00,15408.47,15411.47,15402.96,15403.449999999999,72
2026-07-09T16:35:00+00:00,15403.449999999999,15404.97,15399.949999999999,15402.47,77
2026-07-09T16:40:00+00:00,15402.47,15405.47,15402.449999999999,15404.449999999999,59
2026-07-09T16:45:00+00:00,15404.449999999999,15404.47,15401.46,15402.96,79
2026-07-09T16:50:00+00:00,15402.96,15403.47,15401.46,15402.97,47
2026-07-09T16:55:00+00:00,15402.97,15402.97,15397.949999999999,15399.47,44
2026-07-09T17:00:00+00:00,15399.47,15401.47,15397.449999999999,15397.96,72
2026-07-09T17:05:00+00:00,15397.96,15402.47,15397.46,15400.47,51
2026-07-09T17:10:00+00:00,15400.47,15404.46,15400.46,15401.47,38
2026-07-09T17:15:00+00:00,15401.47,15403.47,15400.46,15402.46,39
2026-07-09T17:20:00+00:00,15402.46,15403.46,15400.449999999999,15401.949999999999,36
2026-07-09T17:25:00+00:00,15401.949999999999,15402.47,15400.46,15400.949999999999,58
2026-07-09T17:30:00+00:00,15400.949999999999,15403.47,15400.949999999999,15401.47,46
2026-07-09T17:35:00+00:00,15401.47,15402.97,15400.949999999999,15401.449999999999,35
2026-07-09T17:40:00+00:00,15401.449999999999,15404.47,15400.47,15403.449999999999,41
2026-07-09T17:45:00+00:00,15403.449999999999,15405.949999999999,15403.449999999999,15404.949999999999,32
2026-07-09T17:50:00+00:00,15404.949999999999,15404.97,15402.97,15402.97,16.32355154251317
2026-07-09T17:55:00+00:00,15402.97,15402.97,15397.97,15399.47,35
2026-07-09T18:00:00+00:00,15399.47,15404.47,15398.46,15398.96,51
2026-07-09T18:05:00+00:00,15398.96,15403.47,15398.96,15402.96,57
2026-07-09T18:10:00+00:00,15402.96,15407.449999999999,15402.449999999999,15406.47,42
2026-07-09T18:15:00+00:00,15406.47,15407.46,15403.449999999999,15404.97,36
2026-07-09T18:20:00+00:00,15404.97,15404.97,15400.46,15400.46,37
2026-07-09T18:25:00+00:00,15400.46,15401.47,15399.949999999999,15401.449999999999,57
2026-07-09T18:30:00+00:00,15401.449999999999,15401.47,15398.449999999999,15398.97,42
2026-07-09T18:35:00+00:00,15398.97,15400.47,15397.449999999999,15399.949999999999,44
2026-07-09T18:40:00+00:00,15399.949999999999,15400.47,15398.46,15399.47,48
2026-07-09T18:45:00+00:00,15399.47,15402.47,15399.449999999999,15401.47,25.448435094920473
2026-07-09T18:50:00+00:00,15401.47,15404.47,15400.949999999999,15403.96,19
2026-07-09T18:55:00+00:00,15403.96,15406.47,15403.449999999999,15405.46,33
2026-07-09T19:00:00+00:00,15405.46,15405.46,15400.47,15400.47,48
2026-07-09T19:05:00+00:00,15400.47,15404.47,15400.449999999999,15402.97,31
2026-07-09T19:10:00+00:00,15402.97,15405.47,15402.449999999999,15404.46,36
2026-07-09T19:15:00+00:00,15404.46,15409.47,15403.449999999999,15409.449999999999,43
2026-07-09T19:20:00+00:00,15409.449999999999,15416.47,15407.96,15416.46,40
2026-07-09T19:25:00+00:00,15416.46,15416.47,15414.449999999999,15415.96,22.382409177820268
2026-07-09T19:30:00+00:00,15415.96,15415.97,15410.96,15413.46,66
2026-07-09T19:35:00+00:00,15413.46,15418.47,15412.449999999999,15417.96,59
2026-07-09T19:40:00+00:00,15417.96,15421.97,15417.96,15420.97,76
2026-07-09T19:45:00+00:00,15420.97,15423.46,15419.46,15421.46,67
2026-07-09T19:50:00+00:00,15421.46,15421.46,15415.47,15416.47,97
2026-07-09T19:55:00+00:00,15416.47,15423.46,15415.47,15420.97,105
2026-07-09T20:00:00+00:00,15420.97,15420.97,15410.46,15410.96,38
2026-07-09T20:05:00+00:00,15410.96,15415.449999999999,15410.449999999999,15412.97,21
2026-07-09T20:10:00+00:00,15412.97,15413.97,15411.949999999999,15412.949999999999,11
2026-07-09T20:15:00+00:00,15412.949999999999,15412.97,15411.449999999999,15412.96,14
2026-07-09T20:20:00+00:00,15412.96,15414.47,15411.97,15413.96,11.365241004752207
2026-07-09T20:25:00+00:00,15413.96,15414.46,15412.949999999999,15414.46,12
2026-07-09T20:30:00+00:00,15414.46,15417.46,15414.449999999999,15416.949999999999,17.698015620457454
2026-07-09T20:35:00+00:00,15416.949999999999,15418.47,15415.449999999999,15415.449999999999,28
2026-07-09T20:40:00+00:00,15415.449999999999,15415.97,15414.449999999999,15415.47,14
2026-07-10T01:00:00+00:00,15415.47,15418.96,15399.449999999999,15417.949999999999,233.65995260663507
2026-07-10T01:05:00+00:00,15417.949999999999,15421.949999999999,15405.44,15418.96,206
2026-07-10T01:10:00+00:00,15418.96,15423.96,15415.949999999999,15420.96,153
2026-07-10T01:15:00+00:00,15420.96,15468.449999999999,15418.94,15443.44,610
2026-07-10T01:20:00+00:00,15443.44,15455.949999999999,15436.949999999999,15439.449999999999,523
2026-07-10T01:25:00+00:00,15439.449999999999,15440.96,15403.46,15423.949999999999,983
2026-07-10T01:30:00+00:00,15423.949999999999,15457.96,15359.44,15375.449999999999,7015
2026-07-10T01:35:00+00:00,15375.449999999999,15415.96,15349.949999999999,15404.46,4828
2026-07-10T01:40:00+00:00,15404.46,15429.96,15396.949999999999,15403.46,3650
2026-07-10T01:45:00+00:00,15403.46,15433.96,15380.94,15424.44,3905
2026-07-10T01:50:00+00:00,15424.44,15458.949999999999,15417.94,15447.449999999999,2797
2026-07-10T01:55:00+00:00,15447.449999999999,15449.94,15417.94,15422.44,3151
2026-07-10T02:00:00+00:00,15422.44,15434.96,15394.46,15405.46,3361
2026-07-10T02:05:00+00:00,15405.46,15446.949999999999,15402.96,15435.949999999999,3356
2026-07-10T02:10:00+00:00,15435.949999999999,15439.449999999999,15390.96,15414.949999999999,2687
2026-07-10T02:15:00+00:00,15414.949999999999,15450.949999999999,15410.94,15449.96,2440
2026-07-10T02:20:00+00:00,15449.96,15450.96,15417.96,15435.94,2666
2026-07-10T02:25:00+00:00,15435.94,15470.449999999999,15430.949999999999,15455.94,2636
2026-07-10T02:30:00+00:00,15455.94,15464.46,15410.449999999999,15427.449999999999,2634
2026-07-10T02:35:00+00:00,15427.449999999999,15435.94,15385.949999999999,15411.96,2348
2026-07-10T02:40:00+00:00,15411.96,15432.449999999999,15396.449999999999,15423.949999999999,2205
2026-07-10T02:45:00+00:00,15423.949999999999,15425.949999999999,15397.949999999999,15423.44,1876
2026-07-10T02:50:00+00:00,15423.44,15441.949999999999,15415.94,15422.96,1935
2026-07-10T02:55:00+00:00,15422.96,15433.46,15402.949999999999,15428.94,1836
2026-07-10T03:00:00+00:00,15428.94,15430.94,15400.94,15412.449999999999,1627
2026-07-10T03:05:00+00:00,15412.449999999999,15442.96,15407.949999999999,15433.46,1551
2026-07-10T03:10:00+00:00,15433.46,15440.449999999999,15415.94,15421.96,1599
2026-07-10T03:15:00+00:00,15421.96,15439.96,15416.44,15427.96,1387
2026-07-10T03:20:00+00:00,15427.96,15440.449999999999,15418.96,15425.96,1514
2026-07-10T03:25:00+00:00,15425.96,15428.46,15398.449999999999,15422.96,1639
2026-07-10T03:30:00+00:00,15422.96,15422.96,15407.44,15412.949999999999,468
2026-07-10T03:35:00+00:00,15412.949999999999,15412.949999999999,15401.44,15405.449999999999,204
2026-07-10T03:40:00+00:00,15405.449999999999,15406.46,15398.44,15401.44,242
2026-07-10T03:45:00+00:00,15401.44,15403.44,15394.96,15396.94,206
2026-07-10T03:50:00+00:00,15396.94,15403.449999999999,15396.449999999999,15399.44,197
2026-07-10T03:55:00+00:00,15399.44,15403.44,15398.46,15401.949999999999,109
2026-07-10T04:00:00+00:00,15401.949999999999,15403.96,15400.44,15402.46,85
2026-07-10T04:05:00+00:00,15402.46,15403.46,15400.949999999999,15402.46,67
2026-07-10T04:10:00+00:00,15402.46,15403.46,15399.949999999999,15399.949999999999,41
2026-07-10T04:15:00+00:00,15399.949999999999,15405.46,15397.94,15404.44,75
2026-07-10T04:20:00+00:00,15404.44,15405.449999999999,15397.96,15397.96,51.05645989147969
2026-07-10T04:25:00+00:00,15397.96,15398.94,15392.449999999999,15392.449999999999,55
2026-07-10T04:30:00+00:00,15392.449999999999,15403.96,15392.449999999999,15403.94,88
2026-07-10T04:35:00+00:00,15403.94,15410.94,15402.46,15410.94,39.0896273917422
2026-07-10T04:40:00+00:00,15410.94,15410.949999999999,15403.949999999999,15406.949999999999,67
2026-07-10T04:45:00+00:00,15406.949999999999,15411.949999999999,15406.949999999999,15409.44,72
2026-07-10T04:50:00+00:00,15409.44,15411.96,15405.44,15406.949999999999,103
2026-07-10T04:55:00+00:00,15406.949999999999,15408.96,15394.44,15394.96,121
2026-07-10T05:00:00+00:00,15394.96,15411.96,15349.96,15354.96,2951
2026-07-10T05:05:00+00:00,15354.96,15381.44,15341.94,15375.44,2245
2026-07-10T05:10:00+00:00,15375.44,15393.949999999999,15374.44,15377.94,1516
2026-07-10T05:15:00+00:00,15377.94,15388.96,15366.949999999999,15367.44,1587
2026-07-10T05:20:00+00:00,15367.44,15376.96,15350.46,15351.449999999999,1387
2026-07-10T05:25:00+00:00,15351.449999999999,15352.46,15330.94,15331.94,1151
2026-07-10T05:30:00+00:00,15331.94,15332.46,15297.96,15302.449999999999,1428
2026-07-10T05:35:00+00:00,15302.449999999999,15305.96,15261.94,15262.449999999999,1484
2026-07-10T05:40:00+00:00,15262.449999999999,15269.46,15249.94,15250.949999999999,1625
2026-07-10T05:45:00+00:00,15250.949999999999,15252.96,15218.44,15222.949999999999,1804
2026-07-10T05:50:00+00:00,15222.949999999999,15255.96,15218.44,15247.449999999999,1968
2026-07-10T05:55:00+00:00,15247.449999999999,15248.44,15200.44,15200.949999999999,1725
2026-07-10T06:00:00+00:00,15200.949999999999,15207.46,15161.44,15173.44,2538
2026-07-10T06:05:00+00:00,15173.44,15178.96,15130.94,15139.449999999999,2262
2026-07-10T06:10:00+00:00,15139.449999999999,15167.96,15122.94,15137.96,2345
2026-07-10T06:15:00+00:00,15137.96,15165.96,15133.449999999999,15160.949999999999,2548
2026-07-10T06:20:00+00:00,15160.949999999999,15165.46,15128.449999999999,15131.46,1906
2026-07-10T06:25:00+00:00,15131.46,15134.96,15111.94,15111.96,1267
2026-07-10T06:30:00+00:00,15111.96,15129.449999999999,15079.94,15088.94,2056
2026-07-10T06:35:00+00:00,15088.94,15100.449999999999,15055.94,15057.949999999999,1988
2026-07-10T06:40:00+00:00,15057.949999999999,15059.96,15036.44,15040.449999999999,2420
2026-07-10T06:45:00+00:00,15040.449999999999,15075.96,15025.44,15028.949999999999,2485
2026-07-10T06:50:00+00:00,15028.949999999999,15040.449999999999,15012.44,15023.44,2099
2026-07-10T06:55:00+00:00,15023.44,15036.44,15004.94,15033.44,1938
2026-07-10T07:00:00+00:00,15033.44,15033.44,15005.44,15015.96,624
2026-07-10T07:05:00+00:00,15015.96,15026.449999999999,15010.94,15021.949999999999,404
2026-07-10T07:10:00+00:00,15021.949999999999,15026.94,15018.449999999999,15022.46,251
2026-07-10T07:15:00+00:00,15022.46,15025.96,15019.44,15025.46,184
2026-07-10T07:20:00+00:00,15025.46,15031.94,15023.449999999999,15029.96,99
2026-07-10T07:25:00+00:00,15029.96,15031.44,15025.94,15026.449999999999,112
2026-07-10T07:30:00+00:00,15026.449999999999,15026.449999999999,15013.94,15017.44,123
2026-07-10T07:35:00+00:00,15017.44,15023.46,15013.96,15022.949999999999,139
2026-07-10T07:40:00+00:00,15022.949999999999,15025.96,15017.949999999999,15017.949999999999,96
2026-07-10T07:45:00+00:00,15017.949999999999,15019.949999999999,15010.94,15012.94,188
2026-07-10T07:50:00+00:00,15012.94,15017.94,15010.94,15016.96,136
2026-07-10T07:55:00+00:00,15016.96,15021.96,15015.46,15020.94,307
2026-07-10T08:00:00+00:00,15020.94,15020.94,14997.96,15007.449999999999,397
2026-07-10T08:05:00+00:00,15007.449999999999,15020.96,15005.44,15018.94,405
2026-07-10T08:10:00+00:00,15018.94,15025.949999999999,15015.449999999999,15019.46,171
2026-07-10T08:15:00+00:00,15019.46,15023.949999999999,15014.94,15016.94,104
2026-07-10T08:20:00+00:00,15016.94,15017.96,15010.449999999999,15010.449999999999,217
2026-07-10T08:25:00+00:00,15010.449999999999,15015.96,15010.44,15015.96,106
2026-07-10T09:00:00+00:00,15015.96,15021.949999999999,15000.96,15012.46,341
2026-07-10T09:05:00+00:00,15012.46,15013.46,15004.46,15004.46,98
2026-07-10T09:10:00+00:00,15004.46,15010.46,15003.94,15010.46,102
2026-07-10T09:15:00+00:00,15010.46,15024.949999999999,15010.46,15023.94,73
2026-07-10T09:20:00+00:00,15023.94,15024.96,15021.96,15024.94,35
2026-07-10T09:25:00+00:00,15024.94,15027.46,15024.449999999999,15027.46,42.463686184020766
2026-07-10T09:30:00+00:00,15027.46,15029.46,15022.96,15023.949999999999,52
2026-07-10T09:35:00+00:00,15023.949999999999,15030.44,15023.94,15030.44,55
2026-07-10T09:40:00+00:00,15030.44,15030.94,15023.96,15025.44,48
2026-07-10T09:45:00+00:00,15025.44,15028.949999999999,15025.44,15027.46,51
2026-07-10T09:50:00+00:00,15027.46,15028.96,15025.94,15025.949999999999,29.446881425633997
2026-07-10T09:55:00+00:00,15025.949999999999,15029.96,15025.949999999999,15029.44,29
2026-07-10T10:00:00+00:00,15029.44,15036.449999999999,15029.44,15032.449999999999,47
2026-07-10T10:05:00+00:00,15032.449999999999,15034.96,15032.44,15033.46,29
2026-07-10T10:10:00+00:00,15033.46,15036.46,15032.94,15034.94,35.265012093805865
2026-07-10T10:15:00+00:00,15034.94,15035.44,15032.96,15032.96,24
2026-07-10T10:20:00+00:00,15032.96,15036.46,15029.94,15035.949999999999,78
2026-07-10T10:25:00+00:00,15035.949999999999,15041.949999999999,15035.449999999999,15041.44,50
2026-07-10T10:30:00+00:00,15041.44,15043.949999999999,15040.44,15040.44,23
2026-07-10T10:35:00+00:00,15040.44,15043.949999999999,15038.949999999999,15043.94,35
2026-07-10T10:40:00+00:00,15043.94,15044.449999999999,15041.94,15043.46,38
2026-07-10T10:45:00+00:00,15043.46,15043.46,15037.949999999999,15038.46,33
2026-07-10T10:50:00+00:00,15038.46,15040.96,15035.96,15036.449999999999,46
2026-07-10T10:55:00+00:00,15036.449999999999,15041.949999999999,15035.94,15039.94,49
2026-07-10T11:00:00+00:00,15039.94,15041.96,15037.94,15039.96,47
2026-07-10T11:05:00+00:00,15039.96,15042.46,15038.96,15041.96,26
2026-07-10T11:10:00+00:00,15041.96,15045.949999999999,15041.449999999999,15045.949999999999,37
2026-07-10T11:15:00+00:00,15045.949999999999,15049.44,15045.949999999999,15046.94,35
2026-07-10T11:20:00+00:00,15046.94,15047.949999999999,15042.94,15043.949999999999,45
2026-07-10T11:25:00+00:00,15043.949999999999,15043.949999999999,15037.949999999999,15039.94,59
2026-07-10T11:30:00+00:00,15039.94,15041.46,15037.44,15039.44,57
2026-07-10T11:35:00+00:00,15039.44,15040.94,15033.949999999999,15036.949999999999,68
2026-07-10T11:40:00+00:00,15036.949999999999,15040.449999999999,15035.94,15040.449999999999,46
2026-07-10T11:45:00+00:00,15040.449999999999,15043.46,15037.949999999999,15041.96,51
2026-07-10T11:50:00+00:00,15041.96,15044.96,15038.94,15038.94,49
2026-07-10T11:55:00+00:00,15038.94,15040.46,15037.94,15040.46,28
2026-07-10T12:00:00+00:00,15040.46,15042.46,15035.44,15035.44,66
2026-07-10T12:05:00+00:00,15035.44,15038.96,15032.96,15038.96,72
2026-07-10T12:10:00+00:00,15038.96,15063.44,15037.96,15049.46,481
2026-07-10T12:15:00+00:00,15049.46,15049.949999999999,15044.94,15046.94,157
2026-07-10T12:20:00+00:00,15046.94,15048.949999999999,15042.94,15047.949999999999,86
2026-07-10T12:25:00+00:00,15047.949999999999,15050.949999999999,15045.94,15048.96,77
2026-07-10T12:30:00+00:00,15048.96,15052.96,15047.44,15050.44,141
2026-07-10T12:35:00+00:00,15050.44,15050.96,15043.949999999999,15050.96,115
2026-07-10T12:40:00+00:00,15050.96,15054.949999999999,15045.94,15045.949999999999,107
2026-07-10T12:45:00+00:00,15045.949999999999,15050.94,15043.94,15050.94,95
2026-07-10T12:50:00+00:00,15050.94,15055.96,15049.949999999999,15054.449999999999,81
2026-07-10T12:55:00+00:00,15054.449999999999,15057.949999999999,15047.46,15055.46,127
2026-07-10T13:00:00+00:00,15055.46,15059.96,15052.949999999999,15053.949999999999,97
2026-07-10T13:05:00+00:00,15053.949999999999,15058.46,15051.94,15055.94,88
2026-07-10T13:10:00+00:00,15055.94,15061.96,15054.94,15060.96,120
2026-07-10T13:15:00+00:00,15060.96,15061.949999999999,15056.96,15057.949999999999,41
2026-07-10T13:20:00+00:00,15057.949999999999,15058.96,15047.94,15048.94,62
2026-07-10T13:25:00+00:00,15048.94,15049.46,15038.96,15039.44,115
2026-07-10T13:30:00+00:00,15039.44,15051.96,15037.46,15041.46,418
2026-07-10T13:35:00+00:00,15041.46,15041.96,15033.44,15040.94,263
2026-07-10T13:40:00+00:00,15040.94,15042.96,15031.44,15042.96,383
2026-07-10T13:45:00+00:00,15042.96,15053.46,15042.449999999999,15050.96,309
2026-07-10T13:50:00+00:00,15050.96,15063.96,15047.94,15057.449999999999,273
2026-07-10T13:55:00+00:00,15057.449999999999,15058.44,15047.449999999999,15054.949999999999,353
2026-07-10T14:00:00+00:00,15054.949999999999,15058.96,15052.94,15053.449999999999,418
2026-07-10T14:05:00+00:00,15053.449999999999,15062.96,15051.94,15062.46,352
2026-07-10T14:10:00+00:00,15062.46,15063.96,15056.96,15057.94,262
2026-07-10T14:15:00+00:00,15057.94,15059.96,15052.96,15054.94,319
2026-07-10T14:20:00+00:00,15054.94,15056.96,15047.949999999999,15053.96,255
2026-07-10T14:25:00+00:00,15053.96,15056.96,15049.94,15051.46,221
2026-07-10T14:30:00+00:00,15051.46,15060.94,15024.46,15037.96,1646
2026-07-10T14:35:00+00:00,15037.96,15052.94,15035.94,15050.96,558
2026-07-10T14:40:00+00:00,15050.96,15055.96,15048.94,15052.449999999999,281
2026-07-10T14:45:00+00:00,15052.449999999999,15058.46,15051.94,15056.949999999999,220
2026-07-10T14:50:00+00:00,15056.949999999999,15060.46,15053.94,15057.94,176
2026-07-10T14:55:00+00:00,15057.94,15059.949999999999,15050.94,15050.96,219
2026-07-10T15:00:00+00:00,15050.96,15053.96,15048.949999999999,15050.94,257
2026-07-10T15:05:00+00:00,15050.94,15052.96,15046.96,15051.96,220
2026-07-10T15:10:00+00:00,15051.96,15052.96,15046.449999999999,15046.94,196
2026-07-10T15:15:00+00:00,15046.94,15055.949999999999,15046.94,15051.96,208
2026-07-10T15:20:00+00:00,15051.96,15055.96,15050.94,15055.449999999999,174
2026-07-10T15:25:00+00:00,15055.449999999999,15061.94,15055.449999999999,15059.949999999999,167
2026-07-10T15:30:00+00:00,15059.949999999999,15059.96,15055.94,15059.449999999999,167.8518303312028
2026-07-10T15:35:00+00:00,15059.449999999999,15060.46,15046.44,15046.46,146
2026-07-10T15:40:00+00:00,15046.46,15048.46,15040.44,15044.46,243
2026-07-10T15:45:00+00:00,15044.46,15044.46,15039.94,15043.46,179
2026-07-10T15:50:00+00:00,15043.46,15053.46,15043.46,15053.46,84
2026-07-10T15:55:00+00:00,15053.46,15062.46,15053.44,15059.46,98
2026-07-10T16:00:00+00:00,15059.46,15063.449999999999,15059.44,15063.44,109
2026-07-10T16:05:00+00:00,15063.44,15063.46,15060.44,15061.94,82
2026-07-10T16:10:00+00:00,15061.94,15066.46,15060.449999999999,15063.949999999999,136
2026-07-10T16:15:00+00:00,15063.949999999999,15066.46,15062.449999999999,15064.449999999999,92
2026-07-10T16:20:00+00:00,15064.449999999999,15065.46,15061.44,15061.94,71
2026-07-10T16:25:00+00:00,15061.94,15064.96,15061.44,15063.46,65.70165840314584
2026-07-10T16:30:00+00:00,15063.46,15066.46,15062.94,15064.449999999999,70
2026-07-10T16:35:00+00:00,15064.449999999999,15065.449999999999,15060.46,15064.44,66
2026-07-10T16:40:00+00:00,15064.44,15064.449999999999,15059.449999999999,15059.46,65
2026-07-10T16:45:00+00:00,15059.46,15065.46,15059.449999999999,15065.46,46
2026-07-10T16:50:00+00:00,15065.46,15070.46,15065.46,15070.46,38
2026-07-10T16:55:00+00:00,15070.46,15071.46,15067.46,15067.46,42
2026-07-10T17:00:00+00:00,15067.46,15069.96,15067.44,15068.449999999999,62
2026-07-10T17:05:00+00:00,15068.449999999999,15068.449999999999,15063.46,15063.46,43
2026-07-10T17:10:00+00:00,15063.46,15065.46,15061.44,15064.46,53
2026-07-10T17:15:00+00:00,15064.46,15066.46,15063.96,15064.949999999999,36
2026-07-10T17:20:00+00:00,15064.949999999999,15067.96,15064.94,15067.44,35
2026-07-10T17:25:00+00:00,15067.44,15067.46,15065.44,15067.46,72
2026-07-10T17:30:00+00:00,15067.46,15068.94,15063.44,15064.46,67
2026-07-10T17:35:00+00:00,15064.46,15068.46,15064.46,15066.46,55
2026-07-10T17:40:00+00:00,15066.46,15069.46,15066.44,15068.44,56
2026-07-10T17:45:00+00:00,15068.44,15070.449999999999,15068.44,15068.96,21
2026-07-10T17:50:00+00:00,15068.96,15069.449999999999,15066.449999999999,15067.449999999999,33
2026-07-10T17:55:00+00:00,15067.449999999999,15067.94,15064.44,15065.44,46
2026-07-10T18:00:00+00:00,15065.44,15067.44,15064.44,15065.94,45
2026-07-10T18:05:00+00:00,15065.94,15067.46,15065.44,15067.46,36
2026-07-10T18:10:00+00:00,15067.46,15070.449999999999,15064.449999999999,15065.46,88
2026-07-10T18:15:00+00:00,15065.46,15066.46,15063.449999999999,15065.44,39
2026-07-10T18:20:00+00:00,15065.44,15067.46,15064.449999999999,15066.44,45
2026-07-10T18:25:00+00:00,15066.44,15068.46,15065.44,15066.46,77
2026-07-10T18:30:00+00:00,15066.46,15068.449999999999,15065.949999999999,15067.46,48
2026-07-10T18:35:00+00:00,15067.46,15067.46,15064.44,15064.46,49
2026-07-10T18:40:00+00:00,15064.46,15065.46,15063.44,15063.46,37
2026-07-10T18:45:00+00:00,15063.46,15065.449999999999,15063.449999999999,15064.44,27
2026-07-10T18:50:00+00:00,15064.44,15064.46,15062.449999999999,15062.449999999999,27
2026-07-10T18:55:00+00:00,15062.449999999999,15064.46,15062.44,15064.449999999999,25
2026-07-10T19:00:00+00:00,15064.449999999999,15068.46,15063.449999999999,15067.449999999999,42
2026-07-10T19:05:00+00:00,15067.449999999999,15068.46,15066.449999999999,15066.449999999999,33
2026-07-10T19:10:00+00:00,15066.449999999999,15067.46,15065.94,15067.44,18
2026-07-10T19:15:00+00:00,15067.44,15067.46,15064.44,15064.46,32
2026-07-10T19:20:00+00:00,15064.46,15065.449999999999,15063.46,15063.46,20
2026-07-10T19:25:00+00:00,15063.46,15065.46,15063.44,15063.949999999999,45
2026-07-10T19:30:00+00:00,15063.949999999999,15064.46,15061.96,15063.46,66
2026-07-10T19:35:00+00:00,15063.46,15064.46,15062.44,15063.94,41
2026-07-10T19:40:00+00:00,15063.94,15070.46,15063.94,15066.46,41
2026-07-10T19:45:00+00:00,15066.46,15070.46,15066.46,15069.449999999999,32
2026-07-10T19:50:00+00:00,15069.449999999999,15074.449999999999,15068.44,15073.449999999999,65
2026-07-10T19:55:00+00:00,15073.449999999999,15075.46,15071.449999999999,15074.96,51
2026-07-10T20:00:00+00:00,15074.96,15075.96,15070.949999999999,15071.449999999999,40.29847494553377
2026-07-10T20:05:00+00:00,15071.449999999999,15071.449999999999,15069.44,15069.449999999999,16
2026-07-10T20:10:00+00:00,15069.449999999999,15071.43,15069.449999999999,15071.43,9.593538692712247
2026-07-10T20:15:00+00:00,15071.43,15071.96,15071.43,15071.949999999999,7
2026-07-10T20:20:00+00:00,15071.949999999999,15072.44,15071.46,15071.96,9.590769230769231
2026-07-10T20:25:00+00:00,15071.96,15073.46,15071.44,15073.46,8.292817679558011
2026-07-10T20:30:00+00:00,15073.46,15073.949999999999,15072.949999999999,15072.949999999999,9.314076484947112
2026-07-10T20:35:00+00:00,15072.949999999999,15073.949999999999,15072.949999999999,15073.949999999999,6.95210258556259
2026-07-10T20:40:00+00:00,15073.949999999999,15074.449999999999,15073.44,15073.449999999999,11.333617021276595
2026-07-13T01:00:00+00:00,15073.449999999999,15079.449999999999,14983.21,14990.71,460.060773480663
2026-07-13T01:05:00+00:00,14990.71,15017.72,14985.21,15007.71,468
2026-07-13T01:10:00+00:00,15007.71,15025.73,15003.71,15013.72,528
2026-07-13T01:15:00+00:00,15013.72,15038.72,14982.21,14985.22,1379
2026-07-13T01:20:00+00:00,14985.22,14995.23,14952.21,14962.71,1234
2026-07-13T01:25:00+00:00,14962.71,14990.72,14958.73,14983.71,1363
2026-07-13T01:30:00+00:00,14983.71,15069.23,14970.22,15044.22,8173
2026-07-13T01:35:00+00:00,15044.22,15055.23,15012.72,15049.23,6377
2026-07-13T01:40:00+00:00,15049.23,15063.73,15017.71,15059.21,5399
2026-07-13T01:45:00+00:00,15059.21,15079.21,15024.22,15028.22,4925
2026-07-13T01:50:00+00:00,15028.22,15040.71,14992.73,15009.23,4410
2026-07-13T01:55:00+00:00,15009.23,15016.73,14976.71,14980.72,4121
2026-07-13T02:00:00+00:00,14980.72,15018.73,14959.71,15007.71,4154
2026-07-13T02:05:00+00:00,15007.71,15044.23,15005.71,15042.21,4690
2026-07-13T02:10:00+00:00,15042.21,15088.23,15034.73,15081.73,3661
2026-07-13T02:15:00+00:00,15081.73,15096.71,15059.71,15076.23,3319
2026-07-13T02:20:00+00:00,15076.23,15116.22,15074.71,15113.73,3493
2026-07-13T02:25:00+00:00,15113.73,15124.73,15088.71,15105.71,3054
2026-07-13T02:30:00+00:00,15105.71,15127.22,15099.73,15111.21,3342
2026-07-13T02:35:00+00:00,15111.21,15130.73,15066.71,15069.22,2790
2026-07-13T02:40:00+00:00,15069.22,15072.73,15051.21,15052.71,2668
2026-07-13T02:45:00+00:00,15052.71,15065.72,15029.71,15037.72,2694
2026-07-13T02:50:00+00:00,15037.72,15046.72,15020.71,15041.72,2537
2026-07-13T02:55:00+00:00,15041.72,15049.21,15019.71,15027.71,2396
2026-07-13T03:00:00+00:00,15027.71,15031.72,14984.72,14988.22,2360
2026-07-13T03:05:00+00:00,14988.22,14993.72,14968.21,14986.22,2587
2026-07-13T03:10:00+00:00,14986.22,14988.23,14948.72,14964.21,2465
2026-07-13T03:15:00+00:00,14964.21,14991.72,14961.71,14973.23,3395
2026-07-13T03:20:00+00:00,14973.23,14991.23,14957.73,14976.22,3146
2026-07-13T03:25:00+00:00,14976.22,14979.23,14956.22,14964.73,2575
2026-07-13T03:30:00+00:00,14964.73,14971.73,14952.71,14968.71,661
2026-07-13T03:35:00+00:00,14968.71,14974.73,14960.72,14966.71,365
2026-07-13T03:40:00+00:00,14966.71,14971.72,14960.71,14961.73,394
2026-07-13T03:45:00+00:00,14961.73,14965.73,14960.71,14962.73,240
2026-07-13T03:50:00+00:00,14962.73,14966.23,14958.73,14964.72,198
2026-07-13T03:55:00+00:00,14964.72,14965.23,14961.21,14964.21,174
2026-07-13T04:00:00+00:00,14964.21,14964.21,14951.71,14953.23,194
2026-07-13T04:05:00+00:00,14953.23,14961.71,14952.71,14957.73,128
2026-07-13T04:10:00+00:00,14957.73,14959.73,14948.72,14953.21,166
2026-07-13T04:15:00+00:00,14953.21,14953.73,14948.71,14949.73,121
2026-07-13T04:20:00+00:00,14949.73,14955.23,14949.71,14955.22,107
2026-07-13T04:25:00+00:00,14955.22,14956.23,14950.71,14954.71,102
2026-07-13T04:30:00+00:00,14954.71,14963.73,14952.71,14962.21,180
2026-07-13T04:35:00+00:00,14962.21,14963.21,14953.71,14954.21,151
2026-07-13T04:40:00+00:00,14954.21,14958.21,14951.71,14957.72,73
2026-07-13T04:45:00+00:00,14957.72,14957.72,14943.23,14949.22,224
2026-07-13T04:50:00+00:00,14949.22,14952.73,14948.72,14951.21,64
2026-07-13T04:55:00+00:00,14951.21,14957.72,14948.71,14953.22,72
2026-07-13T05:00:00+00:00,14953.22,14959.22,14887.21,14939.72,4641
2026-07-13T05:05:00+00:00,14939.72,14958.72,14909.72,14926.72,3233
2026-07-13T05:10:00+00:00,14926.72,14950.72,14921.71,14927.21,3105
2026-07-13T05:15:00+00:00,14927.21,14934.72,14871.21,14879.22,2737
2026-07-13T05:20:00+00:00,14879.22,14881.21,14822.71,14823.71,2951
2026-07-13T05:25:00+00:00,14823.71,14858.72,14816.71,14828.22,3203
2026-07-13T05:30:00+00:00,14828.22,14935.23,14824.71,14933.21,4360
2026-07-13T05:35:00+00:00,14933.21,14995.73,14927.21,14972.72,4845
2026-07-13T05:40:00+00:00,14972.72,14993.21,14922.23,14928.22,3633
2026-07-13T05:45:00+00:00,14928.22,14935.23,14877.71,14899.21,3057
2026-07-13T05:50:00+00:00,14899.21,14957.73,14898.72,14922.23,3744
2026-07-13T05:55:00+00:00,14922.23,14932.72,14895.22,14912.22,3386
2026-07-13T06:00:00+00:00,14912.22,14923.73,14898.71,14910.21,2996
2026-07-13T06:05:00+00:00,14910.21,14914.23,14869.71,14878.73,2717
2026-07-13T06:10:00+00:00,14878.73,14895.22,14846.71,14855.72,2394
2026-07-13T06:15:00+00:00,14855.72,14870.21,14844.73,14860.22,2781
2026-07-13T06:20:00+00:00,14860.22,14865.73,14828.71,14831.71,2309
2026-07-13T06:25:00+00:00,14831.71,14852.73,14825.71,14845.73,2651
2026-07-13T06:30:00+00:00,14845.73,14846.72,14797.22,14821.72,2516
2026-07-13T06:35:00+00:00,14821.72,14846.22,14816.71,14835.22,3288
2026-07-13T06:40:00+00:00,14835.22,14843.71,14811.21,14834.71,3510
2026-07-13T06:45:00+00:00,14834.71,14911.73,14832.73,14902.22,4182
2026-07-13T06:50:00+00:00,14902.22,14904.73,14831.72,14837.71,3000
2026-07-13T06:55:00+00:00,14837.71,14857.73,14834.71,14844.72,1957
2026-07-13T07:00:00+00:00,14844.72,14870.73,14843.71,14863.73,886
2026-07-13T07:05:00+00:00,14863.73,14866.73,14854.72,14865.73,438
2026-07-13T07:10:00+00:00,14865.73,14873.72,14865.23,14869.71,264
2026-07-13T07:15:00+00:00,14869.71,14873.71,14865.71,14866.72,232
2026-07-13T07:20:00+00:00,14866.72,14872.71,14863.22,14868.73,211
2026-07-13T07:25:00+00:00,14868.73,14872.73,14866.22,14867.73,164
2026-07-13T07:30:00+00:00,14867.73,14867.73,14858.72,14860.72,180
2026-07-13T07:35:00+00:00,14860.72,14869.73,14860.71,14865.73,132
2026-07-13T07:40:00+00:00,14865.73,14870.71,14855.21,14856.73,290
2026-07-13T07:45:00+00:00,14856.73,14864.72,14856.73,14861.23,155
2026-07-13T07:50:00+00:00,14861.23,14863.73,14859.72,14863.73,111
2026-07-13T07:55:00+00:00,14863.73,14867.21,14860.73,14863.71,157
2026-07-13T08:00:00+00:00,14863.71,14872.23,14861.71,14864.23,356
2026-07-13T08:05:00+00:00,14864.23,14873.73,14863.21,14872.72,343
2026-07-13T08:10:00+00:00,14872.72,14872.72,14868.72,14871.72,189
2026-07-13T08:15:00+00:00,14871.72,14878.23,14863.73,14868.22,293
2026-07-13T08:20:00+00:00,14868.22,14871.71,14865.73,14868.73,182
2026-07-13T08:25:00+00:00,14868.73,14872.72,14866.21,14868.21,223
2026-07-13T09:00:00+00:00,14868.21,14870.23,14846.23,14860.72,318
2026-07-13T09:05:00+00:00,14860.72,14866.72,14859.71,14866.72,62
2026-07-13T09:10:00+00:00,14866.72,14867.73,14862.71,14867.23,88
2026-07-13T09:15:00+00:00,14867.23,14868.73,14856.73,14858.71,253
2026-07-13T09:20:00+00:00,14858.71,14863.73,14854.71,14856.23,239
2026-07-13T09:25:00+00:00,14856.23,14863.22,14856.23,14861.72,127
2026-07-13T09:30:00+00:00,14861.72,14862.72,14858.72,14860.73,99
2026-07-13T09:35:00+00:00,14860.73,14862.72,14859.71,14861.23,108
2026-07-13T09:40:00+00:00,14861.23,14864.72,14860.73,14864.72,101
2026-07-13T09:45:00+00:00,14864.72,14865.23,14859.71,14863.71,78
2026-07-13T09:50:00+00:00,14863.71,14863.73,14859.71,14862.71,67
2026-07-13T09:55:00+00:00,14862.71,14865.72,14862.71,14864.73,49
2026-07-13T10:00:00+00:00,14864.73,14869.73,14864.72,14868.23,67
2026-07-13T10:05:00+00:00,14868.23,14869.72,14862.73,14863.71,71
2026-07-13T10:10:00+00:00,14863.71,14863.73,14861.21,14862.23,53
2026-07-13T10:15:00+00:00,14862.23,14864.73,14861.71,14863.22,51
2026-07-13T10:20:00+00:00,14863.22,14866.72,14861.72,14863.21,78
2026-07-13T10:25:00+00:00,14863.21,14863.73,14860.21,14861.23,38
2026-07-13T10:30:00+00:00,14861.23,14864.73,14861.22,14861.71,46
2026-07-13T10:35:00+00:00,14861.71,14868.72,14860.22,14868.72,34
2026-07-13T10:40:00+00:00,14868.72,14869.73,14864.72,14866.71,46
2026-07-13T10:45:00+00:00,14866.71,14875.72,14865.72,14875.23,42
2026-07-13T10:50:00+00:00,14875.23,14876.73,14874.23,14874.72,60
2026-07-13T10:55:00+00:00,14874.72,14876.23,14873.71,14874.23,64
2026-07-13T11:00:00+00:00,14874.23,14876.73,14871.71,14871.71,95
2026-07-13T11:05:00+00:00,14871.71,14877.73,14869.71,14870.73,130
2026-07-13T11:10:00+00:00,14870.73,14872.73,14866.71,14868.23,103
2026-07-13T11:15:00+00:00,14868.23,14870.73,14866.72,14866.73,98
2026-07-13T11:20:00+00:00,14866.73,14871.73,14863.71,14871.23,70
2026-07-13T11:25:00+00:00,14871.23,14874.73,14870.73,14871.72,51
2026-07-13T11:30:00+00:00,14871.72,14877.23,14871.22,14877.22,93
2026-07-13T11:35:00+00:00,14877.22,14877.73,14874.21,14875.71,80
2026-07-13T11:40:00+00:00,14875.71,14877.71,14874.72,14876.21,37.0264483627204
2026-07-13T11:45:00+00:00,14876.21,14876.21,14872.22,14874.23,77
2026-07-13T11:50:00+00:00,14874.23,14875.72,14871.71,14871.71,57
2026-07-13T11:55:00+00:00,14871.71,14872.71,14869.21,14872.22,59
2026-07-13T12:00:00+00:00,14872.22,14872.72,14866.72,14869.72,98
2026-07-13T12:05:00+00:00,14869.72,14871.73,14865.71,14870.71,92
2026-07-13T12:10:00+00:00,14870.71,14875.72,14862.21,14864.72,209
2026-07-13T12:15:00+00:00,14864.72,14870.73,14864.72,14869.23,104
2026-07-13T12:20:00+00:00,14869.23,14869.23,14863.72,14864.73,104
2026-07-13T12:25:00+00:00,14864.73,14867.73,14862.72,14866.71,109
2026-07-13T12:30:00+00:00,14866.71,14866.73,14862.71,14865.21,145
2026-07-13T12:35:00+00:00,14865.21,14866.73,14863.72,14865.21,82
2026-07-13T12:40:00+00:00,14865.21,14870.72,14864.23,14870.23,100
2026-07-13T12:45:00+00:00,14870.23,14878.72,14870.23,14878.22,71
2026-07-13T12:50:00+00:00,14878.22,14882.73,14877.71,14881.71,129
2026-07-13T12:55:00+00:00,14881.71,14883.73,14880.72,14881.72,157
2026-07-13T13:00:00+00:00,14881.72,14883.73,14878.22,14880.72,138
2026-07-13T13:05:00+00:00,14880.72,14880.73,14877.21,14880.21,56
2026-07-13T13:10:00+00:00,14880.21,14880.71,14877.72,14878.73,61
2026-07-13T13:15:00+00:00,14878.73,14880.23,14877.23,14877.73,66
2026-07-13T13:20:00+00:00,14877.73,14879.22,14874.73,14878.71,56
2026-07-13T13:25:00+00:00,14878.71,14883.72,14878.71,14882.72,91
2026-07-13T13:30:00+00:00,14882.72,14895.71,14882.71,14892.73,643
2026-07-13T13:35:00+00:00,14892.73,14896.23,14880.72,14882.72,474
2026-07-13T13:40:00+00:00,14882.72,14889.71,14877.71,14888.73,417
2026-07-13T13:45:00+00:00,14888.73,14892.73,14881.71,14890.72,489
2026-07-13T13:50:00+00:00,14890.72,14892.23,14880.71,14887.73,473
2026-07-13T13:55:00+00:00,14887.73,14894.73,14884.71,14888.71,343
2026-07-13T14:00:00+00:00,14888.71,14894.73,14878.21,14879.21,537
2026-07-13T14:05:00+00:00,14879.21,14882.71,14874.21,14882.71,360
2026-07-13T14:10:00+00:00,14882.71,14884.73,14879.71,14882.71,261
2026-07-13T14:15:00+00:00,14882.71,14885.71,14848.71,14868.73,1515
2026-07-13T14:20:00+00:00,14868.73,14881.73,14863.71,14881.22,591
2026-07-13T14:25:00+00:00,14881.22,14887.71,14878.73,14886.21,382
2026-07-13T14:30:00+00:00,14886.21,14886.73,14878.72,14881.71,247
2026-07-13T14:35:00+00:00,14881.71,14882.23,14876.71,14879.21,260
2026-07-13T14:40:00+00:00,14879.21,14879.73,14869.71,14872.72,195
2026-07-13T14:45:00+00:00,14872.72,14878.73,14868.71,14878.21,236
2026-07-13T14:50:00+00:00,14878.21,14878.73,14872.71,14875.71,170
2026-07-13T14:55:00+00:00,14875.71,14881.72,14874.21,14880.73,165
2026-07-13T15:00:00+00:00,14880.73,14884.73,14878.72,14880.72,151
2026-07-13T15:05:00+00:00,14880.72,14880.73,14873.73,14875.73,141
2026-07-13T15:10:00+00:00,14875.73,14877.21,14872.71,14876.73,127
2026-07-13T15:15:00+00:00,14876.73,14877.73,14872.71,14877.73,131
2026-07-13T15:20:00+00:00,14877.73,14879.73,14873.71,14879.73,125
2026-07-13T15:25:00+00:00,14879.73,14880.72,14875.71,14878.21,121
2026-07-13T15:30:00+00:00,14878.21,14883.73,14874.73,14880.72,175
2026-07-13T15:35:00+00:00,14880.72,14884.72,14876.71,14876.72,172
2026-07-13T15:40:00+00:00,14876.72,14878.71,14873.21,14874.71,103
2026-07-13T15:45:00+00:00,14874.71,14875.73,14871.71,14873.71,151
2026-07-13T15:50:00+00:00,14873.71,14874.73,14869.71,14874.73,112
2026-07-13T15:55:00+00:00,14874.73,14874.73,14870.73,14872.22,108
2026-07-13T16:00:00+00:00,14872.22,14873.72,14869.21,14872.72,113
2026-07-13T16:05:00+00:00,14872.72,14874.73,14870.71,14873.71,93
2026-07-13T16:10:00+00:00,14873.71,14877.23,14869.72,14873.21,91
2026-07-13T16:15:00+00:00,14873.21,14873.71,14866.71,14869.23,143
2026-07-13T16:20:00+00:00,14869.23,14870.23,14867.22,14868.23,134
2026-07-13T16:25:00+00:00,14868.23,14868.23,14859.71,14863.21,302
2026-07-13T16:30:00+00:00,14863.21,14863.72,14855.71,14857.72,372
2026-07-13T16:35:00+00:00,14857.72,14862.72,14846.72,14860.73,355
2026-07-13T16:40:00+00:00,14860.73,14867.71,14857.71,14866.22,169
2026-07-13T16:45:00+00:00,14866.22,14868.73,14862.71,14862.73,174
2026-07-13T16:50:00+00:00,14862.73,14862.73,14851.71,14857.71,257
2026-07-13T16:55:00+00:00,14857.71,14863.72,14855.71,14861.71,127
2026-07-13T17:00:00+00:00,14861.71,14867.73,14860.73,14864.73,163
2026-07-13T17:05:00+00:00,14864.73,14871.71,14862.71,14870.71,130
2026-07-13T17:10:00+00:00,14870.71,14872.73,14865.71,14867.73,138
2026-07-13T17:15:00+00:00,14867.73,14868.72,14863.71,14868.22,144
2026-07-13T17:20:00+00:00,14868.22,14871.73,14863.72,14864.71,102
2026-07-13T17:25:00+00:00,14864.71,14867.73,14862.21,14865.72,142
2026-07-13T17:30:00+00:00,14865.72,14869.73,14864.71,14868.71,130
2026-07-13T17:35:00+00:00,14868.71,14868.71,14861.71,14863.73,103
2026-07-13T17:40:00+00:00,14863.73,14867.73,14861.71,14867.72,121
2026-07-13T17:45:00+00:00,14867.72,14868.73,14861.72,14862.71,111
2026-07-13T17:50:00+00:00,14862.71,14863.73,14855.71,14858.71,177
2026-07-13T17:55:00+00:00,14858.71,14858.73,14854.71,14854.71,119
2026-07-13T18:00:00+00:00,14854.71,14860.72,14853.71,14857.72,162
2026-07-13T18:05:00+00:00,14857.72,14863.21,14857.71,14860.71,99
2026-07-13T18:10:00+00:00,14860.71,14860.72,14855.71,14858.71,117
2026-07-13T18:15:00+00:00,14858.71,14859.72,14851.71,14853.22,93
2026-07-13T18:20:00+00:00,14853.22,14857.72,14852.71,14857.23,145
2026-07-13T18:25:00+00:00,14857.23,14858.71,14852.71,14853.21,99
2026-07-13T18:30:00+00:00,14853.21,14854.73,14849.72,14849.73,119
2026-07-13T18:35:00+00:00,14849.73,14853.73,14849.73,14851.71,103
2026-07-13T18:40:00+00:00,14851.71,14855.73,14850.71,14852.71,142
2026-07-13T18:45:00+00:00,14852.71,14856.71,14850.73,14856.23,140
2026-07-13T18:50:00+00:00,14856.23,14859.72,14854.23,14856.71,94
2026-07-13T18:55:00+00:00,14856.71,14857.73,14854.71,14856.72,104
2026-07-13T19:00:00+00:00,14856.72,14858.72,14852.71,14858.72,78
2026-07-13T19:05:00+00:00,14858.72,14858.73,14854.71,14854.71,64
2026-07-13T19:10:00+00:00,14854.71,14854.72,14850.21,14852.71,83
2026-07-13T19:15:00+00:00,14852.71,14854.73,14851.22,14852.73,89
2026-07-13T19:20:00+00:00,14852.73,14852.73,14843.71,14846.72,118
2026-07-13T19:25:00+00:00,14846.72,14846.73,14841.73,14843.22,104
2026-07-13T19:30:00+00:00,14843.22,14848.23,14842.71,14847.21,114
2026-07-13T19:35:00+00:00,14847.21,14847.21,14841.72,14843.71,103
2026-07-13T19:40:00+00:00,14843.71,14848.72,14842.71,14846.71,73
2026-07-13T19:45:00+00:00,14846.71,14848.73,14846.22,14847.72,82
2026-07-13T19:50:00+00:00,14847.72,14851.73,14845.71,14850.73,127
2026-07-13T19:55:00+00:00,14850.73,14857.73,14849.21,14853.72,123
2026-07-13T20:00:00+00:00,14853.72,14853.72,14849.22,14852.21,27
2026-07-13T20:05:00+00:00,14852.21,14853.73,14851.71,14853.72,19
2026-07-13T20:10:00+00:00,14853.72,14853.72,14849.71,14849.73,26
2026-07-13T20:15:00+00:00,14849.73,14849.73,14843.71,14847.23,57
2026-07-13T20:20:00+00:00,14847.23,14848.71,14844.23,14844.71,24.508030933967877
2026-07-13T20:25:00+00:00,14844.71,14847.72,14843.71,14847.72,25.060651679102936
2026-07-13T20:30:00+00:00,14847.72,14847.72,14846.71,14847.21,8
2026-07-13T20:35:00+00:00,14847.21,14847.73,14846.73,14847.73,12.039687703318153
2026-07-13T20:40:00+00:00,14847.73,14847.73,14845.71,14847.72,16.982295081967216
2026-07-14T01:00:00+00:00,14847.72,14852.48,14815.97,14830.98,549.7880059970015
2026-07-14T01:05:00+00:00,14830.98,14841.98,14823.97,14824.47,288
2026-07-14T01:10:00+00:00,14824.47,14829.49,14815.98,14820.49,331
2026-07-14T01:15:00+00:00,14820.49,14848.49,14820.49,14843.98,1194
2026-07-14T01:20:00+00:00,14843.98,14864.49,14827.47,14835.98,917
2026-07-14T01:25:00+00:00,14835.98,14878.49,14828.47,14873.48,1295
2026-07-14T01:30:00+00:00,14873.48,14914.48,14800.97,14802.49,8267
2026-07-14T01:35:00+00:00,14802.49,14828.49,14794.47,14795.99,5840
2026-07-14T01:40:00+00:00,14795.99,14825.97,14773.47,14811.48,5647
2026-07-14T01:45:00+00:00,14811.48,14815.48,14780.47,14799.99,4239
2026-07-14T01:50:00+00:00,14799.99,14851.98,14788.47,14841.47,3978
2026-07-14T01:55:00+00:00,14841.47,14866.49,14828.47,14848.97,4012
2026-07-14T02:00:00+00:00,14848.97,14904.99,14831.48,14901.48,3567
2026-07-14T02:05:00+00:00,14901.48,14937.99,14892.99,14919.49,3358
2026-07-14T02:10:00+00:00,14919.49,14938.98,14908.47,14938.97,3488
2026-07-14T02:15:00+00:00,14938.97,14962.99,14930.49,14959.47,3264
2026-07-14T02:20:00+00:00,14959.47,14979.47,14942.48,14953.98,3464
2026-07-14T02:25:00+00:00,14953.98,14953.98,14921.97,14939.49,3115
2026-07-14T02:30:00+00:00,14939.49,14975.48,14915.48,14915.97,2617
2026-07-14T02:35:00+00:00,14915.97,14924.99,14892.49,14920.48,2754
2026-07-14T02:40:00+00:00,14920.48,14944.99,14914.48,14919.49,2755
2026-07-14T02:45:00+00:00,14919.49,14926.47,14873.47,14874.47,2607
2026-07-14T02:50:00+00:00,14874.47,14887.47,14857.47,14857.49,2766
2026-07-14T02:55:00+00:00,14857.49,14869.99,14828.49,14834.97,3073
2026-07-14T03:00:00+00:00,14834.97,14859.48,14826.48,14829.47,2732
2026-07-14T03:05:00+00:00,14829.47,14835.49,14783.47,14788.49,2713
2026-07-14T03:10:00+00:00,14788.49,14792.48,14739.48,14763.98,2619
2026-07-14T03:15:00+00:00,14763.98,14789.98,14744.48,14768.99,3107
2026-07-14T03:20:00+00:00,14768.99,14781.47,14737.47,14765.99,2641
2026-07-14T03:25:00+00:00,14765.99,14826.99,14758.99,14822.98,2912
2026-07-14T03:30:00+00:00,14822.98,14824.99,14792.49,14796.48,946
2026-07-14T03:35:00+00:00,14796.48,14806.48,14791.47,14801.48,639
2026-07-14T03:40:00+00:00,14801.48,14809.49,14796.98,14804.49,636
2026-07-14T03:45:00+00:00,14804.49,14816.49,14804.49,14807.99,618
2026-07-14T03:50:00+00:00,14807.99,14824.49,14806.48,14822.48,479
2026-07-14T03:55:00+00:00,14822.48,14833.49,14821.47,14829.98,460
2026-07-14T04:00:00+00:00,14829.98,14840.99,14826.47,14835.98,317
2026-07-14T04:05:00+00:00,14835.98,14837.48,14825.48,14827.48,144
2026-07-14T04:10:00+00:00,14827.48,14828.49,14818.47,14822.98,210
2026-07-14T04:15:00+00:00,14822.98,14822.98,14813.49,14819.48,283
2026-07-14T04:20:00+00:00,14819.48,14828.48,14818.97,14823.47,166
2026-07-14T04:25:00+00:00,14823.47,14838.49,14823.47,14838.49,423
2026-07-14T04:30:00+00:00,14838.49,14849.47,14836.97,14849.47,146
2026-07-14T04:35:00+00:00,14849.47,14865.47,14849.47,14857.49,164
2026-07-14T04:40:00+00:00,14857.49,14861.47,14851.47,14859.49,116
2026-07-14T04:45:00+00:00,14859.49,14865.99,14856.47,14862.99,162
2026-07-14T04:50:00+00:00,14862.99,14866.48,14854.48,14855.47,173
2026-07-14T04:55:00+00:00,14855.47,14886.48,14850.48,14879.47,378
2026-07-14T05:00:00+00:00,14879.47,14954.49,14878.48,14942.47,6591
2026-07-14T05:05:00+00:00,14942.47,15048.49,14938.98,15039.49,4498
2026-07-14T05:10:00+00:00,15039.49,15074.49,15020.47,15037.98,4140
2026-07-14T05:15:00+00:00,15037.98,15045.49,14950.98,14980.99,4279
2026-07-14T05:20:00+00:00,14980.99,15021.99,14973.98,15003.98,3708
2026-07-14T05:25:00+00:00,15003.98,15015.99,14984.97,15006.98,3351
2026-07-14T05:30:00+00:00,15006.98,15068.49,14991.47,15030.99,4237
2026-07-14T05:35:00+00:00,15030.99,15069.49,15016.47,15067.98,4373
2026-07-14T05:40:00+00:00,15067.98,15067.98,15003.48,15037.99,4325
2026-07-14T05:45:00+00:00,15037.99,15068.47,15026.47,15034.48,3959
2026-07-14T05:50:00+00:00,15034.48,15041.49,14990.47,15026.47,2903
2026-07-14T05:55:00+00:00,15026.47,15064.48,15022.48,15045.49,2611
2026-07-14T06:00:00+00:00,15045.49,15096.48,15041.97,15067.48,3100
2026-07-14T06:05:00+00:00,15067.48,15097.47,15050.47,15063.98,2465
2026-07-14T06:10:00+00:00,15063.98,15099.49,15052.98,15097.48,2319
2026-07-14T06:15:00+00:00,15097.48,15104.49,15081.47,15081.99,2230
2026-07-14T06:20:00+00:00,15081.99,15093.49,15068.97,15087.99,2192
2026-07-14T06:25:00+00:00,15087.99,15092.99,15070.47,15084.48,1599
2026-07-14T06:30:00+00:00,15084.48,15126.49,15080.47,15120.98,2095
2026-07-14T06:35:00+00:00,15120.98,15135.49,15112.47,15131.99,2199
2026-07-14T06:40:00+00:00,15131.99,15136.48,15104.47,15108.48,1907
2026-07-14T06:45:00+00:00,15108.48,15126.48,15102.47,15122.49,1708
2026-07-14T06:50:00+00:00,15122.49,15142.99,15108.47,15130.49,2057
2026-07-14T06:55:00+00:00,15130.49,15141.49,15115.97,15118.98,1895
2026-07-14T07:00:00+00:00,15118.98,15154.49,15115.97,15153.98,1132
2026-07-14T07:05:00+00:00,15153.98,15164.97,15153.48,15156.47,473
2026-07-14T07:10:00+00:00,15156.47,15157.49,15143.47,15152.47,249
2026-07-14T07:15:00+00:00,15152.47,15153.99,15133.49,15140.49,383
2026-07-14T07:20:00+00:00,15140.49,15142.47,15131.48,15132.98,196
2026-07-14T07:25:00+00:00,15132.98,15141.48,15132.47,15139.49,258
2026-07-14T07:30:00+00:00,15139.49,15143.49,15135.47,15142.99,193
2026-07-14T07:35:00+00:00,15142.99,15142.99,15134.48,15136.97,151
2026-07-14T07:40:00+00:00,15136.97,15138.49,15132.48,15132.48,106
2026-07-14T07:45:00+00:00,15132.48,15135.49,15129.47,15135.48,131
2026-07-14T07:50:00+00:00,15135.48,15135.48,15130.97,15132.97,126
2026-07-14T07:55:00+00:00,15132.97,15134.49,15128.98,15132.48,190
2026-07-14T08:00:00+00:00,15132.48,15158.49,15132.48,15152.98,639
2026-07-14T08:05:00+00:00,15152.98,15154.48,15144.99,15146.48,394
2026-07-14T08:10:00+00:00,15146.48,15149.49,15139.47,15144.99,194
2026-07-14T08:15:00+00:00,15144.99,15147.98,15138.48,15141.99,145
2026-07-14T08:20:00+00:00,15141.99,15144.48,15140.47,15142.49,94
2026-07-14T08:25:00+00:00,15142.49,15152.49,15141.48,15152.49,189
2026-07-14T09:00:00+00:00,15152.49,15152.49,15124.47,15147.47,271
2026-07-14T09:05:00+00:00,15147.47,15158.99,15147.47,15154.48,122
2026-07-14T09:10:00+00:00,15154.48,15159.49,15153.49,15156.99,84
2026-07-14T09:15:00+00:00,15156.99,15158.49,15145.47,15149.48,194
2026-07-14T09:20:00+00:00,15149.48,15149.97,15142.99,15148.47,175
2026-07-14T09:25:00+00:00,15148.47,15152.49,15143.47,15143.49,158
2026-07-14T09:30:00+00:00,15143.49,15147.48,15141.47,15143.48,96
2026-07-14T09:35:00+00:00,15143.48,15147.99,15142.97,15145.49,68
2026-07-14T09:40:00+00:00,15145.49,15147.49,15144.48,15144.99,86
2026-07-14T09:45:00+00:00,15144.99,15149.48,15142.47,15148.97,67
2026-07-14T09:50:00+00:00,15148.97,15148.97,15144.47,15145.48,62
2026-07-14T09:55:00+00:00,15145.48,15148.48,15143.47,15146.48,84
2026-07-14T10:00:00+00:00,15146.48,15151.48,15146.47,15146.47,103
2026-07-14T10:05:00+00:00,15146.47,15147.99,15145.47,15145.49,39
2026-07-14T10:10:00+00:00,15145.49,15156.98,15143.49,15153.99,103
2026-07-14T10:15:00+00:00,15153.99,15154.47,15150.97,15150.97,59
2026-07-14T10:20:00+00:00,15150.97,15155.98,15150.97,15155.49,73
2026-07-14T10:25:00+00:00,15155.49,15156.48,15150.47,15152.49,78
2026-07-14T10:30:00+00:00,15152.49,15156.49,15149.49,15151.47,97
2026-07-14T10:35:00+00:00,15151.47,15161.49,15150.47,15158.49,119
2026-07-14T10:40:00+00:00,15158.49,15158.99,15152.47,15155.99,93
2026-07-14T10:45:00+00:00,15155.99,15158.99,15154.48,15158.49,81
2026-07-14T10:50:00+00:00,15158.49,15158.49,15153.49,15153.49,56
2026-07-14T10:55:00+00:00,15153.49,15156.48,15150.98,15154.48,76
2026-07-14T11:00:00+00:00,15154.48,15155.49,15143.97,15146.49,201
2026-07-14T11:05:00+00:00,15146.49,15152.47,15144.47,15150.47,154
2026-07-14T11:10:00+00:00,15150.47,15153.47,15145.47,15152.99,145
2026-07-14T11:15:00+00:00,15152.99,15156.48,15151.47,15153.48,106
2026-07-14T11:20:00+00:00,15153.48,15163.49,15153.48,15162.97,153
2026-07-14T11:25:00+00:00,15162.97,15167.47,15159.98,15159.98,165
2026-07-14T11:30:00+00:00,15159.98,15163.49,15155.48,15155.48,89
2026-07-14T11:35:00+00:00,15155.48,15156.47,15151.98,15156.47,50
2026-07-14T11:40:00+00:00,15156.47,15156.49,15152.47,15154.48,70
2026-07-14T11:45:00+00:00,15154.48,15163.47,15154.47,15163.47,52
2026-07-14T11:50:00+00:00,15163.47,15164.49,15161.99,15163.47,49.43545183714002
2026-07-14T11:55:00+00:00,15163.47,15164.49,15162.98,15163.99,47
2026-07-14T12:00:00+00:00,15163.99,15164.49,15153.48,15153.99,86
2026-07-14T12:05:00+00:00,15153.99,15154.47,15148.47,15148.49,56
2026-07-14T12:10:00+00:00,15148.49,15150.47,15144.47,15148.99,63
2026-07-14T12:15:00+00:00,15148.99,15152.49,15147.99,15151.48,77
2026-07-14T12:20:00+00:00,15151.48,15168.49,15151.48,15167.99,106
2026-07-14T12:25:00+00:00,15167.99,15174.49,15167.99,15174.49,123
2026-07-14T12:30:00+00:00,15174.49,15233.49,15173.97,15228.47,683
2026-07-14T12:35:00+00:00,15228.47,15229.99,15214.47,15220.97,548
2026-07-14T12:40:00+00:00,15220.97,15227.49,15215.49,15223.49,511
2026-07-14T12:45:00+00:00,15223.49,15227.48,15210.48,15212.47,512
2026-07-14T12:50:00+00:00,15212.47,15213.99,15201.49,15203.98,359
2026-07-14T12:55:00+00:00,15203.98,15205.99,15196.49,15199.47,199
2026-07-14T13:00:00+00:00,15199.47,15203.49,15196.98,15202.48,264
2026-07-14T13:05:00+00:00,15202.48,15204.49,15200.48,15201.48,182
2026-07-14T13:10:00+00:00,15201.48,15201.98,15195.47,15195.49,145
2026-07-14T13:15:00+00:00,15195.49,15200.48,15192.47,15195.48,129
2026-07-14T13:20:00+00:00,15195.48,15199.99,15189.48,15199.48,123
2026-07-14T13:25:00+00:00,15199.48,15207.47,15198.97,15205.49,131
2026-07-14T13:30:00+00:00,15205.49,15223.49,15196.47,15197.48,804
2026-07-14T13:35:00+00:00,15197.48,15213.47,15194.49,15210.98,607
2026-07-14T13:40:00+00:00,15210.98,15219.49,15208.49,15217.97,492
2026-07-14T13:45:00+00:00,15217.97,15224.49,15215.48,15219.97,509
2026-07-14T13:50:00+00:00,15219.97,15228.49,15214.47,15221.49,490
2026-07-14T13:55:00+00:00,15221.49,15221.49,15211.48,15213.49,313
2026-07-14T14:00:00+00:00,15213.49,15218.49,15203.47,15206.99,497
2026-07-14T14:05:00+00:00,15206.99,15208.49,15201.47,15205.49,571
2026-07-14T14:10:00+00:00,15205.49,15210.48,15202.47,15206.99,438
2026-07-14T14:15:00+00:00,15206.99,15206.99,15189.49,15201.99,600
2026-07-14T14:20:00+00:00,15201.99,15213.48,15200.47,15205.47,461
2026-07-14T14:25:00+00:00,15205.47,15209.49,15198.99,15204.48,601
2026-07-14T14:30:00+00:00,15204.48,15231.49,15203.47,15223.97,923
2026-07-14T14:35:00+00:00,15223.97,15228.49,15219.47,15221.47,500
2026-07-14T14:40:00+00:00,15221.47,15223.49,15215.47,15215.47,281
2026-07-14T14:45:00+00:00,15215.47,15217.49,15205.49,15207.97,248
2026-07-14T14:50:00+00:00,15207.97,15217.47,15204.47,15217.47,216
2026-07-14T14:55:00+00:00,15217.47,15223.48,15215.97,15219.49,208
2026-07-14T15:00:00+00:00,15219.49,15229.47,15211.48,15222.49,603
2026-07-14T15:05:00+00:00,15222.49,15229.49,15218.49,15226.99,427
2026-07-14T15:10:00+00:00,15226.99,15228.49,15222.47,15224.47,248
2026-07-14T15:15:00+00:00,15224.47,15225.49,15212.47,15214.48,232
2026-07-14T15:20:00+00:00,15214.48,15217.49,15212.47,15215.49,173
2026-07-14T15:25:00+00:00,15215.49,15217.49,15212.97,15215.97,174
2026-07-14T15:30:00+00:00,15215.97,15217.98,15210.47,15211.47,208
2026-07-14T15:35:00+00:00,15211.47,15212.48,15206.47,15206.47,190
2026-07-14T15:40:00+00:00,15206.47,15206.49,15196.47,15205.99,261
2026-07-14T15:45:00+00:00,15205.99,15210.49,15204.99,15206.98,165
2026-07-14T15:50:00+00:00,15206.98,15207.49,15197.47,15198.49,213
2026-07-14T15:55:00+00:00,15198.49,15199.99,15196.47,15198.47,212
2026-07-14T16:00:00+00:00,15198.47,15199.49,15192.47,15194.48,241
2026-07-14T16:05:00+00:00,15194.48,15196.98,15190.48,15194.99,201
2026-07-14T16:10:00+00:00,15194.99,15198.49,15193.47,15197.48,192
2026-07-14T16:15:00+00:00,15197.48,15198.48,15192.48,15197.49,173
2026-07-14T16:20:00+00:00,15197.49,15198.49,15194.49,15197.49,155
2026-07-14T16:25:00+00:00,15197.49,15201.49,15195.47,15201.49,121
2026-07-14T16:30:00+00:00,15201.49,15203.49,15200.47,15203.48,81
2026-07-14T16:35:00+00:00,15203.48,15204.49,15200.97,15204.47,93
2026-07-14T16:40:00+00:00,15204.47,15208.49,15203.47,15207.49,88
2026-07-14T16:45:00+00:00,15207.49,15207.99,15202.47,15206.47,85
2026-07-14T16:50:00+00:00,15206.47,15206.49,15203.48,15205.48,47.987194688166944
2026-07-14T16:55:00+00:00,15205.48,15207.99,15204.47,15207.49,69
2026-07-14T17:00:00+00:00,15207.49,15210.49,15206.47,15207.47,88
2026-07-14T17:05:00+00:00,15207.47,15207.48,15202.47,15205.49,56.10568242166755
2026-07-14T17:10:00+00:00,15205.49,15205.49,15199.47,15199.47,66
2026-07-14T17:15:00+00:00,15199.47,15202.48,15197.48,15202.48,76
2026-07-14T17:20:00+00:00,15202.48,15206.47,15201.47,15205.48,43
2026-07-14T17:25:00+00:00,15205.48,15208.48,15204.47,15207.47,51
2026-07-14T17:30:00+00:00,15207.47,15208.47,15203.48,15203.48,53
2026-07-14T17:35:00+00:00,15203.48,15204.49,15202.47,15204.49,54
2026-07-14T17:40:00+00:00,15204.49,15205.47,15201.47,15202.48,44
2026-07-14T17:45:00+00:00,15202.48,15202.99,15199.47,15201.49,61
2026-07-14T17:50:00+00:00,15201.49,15204.49,15201.49,15204.49,54
2026-07-14T17:55:00+00:00,15204.49,15204.49,15202.47,15202.47,45
2026-07-14T18:00:00+00:00,15202.47,15202.49,15200.47,15201.48,64
2026-07-14T18:05:00+00:00,15201.48,15203.99,15201.47,15203.97,45
2026-07-14T18:10:00+00:00,15203.97,15207.47,15203.97,15206.47,49
2026-07-14T18:15:00+00:00,15206.47,15209.49,15206.47,15209.49,53
2026-07-14T18:20:00+00:00,15209.49,15210.49,15205.47,15205.97,59
2026-07-14T18:25:00+00:00,15205.97,15208.47,15204.97,15206.47,38
2026-07-14T18:30:00+00:00,15206.47,15207.48,15205.48,15205.48,33
2026-07-14T18:35:00+00:00,15205.48,15206.49,15202.49,15204.99,71
2026-07-14T18:40:00+00:00,15204.99,15204.99,15198.49,15201.47,174
2026-07-14T18:45:00+00:00,15201.47,15203.49,15199.98,15199.99,71
2026-07-14T18:50:00+00:00,15199.99,15201.49,15198.48,15201.48,53
2026-07-14T18:55:00+00:00,15201.48,15201.48,15198.47,15199.48,89
2026-07-14T19:00:00+00:00,15199.48,15200.49,15194.48,15195.47,49
2026-07-14T19:05:00+00:00,15195.47,15197.49,15194.47,15195.98,46
2026-07-14T19:10:00+00:00,15195.98,15198.98,15194.47,15196.98,63
2026-07-14T19:15:00+00:00,15196.98,15198.99,15196.47,15197.49,61
2026-07-14T19:20:00+00:00,15197.49,15201.49,15196.47,15200.49,53
2026-07-14T19:25:00+00:00,15200.49,15200.49,15194.47,15194.99,57
2026-07-14T19:30:00+00:00,15194.99,15197.49,15190.47,15195.97,193
2026-07-14T19:35:00+00:00,15195.97,15203.48,15194.47,15202.47,177
2026-07-14T19:40:00+00:00,15202.47,15205.49,15201.47,15201.97,93
2026-07-14T19:45:00+00:00,15201.97,15208.47,15201.47,15207.99,74
2026-07-14T19:50:00+00:00,15207.99,15213.99,15205.99,15210.99,176
2026-07-14T19:55:00+00:00,15210.99,15220.98,15207.47,15219.47,193
2026-07-14T20:00:00+00:00,15219.47,15219.47,15212.98,15216.99,32
2026-07-14T20:05:00+00:00,15216.99,15217.98,15215.49,15215.49,16
2026-07-14T20:10:00+00:00,15215.49,15215.99,15214.48,15214.97,16.941031455163866
2026-07-14T20:15:00+00:00,15214.97,15214.99,15214.47,15214.47,14
2026-07-14T20:20:00+00:00,15214.47,15214.48,15213.47,15213.99,17
2026-07-14T20:25:00+00:00,15213.99,15214.98,15211.97,15211.97,18.509536784741144
2026-07-14T20:30:00+00:00,15211.97,15211.99,15210.97,15210.99,12.951940850277264
2026-07-14T20:35:00+00:00,15210.99,15210.99,15207.97,15207.97,26
2026-07-14T20:40:00+00:00,15207.97,15208.49,15206.48,15207.99,24
2026-07-15T01:00:00+00:00,15207.99,15214.05,15201.03,15211.03,214.67934782608694
2026-07-15T01:05:00+00:00,15211.03,15211.05,15198.53,15199.539999999999,92
2026-07-15T01:10:00+00:00,15199.539999999999,15207.05,15192.05,15203.539999999999,203
2026-07-15T01:15:00+00:00,15203.539999999999,15240.05,15177.039999999999,15177.039999999999,1191
2026-07-15T01:20:00+00:00,15177.039999999999,15183.55,15156.53,15163.55,805
2026-07-15T01:25:00+00:00,15163.55,15206.539999999999,15148.039999999999,15162.55,1177
2026-07-15T01:30:00+00:00,15162.55,15177.039999999999,15099.53,15156.03,7365
2026-07-15T01:35:00+00:00,15156.03,15182.05,15123.039999999999,15175.539999999999,5309
2026-07-15T01:40:00+00:00,15175.539999999999,15210.05,15139.539999999999,15208.539999999999,4760
2026-07-15T01:45:00+00:00,15208.539999999999,15226.05,15199.55,15217.05,4184
2026-07-15T01:50:00+00:00,15217.05,15267.55,15204.53,15267.55,4066
2026-07-15T01:55:00+00:00,15267.55,15311.05,15247.039999999999,15306.05,3174
2026-07-15T02:00:00+00:00,15306.05,15367.05,15296.55,15354.53,2731
2026-07-15T02:05:00+00:00,15354.53,15371.55,15330.55,15335.539999999999,2811
2026-07-15T02:10:00+00:00,15335.539999999999,15344.53,15289.53,15319.55,2576
2026-07-15T02:15:00+00:00,15319.55,15323.539999999999,15292.039999999999,15308.03,3092
2026-07-15T02:20:00+00:00,15308.03,15335.53,15294.53,15332.539999999999,2442
2026-07-15T02:25:00+00:00,15332.539999999999,15356.039999999999,15314.53,15356.03,2168
2026-07-15T02:30:00+00:00,15356.03,15404.05,15353.05,15394.539999999999,2897
2026-07-15T02:35:00+00:00,15394.539999999999,15398.05,15362.05,15365.03,2314
2026-07-15T02:40:00+00:00,15365.03,15396.039999999999,15356.039999999999,15374.53,1986
2026-07-15T02:45:00+00:00,15374.53,15388.539999999999,15360.03,15361.03,2033
2026-07-15T02:50:00+00:00,15361.03,15363.03,15334.55,15340.539999999999,1689
2026-07-15T02:55:00+00:00,15340.539999999999,15344.039999999999,15315.53,15325.53,1879
2026-07-15T03:00:00+00:00,15325.53,15327.03,15301.55,15311.53,1516
2026-07-15T03:05:00+00:00,15311.53,15318.55,15290.039999999999,15311.55,1747
2026-07-15T03:10:00+00:00,15311.55,15332.039999999999,15300.039999999999,15332.039999999999,2008
2026-07-15T03:15:00+00:00,15332.039999999999,15334.05,15278.55,15291.039999999999,2177
2026-07-15T03:20:00+00:00,15291.039999999999,15293.539999999999,15267.53,15277.03,1705
2026-07-15T03:25:00+00:00,15277.03,15309.539999999999,15269.03,15306.05,2036
2026-07-15T03:30:00+00:00,15306.05,15307.03,15288.539999999999,15288.539999999999,466
2026-07-15T03:35:00+00:00,15288.539999999999,15293.55,15285.05,15292.55,203
2026-07-15T03:40:00+00:00,15292.55,15293.55,15288.53,15288.55,209
2026-07-15T03:45:00+00:00,15288.55,15296.539999999999,15283.03,15296.05,212
2026-07-15T03:50:00+00:00,15296.05,15298.55,15291.53,15292.55,207
2026-07-15T03:55:00+00:00,15292.55,15294.55,15288.53,15290.039999999999,161
2026-07-15T04:00:00+00:00,15290.039999999999,15295.53,15288.03,15295.53,100
2026-07-15T04:05:00+00:00,15295.53,15296.039999999999,15291.53,15291.539999999999,49
2026-07-15T04:10:00+00:00,15291.539999999999,15294.539999999999,15291.03,15291.55,67
2026-07-15T04:15:00+00:00,15291.55,15293.039999999999,15290.53,15292.53,50
2026-07-15T04:20:00+00:00,15292.53,15296.55,15291.53,15296.539999999999,51
2026-07-15T04:25:00+00:00,15296.539999999999,15296.55,15291.539999999999,15292.539999999999,81
2026-07-15T04:30:00+00:00,15292.539999999999,15292.539999999999,15282.05,15282.05,136
2026-07-15T04:35:00+00:00,15282.05,15285.55,15280.53,15285.05,71
2026-07-15T04:40:00+00:00,15285.05,15288.539999999999,15281.539999999999,15285.53,101
2026-07-15T04:45:00+00:00,15285.53,15289.05,15284.53,15288.53,63.572788297765754
2026-07-15T04:50:00+00:00,15288.53,15290.55,15288.03,15289.53,52
2026-07-15T04:55:00+00:00,15289.53,15294.55,15287.539999999999,15292.55,128
2026-07-15T05:00:00+00:00,15292.55,15304.05,15271.53,15275.55,3069
2026-07-15T05:05:00+00:00,15275.55,15284.55,15246.53,15263.05,2286
2026-07-15T05:10:00+00:00,15263.05,15277.55,15252.05,15261.03,1877
2026-07-15T05:15:00+00:00,15261.03,15322.55,15257.53,15315.53,2195
2026-07-15T05:20:00+00:00,15315.53,15330.03,15298.55,15322.039999999999,2118
2026-07-15T05:25:00+00:00,15322.039999999999,15359.55,15318.539999999999,15351.53,2123
2026-07-15T05:30:00+00:00,15351.53,15367.539999999999,15341.55,15344.03,2040
2026-07-15T05:35:00+00:00,15344.03,15355.539999999999,15328.03,15355.039999999999,1979
2026-07-15T05:40:00+00:00,15355.039999999999,15391.53,15355.039999999999,15384.039999999999,1735
2026-07-15T05:45:00+00:00,15384.039999999999,15384.55,15335.55,15345.53,2035
2026-07-15T05:50:00+00:00,15345.53,15372.05,15342.539999999999,15362.03,1604
2026-07-15T05:55:00+00:00,15362.03,15363.53,15330.539999999999,15343.539999999999,1181
2026-07-15T06:00:00+00:00,15343.539999999999,15346.55,15320.039999999999,15333.55,1420
2026-07-15T06:05:00+00:00,15333.55,15334.039999999999,15311.53,15315.55,1455
2026-07-15T06:10:00+00:00,15315.55,15330.539999999999,15305.03,15320.53,1421
2026-07-15T06:15:00+00:00,15320.53,15347.55,15316.55,15324.03,1154
2026-07-15T06:20:00+00:00,15324.03,15327.539999999999,15299.039999999999,15312.05,1176
2026-07-15T06:25:00+00:00,15312.05,15352.539999999999,15311.55,15334.039999999999,1504
2026-07-15T06:30:00+00:00,15334.039999999999,15335.539999999999,15289.55,15296.03,1544
2026-07-15T06:35:00+00:00,15296.03,15306.05,15285.039999999999,15294.53,1482
2026-07-15T06:40:00+00:00,15294.53,15319.03,15284.53,15318.039999999999,1252
2026-07-15T06:45:00+00:00,15318.039999999999,15327.55,15292.539999999999,15303.03,1435
2026-07-15T06:50:00+00:00,15303.03,15311.53,15291.05,15308.539999999999,1200
2026-07-15T06:55:00+00:00,15308.539999999999,15313.039999999999,15299.53,15308.05,1007
2026-07-15T07:00:00+00:00,15308.05,15312.539999999999,15288.039999999999,15294.03,449
2026-07-15T07:05:00+00:00,15294.03,15294.03,15268.53,15272.039999999999,246
2026-07-15T07:10:00+00:00,15272.039999999999,15285.05,15265.55,15281.53,279
2026-07-15T07:15:00+00:00,15281.53,15296.53,15280.53,15286.53,191
2026-07-15T07:20:00+00:00,15286.53,15289.55,15283.53,15287.05,140
2026-07-15T07:25:00+00:00,15287.05,15289.539999999999,15278.039999999999,15285.039999999999,165
2026-07-15T07:30:00+00:00,15285.039999999999,15287.05,15280.039999999999,15280.539999999999,112
2026-07-15T07:35:00+00:00,15280.539999999999,15285.05,15280.539999999999,15283.039999999999,111
2026-07-15T07:40:00+00:00,15283.039999999999,15290.55,15281.53,15288.05,352
2026-07-15T07:45:00+00:00,15288.05,15296.05,15287.53,15293.039999999999,257
2026-07-15T07:50:00+00:00,15293.039999999999,15295.55,15290.53,15295.05,276
2026-07-15T07:55:00+00:00,15295.05,15298.53,15291.039999999999,15295.039999999999,373
2026-07-15T08:00:00+00:00,15295.039999999999,15300.539999999999,15291.05,15291.05,141
2026-07-15T08:05:00+00:00,15291.05,15292.539999999999,15286.53,15286.55,64
2026-07-15T08:10:00+00:00,15286.55,15290.05,15284.039999999999,15287.039999999999,77
2026-07-15T08:15:00+00:00,15287.039999999999,15291.55,15286.53,15288.53,82
2026-07-15T08:20:00+00:00,15288.53,15290.05,15281.539999999999,15284.05,75
2026-07-15T08:25:00+00:00,15284.05,15291.039999999999,15281.55,15291.03,174
2026-07-15T09:00:00+00:00,15291.03,15304.05,15286.05,15296.55,209
2026-07-15T09:05:00+00:00,15296.55,15297.539999999999,15292.03,15294.039999999999,79
2026-07-15T09:10:00+00:00,15294.039999999999,15296.539999999999,15293.03,15295.53,33
2026-07-15T09:15:00+00:00,15295.53,15300.039999999999,15291.53,15293.55,127
2026-07-15T09:20:00+00:00,15293.55,15296.55,15292.55,15293.55,29
2026-07-15T09:25:00+00:00,15293.55,15293.55,15288.039999999999,15291.05,36
2026-07-15T09:30:00+00:00,15291.05,15293.05,15285.55,15289.03,47
2026-07-15T09:35:00+00:00,15289.03,15289.53,15283.05,15284.55,58
2026-07-15T09:40:00+00:00,15284.55,15290.539999999999,15280.55,15289.53,44
2026-07-15T09:45:00+00:00,15289.53,15291.55,15288.53,15290.55,35
2026-07-15T09:50:00+00:00,15290.55,15294.03,15286.55,15290.55,55
2026-07-15T09:55:00+00:00,15290.55,15290.55,15287.03,15289.53,56
2026-07-15T10:00:00+00:00,15289.53,15292.05,15286.53,15291.039999999999,74
2026-07-15T10:05:00+00:00,15291.039999999999,15293.039999999999,15289.53,15290.53,53
2026-07-15T10:10:00+00:00,15290.53,15292.05,15287.03,15292.03,57
2026-07-15T10:15:00+00:00,15292.03,15292.039999999999,15282.539999999999,15282.539999999999,76
2026-07-15T10:20:00+00:00,15282.539999999999,15284.55,15272.539999999999,15273.03,125
2026-07-15T10:25:00+00:00,15273.03,15276.05,15271.03,15273.539999999999,106
2026-07-15T10:30:00+00:00,15273.539999999999,15277.55,15273.03,15275.05,88
2026-07-15T10:35:00+00:00,15275.05,15280.539999999999,15275.05,15278.05,38
2026-07-15T10:40:00+00:00,15278.05,15279.55,15275.53,15278.05,49
2026-07-15T10:45:00+00:00,15278.05,15280.55,15275.55,15277.53,59
2026-07-15T10:50:00+00:00,15277.53,15279.53,15274.539999999999,15277.53,63
2026-07-15T10:55:00+00:00,15277.53,15280.039999999999,15273.53,15273.53,66
2026-07-15T11:00:00+00:00,15273.53,15277.55,15270.039999999999,15271.55,117
2026-07-15T11:05:00+00:00,15271.55,15272.55,15266.539999999999,15270.539999999999,55
2026-07-15T11:10:00+00:00,15270.539999999999,15272.55,15269.05,15270.53,68
2026-07-15T11:15:00+00:00,15270.53,15272.53,15270.03,15270.539999999999,60
2026-07-15T11:20:00+00:00,15270.539999999999,15275.55,15270.539999999999,15273.55,47
2026-07-15T11:25:00+00:00,15273.55,15274.55,15271.53,15272.039999999999,25
2026-07-15T11:30:00+00:00,15272.039999999999,15278.53,15271.53,15277.539999999999,55
2026-07-15T11:35:00+00:00,15277.539999999999,15277.539999999999,15272.55,15273.03,36.96808811070319
2026-07-15T11:40:00+00:00,15273.03,15277.539999999999,15272.53,15274.53,45
2026-07-15T11:45:00+00:00,15274.53,15274.55,15271.53,15272.55,35
2026-07-15T11:50:00+00:00,15272.55,15274.539999999999,15271.55,15274.53,75
2026-07-15T11:55:00+00:00,15274.53,15276.539999999999,15273.53,15275.05,43
2026-07-15T12:00:00+00:00,15275.05,15278.05,15273.03,15273.03,40
2026-07-15T12:05:00+00:00,15273.03,15273.03,15266.53,15268.55,57
2026-07-15T12:10:00+00:00,15268.55,15275.05,15268.03,15274.53,56.59784801613988
2026-07-15T12:15:00+00:00,15274.53,15277.539999999999,15274.53,15275.03,57
2026-07-15T12:20:00+00:00,15275.03,15279.55,15272.539999999999,15277.039999999999,86
2026-07-15T12:25:00+00:00,15277.039999999999,15282.039999999999,15276.539999999999,15282.039999999999,45
2026-07-15T12:30:00+00:00,15282.039999999999,15305.039999999999,15282.039999999999,15288.55,354
2026-07-15T12:35:00+00:00,15288.55,15292.55,15286.03,15291.53,86
2026-07-15T12:40:00+00:00,15291.53,15297.039999999999,15289.53,15294.039999999999,93
2026-07-15T12:45:00+00:00,15294.039999999999,15296.539999999999,15290.53,15295.539999999999,70
2026-07-15T12:50:00+00:00,15295.539999999999,15297.53,15293.539999999999,15294.55,67
2026-07-15T12:55:00+00:00,15294.55,15298.55,15294.53,15296.55,79
2026-07-15T13:00:00+00:00,15296.55,15309.05,15296.539999999999,15308.53,143
2026-07-15T13:05:00+00:00,15308.53,15315.039999999999,15305.05,15307.539999999999,149
2026-07-15T13:10:00+00:00,15307.539999999999,15309.55,15302.55,15306.039999999999,121
2026-07-15T13:15:00+00:00,15306.039999999999,15306.53,15300.53,15302.539999999999,65
2026-07-15T13:20:00+00:00,15302.539999999999,15307.539999999999,15300.55,15306.539999999999,50
2026-07-15T13:25:00+00:00,15306.539999999999,15312.55,15300.53,15311.539999999999,107
2026-07-15T13:30:00+00:00,15311.539999999999,15327.05,15311.53,15321.55,739
2026-07-15T13:35:00+00:00,15321.55,15326.55,15306.55,15311.53,377
2026-07-15T13:40:00+00:00,15311.53,15319.55,15309.53,15317.039999999999,373
2026-07-15T13:45:00+00:00,15317.039999999999,15318.539999999999,15311.539999999999,15312.539999999999,382
2026-07-15T13:50:00+00:00,15312.539999999999,15317.55,15303.039999999999,15314.039999999999,289
2026-07-15T13:55:00+00:00,15314.039999999999,15326.55,15311.53,15323.539999999999,453
2026-07-15T14:00:00+00:00,15323.539999999999,15327.539999999999,15322.03,15323.039999999999,354
2026-07-15T14:05:00+00:00,15323.039999999999,15329.53,15322.53,15323.039999999999,247
2026-07-15T14:10:00+00:00,15323.039999999999,15326.03,15322.53,15324.539999999999,249
2026-07-15T14:15:00+00:00,15324.539999999999,15328.539999999999,15323.53,15324.55,171
2026-07-15T14:20:00+00:00,15324.55,15327.55,15314.039999999999,15317.55,350
2026-07-15T14:25:00+00:00,15317.55,15322.55,15314.039999999999,15318.539999999999,407
2026-07-15T14:30:00+00:00,15318.539999999999,15322.05,15313.53,15317.55,345
2026-07-15T14:35:00+00:00,15317.55,15325.55,15315.53,15316.539999999999,328
2026-07-15T14:40:00+00:00,15316.539999999999,15317.55,15309.53,15313.03,329
2026-07-15T14:45:00+00:00,15313.03,15318.55,15307.03,15318.05,297
2026-07-15T14:50:00+00:00,15318.05,15318.55,15305.039999999999,15308.05,225
2026-07-15T14:55:00+00:00,15308.05,15315.55,15308.05,15315.05,192
2026-07-15T15:00:00+00:00,15315.05,15320.55,15312.539999999999,15319.539999999999,228
2026-07-15T15:05:00+00:00,15319.539999999999,15323.55,15311.53,15312.05,201
2026-07-15T15:10:00+00:00,15312.05,15313.55,15307.53,15307.55,138
2026-07-15T15:15:00+00:00,15307.55,15310.539999999999,15300.539999999999,15308.03,199
2026-07-15T15:20:00+00:00,15308.03,15308.03,15294.53,15301.539999999999,240
2026-07-15T15:25:00+00:00,15301.539999999999,15308.55,15300.03,15306.05,294
2026-07-15T15:30:00+00:00,15306.05,15307.55,15300.53,15305.53,217
2026-07-15T15:35:00+00:00,15305.53,15312.539999999999,15302.539999999999,15309.05,216
2026-07-15T15:40:00+00:00,15309.05,15312.53,15302.539999999999,15303.539999999999,148
2026-07-15T15:45:00+00:00,15303.539999999999,15304.55,15299.53,15302.53,145
2026-07-15T15:50:00+00:00,15302.53,15302.539999999999,15292.039999999999,15296.539999999999,152
2026-07-15T15:55:00+00:00,15296.539999999999,15296.55,15293.53,15295.039999999999,117
2026-07-15T16:00:00+00:00,15295.039999999999,15297.539999999999,15286.53,15287.53,135
2026-07-15T16:05:00+00:00,15287.53,15288.039999999999,15276.53,15282.53,168
2026-07-15T16:10:00+00:00,15282.53,15283.539999999999,15274.539999999999,15275.03,134
2026-07-15T16:15:00+00:00,15275.03,15278.55,15269.53,15270.55,199
2026-07-15T16:20:00+00:00,15270.55,15272.55,15266.539999999999,15267.55,153
2026-07-15T16:25:00+00:00,15267.55,15271.55,15265.53,15270.55,133
2026-07-15T16:30:00+00:00,15270.55,15273.55,15262.53,15264.53,124
2026-07-15T16:35:00+00:00,15264.53,15264.55,15258.039999999999,15262.03,160
2026-07-15T16:40:00+00:00,15262.03,15266.539999999999,15258.53,15266.539999999999,125
2026-07-15T16:45:00+00:00,15266.539999999999,15281.55,15265.53,15272.55,348
2026-07-15T16:50:00+00:00,15272.55,15280.05,15272.55,15278.05,130
2026-07-15T16:55:00+00:00,15278.05,15278.53,15270.53,15275.03,104
2026-07-15T17:00:00+00:00,15275.03,15282.55,15275.03,15278.539999999999,103
2026-07-15T17:05:00+00:00,15278.539999999999,15285.039999999999,15277.539999999999,15284.539999999999,103
2026-07-15T17:10:00+00:00,15284.539999999999,15287.539999999999,15281.539999999999,15281.539999999999,110
2026-07-15T17:15:00+00:00,15281.539999999999,15288.55,15281.53,15288.03,67
2026-07-15T17:20:00+00:00,15288.03,15293.55,15288.03,15292.53,100
2026-07-15T17:25:00+00:00,15292.53,15296.55,15291.53,15295.55,95
2026-07-15T17:30:00+00:00,15295.55,15303.55,15295.53,15302.53,137
2026-07-15T17:35:00+00:00,15302.53,15304.55,15301.539999999999,15303.55,65
2026-07-15T17:40:00+00:00,15303.55,15306.55,15303.039999999999,15305.539999999999,54
2026-07-15T17:45:00+00:00,15305.539999999999,15312.55,15303.53,15312.55,106
2026-07-15T17:50:00+00:00,15312.55,15315.55,15309.05,15315.539999999999,127
2026-07-15T17:55:00+00:00,15315.539999999999,15316.55,15313.039999999999,15313.53,101
2026-07-15T18:00:00+00:00,15313.53,15318.55,15312.55,15315.539999999999,99
2026-07-15T18:05:00+00:00,15315.539999999999,15317.55,15315.53,15316.03,67
2026-07-15T18:10:00+00:00,15316.03,15319.539999999999,15315.55,15317.55,74
2026-07-15T18:15:00+00:00,15317.55,15318.55,15315.53,15317.53,77
2026-07-15T18:20:00+00:00,15317.53,15319.039999999999,15316.539999999999,15317.53,52
2026-07-15T18:25:00+00:00,15317.53,15320.039999999999,15316.03,15318.539999999999,63
2026-07-15T18:30:00+00:00,15318.539999999999,15321.539999999999,15317.55,15319.539999999999,44
2026-07-15T18:35:00+00:00,15319.539999999999,15319.539999999999,15315.53,15315.539999999999,68
2026-07-15T18:40:00+00:00,15315.539999999999,15316.05,15310.05,15310.05,55.39915966386555
2026-07-15T18:45:00+00:00,15310.05,15311.539999999999,15306.03,15307.03,165
2026-07-15T18:50:00+00:00,15307.03,15307.039999999999,15299.03,15302.03,109
2026-07-15T18:55:00+00:00,15302.03,15303.05,15298.03,15300.03,98
2026-07-15T19:00:00+00:00,15300.03,15306.05,15299.03,15306.05,50
2026-07-15T19:05:00+00:00,15306.05,15310.039999999999,15304.03,15305.539999999999,50
2026-07-15T19:10:00+00:00,15305.539999999999,15308.05,15304.55,15306.53,63
2026-07-15T19:15:00+00:00,15306.53,15307.03,15302.03,15302.03,46
2026-07-15T19:20:00+00:00,15302.03,15303.05,15300.039999999999,15302.039999999999,76
2026-07-15T19:25:00+00:00,15302.039999999999,15307.03,15300.03,15306.039999999999,34
2026-07-15T19:30:00+00:00,15306.039999999999,15309.039999999999,15301.03,15302.05,136
2026-07-15T19:35:00+00:00,15302.05,15305.05,15299.03,15305.03,55
2026-07-15T19:40:00+00:00,15305.03,15311.039999999999,15305.03,15309.039999999999,66
2026-07-15T19:45:00+00:00,15309.039999999999,15310.03,15305.03,15306.05,86
2026-07-15T19:50:00+00:00,15306.05,15310.05,15306.039999999999,15307.039999999999,87
2026-07-15T19:55:00+00:00,15307.039999999999,15310.039999999999,15306.03,15309.05,74
2026-07-15T20:00:00+00:00,15309.05,15310.039999999999,15307.03,15307.539999999999,40
2026-07-15T20:05:00+00:00,15307.539999999999,15307.539999999999,15300.05,15302.539999999999,37
2026-07-15T20:10:00+00:00,15302.539999999999,15304.05,15302.039999999999,15302.53,13.982874617737004
2026-07-15T20:15:00+00:00,15302.53,15303.55,15302.039999999999,15303.55,11.949077021005728
2026-07-15T20:20:00+00:00,15303.55,15304.53,15303.55,15304.05,10.93409216656947
2026-07-15T20:25:00+00:00,15304.05,15304.55,15304.039999999999,15304.05,9.003282994090611
2026-07-15T20:30:00+00:00,15304.05,15304.05,15303.03,15303.539999999999,11.067215742686429
2026-07-15T20:35:00+00:00,15303.539999999999,15304.53,15303.53,15303.55,11.039716312056738
2026-07-15T20:40:00+00:00,15303.55,15303.55,15302.03,15303.039999999999,13
2026-07-16T01:00:00+00:00,15303.039999999999,15303.039999999999,15235.41,15247.9,327.9660839160839
2026-07-16T01:05:00+00:00,15247.9,15258.41,15238.39,15253.89,295
2026-07-16T01:10:00+00:00,15253.89,15263.4,15237.89,15238.91,379
2026-07-16T01:15:00+00:00,15238.91,15240.91,15204.39,15214.4,1353
2026-07-16T01:20:00+00:00,15214.4,15223.39,15156.9,15176.89,1088
2026-07-16T01:25:00+00:00,15176.89,15216.4,15148.39,15175.39,1548
2026-07-16T01:30:00+00:00,15175.39,15237.9,15109.89,15120.9,7586
2026-07-16T01:35:00+00:00,15120.9,15183.4,15110.9,15164.39,5314
2026-07-16T01:40:00+00:00,15164.39,15201.89,15161.89,15169.89,4185
2026-07-16T01:45:00+00:00,15169.89,15216.41,15156.89,15203.39,3372
2026-07-16T01:50:00+00:00,15203.39,15216.91,15163.89,15174.9,3893
2026-07-16T01:55:00+00:00,15174.9,15203.91,15163.41,15179.39,3090
2026-07-16T02:00:00+00:00,15179.39,15185.39,15125.89,15127.9,2971
2026-07-16T02:05:00+00:00,15127.9,15165.91,15110.4,15164.9,2583
2026-07-16T02:10:00+00:00,15164.9,15168.91,15137.39,15154.4,2437
2026-07-16T02:15:00+00:00,15154.4,15171.91,15154.39,15156.89,2120
2026-07-16T02:20:00+00:00,15156.89,15181.91,15148.89,15174.39,1950
2026-07-16T02:25:00+00:00,15174.39,15199.4,15172.89,15190.41,2259
2026-07-16T02:30:00+00:00,15190.41,15208.39,15177.41,15196.41,2253
2026-07-16T02:35:00+00:00,15196.41,15228.41,15187.9,15187.9,2176
2026-07-16T02:40:00+00:00,15187.9,15224.91,15184.89,15215.41,2525
2026-07-16T02:45:00+00:00,15215.41,15220.91,15183.91,15194.91,1972
2026-07-16T02:50:00+00:00,15194.91,15205.91,15178.89,15197.39,1742
2026-07-16T02:55:00+00:00,15197.39,15207.91,15185.91,15194.4,1762
2026-07-16T03:00:00+00:00,15194.4,15198.89,15171.89,15174.39,1556
2026-07-16T03:05:00+00:00,15174.39,15190.91,15162.4,15182.89,1526
2026-07-16T03:10:00+00:00,15182.89,15186.4,15152.89,15157.39,1313
2026-07-16T03:15:00+00:00,15157.39,15168.41,15126.4,15129.4,1429
2026-07-16T03:20:00+00:00,15129.4,15136.4,15095.89,15102.4,1800
2026-07-16T03:25:00+00:00,15102.4,15138.91,15101.41,15138.41,1753
2026-07-16T03:30:00+00:00,15138.41,15157.91,15137.39,15154.91,503
2026-07-16T03:35:00+00:00,15154.91,15158.9,15151.91,15151.91,230
2026-07-16T03:40:00+00:00,15151.91,15160.91,15151.91,15155.41,253
2026-07-16T03:45:00+00:00,15155.41,15159.91,15152.89,15157.89,213
2026-07-16T03:50:00+00:00,15157.89,15163.91,15154.9,15159.39,202
2026-07-16T03:55:00+00:00,15159.39,15162.9,15157.89,15160.89,129
2026-07-16T04:00:00+00:00,15160.89,15161.41,15158.89,15159.39,81
2026-07-16T04:05:00+00:00,15159.39,15161.91,15158.89,15161.4,71
2026-07-16T04:10:00+00:00,15161.4,15169.91,15159.39,15169.91,64
2026-07-16T04:15:00+00:00,15169.91,15169.91,15160.89,15162.91,80
2026-07-16T04:20:00+00:00,15162.91,15163.91,15158.4,15159.9,39
2026-07-16T04:25:00+00:00,15159.9,15159.91,15154.39,15155.89,64
2026-07-16T04:30:00+00:00,15155.89,15155.91,15150.89,15150.9,91
2026-07-16T04:35:00+00:00,15150.9,15151.39,15146.89,15146.89,64
2026-07-16T04:40:00+00:00,15146.89,15147.9,15143.4,15144.91,68
2026-07-16T04:45:00+00:00,15144.91,15145.41,15138.91,15140.41,72
2026-07-16T04:50:00+00:00,15140.41,15144.9,15138.89,15144.89,71
2026-07-16T04:55:00+00:00,15144.89,15146.9,15141.91,15146.41,62
2026-07-16T05:00:00+00:00,15146.41,15162.9,15114.89,15136.4,2832
2026-07-16T05:05:00+00:00,15136.4,15146.9,15116.89,15126.39,2020
2026-07-16T05:10:00+00:00,15126.39,15153.91,15118.39,15153.41,1979
2026-07-16T05:15:00+00:00,15153.41,15162.4,15138.9,15157.39,1977
2026-07-16T05:20:00+00:00,15157.39,15171.9,15141.91,15145.91,1867
2026-07-16T05:25:00+00:00,15145.91,15152.91,15125.41,15125.41,1625
2026-07-16T05:30:00+00:00,15125.41,15139.9,15103.91,15121.9,1724
2026-07-16T05:35:00+00:00,15121.9,15121.9,15079.89,15089.91,1674
2026-07-16T05:40:00+00:00,15089.91,15106.91,15081.39,15093.9,1484
2026-07-16T05:45:00+00:00,15093.9,15096.91,15057.4,15060.4,1608
2026-07-16T05:50:00+00:00,15060.4,15082.4,15039.89,15041.39,1770
2026-07-16T05:55:00+00:00,15041.39,15046.9,15024.41,15031.41,1793
2026-07-16T06:00:00+00:00,15031.41,15042.39,15008.91,15025.4,1796
2026-07-16T06:05:00+00:00,15025.4,15048.41,15006.39,15013.4,2014
2026-07-16T06:10:00+00:00,15013.4,15023.89,14991.4,15000.41,1429
2026-07-16T06:15:00+00:00,15000.41,15001.9,14974.89,14977.9,1300
2026-07-16T06:20:00+00:00,14977.9,14986.9,14961.39,14969.91,1335
2026-07-16T06:25:00+00:00,14969.91,14974.91,14950.4,14957.91,1356
2026-07-16T06:30:00+00:00,14957.91,14971.9,14923.41,14923.89,1501
2026-07-16T06:35:00+00:00,14923.89,14933.41,14903.91,14921.39,1535
2026-07-16T06:40:00+00:00,14921.39,14947.91,14920.41,14923.91,2206
2026-07-16T06:45:00+00:00,14923.91,14936.89,14887.9,14888.89,1872
2026-07-16T06:50:00+00:00,14888.89,14930.39,14879.89,14930.39,2093
2026-07-16T06:55:00+00:00,14930.39,14956.41,14928.39,14951.41,2125
2026-07-16T07:00:00+00:00,14951.41,14963.89,14941.89,14960.39,528
2026-07-16T07:05:00+00:00,14960.39,14961.41,14951.41,14951.9,291
2026-07-16T07:10:00+00:00,14951.9,14952.9,14940.89,14943.91,337
2026-07-16T07:15:00+00:00,14943.91,14951.91,14943.89,14947.4,263
2026-07-16T07:20:00+00:00,14947.4,14954.89,14947.4,14949.91,131
2026-07-16T07:25:00+00:00,14949.91,14954.9,14949.89,14952.41,111
2026-07-16T07:30:00+00:00,14952.41,14953.41,14947.89,14948.89,183
2026-07-16T07:35:00+00:00,14948.89,14950.91,14946.41,14946.91,125
2026-07-16T07:40:00+00:00,14946.91,14949.41,14943.9,14944.91,106
2026-07-16T07:45:00+00:00,14944.91,14946.41,14942.89,14943.91,176
2026-07-16T07:50:00+00:00,14943.91,14945.91,14941.91,14943.9,121
2026-07-16T07:55:00+00:00,14943.9,14948.41,14942.89,14944.89,169
2026-07-16T08:00:00+00:00,14944.89,14945.4,14927.89,14931.9,383
2026-07-16T08:05:00+00:00,14931.9,14933.9,14925.4,14929.89,490
2026-07-16T08:10:00+00:00,14929.89,14934.91,14926.39,14930.89,284
2026-07-16T08:15:00+00:00,14930.89,14934.91,14928.89,14931.9,209
2026-07-16T08:20:00+00:00,14931.9,14939.9,14930.89,14934.89,288
2026-07-16T08:25:00+00:00,14934.89,14945.89,14933.9,14945.39,207
2026-07-16T09:00:00+00:00,14945.39,14948.4,14934.9,14948.4,263
2026-07-16T09:05:00+00:00,14948.4,14949.91,14946.89,14946.89,47
2026-07-16T09:10:00+00:00,14946.89,14950.39,14942.39,14947.89,54
2026-07-16T09:15:00+00:00,14947.89,14951.89,14946.9,14948.91,58
2026-07-16T09:20:00+00:00,14948.91,14949.41,14944.39,14944.4,69
2026-07-16T09:25:00+00:00,14944.4,14946.89,14940.4,14940.89,68
2026-07-16T09:30:00+00:00,14940.89,14943.9,14938.89,14940.4,71
2026-07-16T09:35:00+00:00,14940.4,14942.39,14936.91,14938.91,47
2026-07-16T09:40:00+00:00,14938.91,14938.91,14931.41,14935.39,70
2026-07-16T09:45:00+00:00,14935.39,14935.91,14927.91,14928.9,73
2026-07-16T09:50:00+00:00,14928.9,14931.91,14926.91,14931.89,73
2026-07-16T09:55:00+00:00,14931.89,14936.91,14931.89,14932.9,72
2026-07-16T10:00:00+00:00,14932.9,14935.91,14930.89,14934.89,78
2026-07-16T10:05:00+00:00,14934.89,14934.89,14928.89,14933.4,56
2026-07-16T10:10:00+00:00,14933.4,14933.4,14928.9,14929.9,72
2026-07-16T10:15:00+00:00,14929.9,14929.9,14925.89,14928.91,52
2026-07-16T10:20:00+00:00,14928.91,14930.39,14924.89,14930.39,83
2026-07-16T10:25:00+00:00,14930.39,14933.39,14927.89,14933.39,78
2026-07-16T10:30:00+00:00,14933.39,14934.41,14927.91,14933.89,69
2026-07-16T10:35:00+00:00,14933.89,14933.89,14928.89,14928.91,72
2026-07-16T10:40:00+00:00,14928.91,14930.91,14927.9,14929.41,74
2026-07-16T10:45:00+00:00,14929.41,14931.91,14928.39,14928.89,61
2026-07-16T10:50:00+00:00,14928.89,14929.91,14927.39,14928.9,65
2026-07-16T10:55:00+00:00,14928.9,14928.91,14925.39,14925.4,63
2026-07-16T11:00:00+00:00,14925.4,14926.91,14922.9,14924.4,101
2026-07-16T11:05:00+00:00,14924.4,14925.9,14922.39,14922.9,74
2026-07-16T11:10:00+00:00,14922.9,14924.91,14920.89,14924.91,67
2026-07-16T11:15:00+00:00,14924.91,14925.4,14914.39,14918.4,100
2026-07-16T11:20:00+00:00,14918.4,14932.9,14918.4,14929.91,78
2026-07-16T11:25:00+00:00,14929.91,14938.91,14929.91,14931.9,97
2026-07-16T11:30:00+00:00,14931.9,14933.91,14928.89,14933.4,68
2026-07-16T11:35:00+00:00,14933.4,14939.89,14931.89,14934.9,73
2026-07-16T11:40:00+00:00,14934.9,14937.4,14932.89,14933.91,85
2026-07-16T11:45:00+00:00,14933.91,14935.91,14917.4,14921.4,108
2026-07-16T11:50:00+00:00,14921.4,14931.91,14915.89,14931.89,375
2026-07-16T11:55:00+00:00,14931.89,14938.91,14931.89,14938.9,70
2026-07-16T12:00:00+00:00,14938.9,14944.91,14938.9,14943.89,83
2026-07-16T12:05:00+00:00,14943.89,14944.91,14936.89,14938.41,90
2026-07-16T12:10:00+00:00,14938.41,14938.41,14927.9,14932.9,62
2026-07-16T12:15:00+00:00,14932.9,14935.89,14927.39,14935.89,89
2026-07-16T12:20:00+00:00,14935.89,14935.91,14920.9,14921.91,189
2026-07-16T12:25:00+00:00,14921.91,14930.41,14919.9,14928.89,60
2026-07-16T12:30:00+00:00,14928.89,14930.9,14922.9,14923.9,230
2026-07-16T12:35:00+00:00,14923.9,14925.91,14915.39,14918.89,157
2026-07-16T12:40:00+00:00,14918.89,14920.9,14914.9,14915.9,136
2026-07-16T12:45:00+00:00,14915.9,14921.91,14912.39,14914.89,113
2026-07-16T12:50:00+00:00,14914.89,14918.91,14911.89,14918.41,106
2026-07-16T12:55:00+00:00,14918.41,14921.89,14915.89,14921.89,58
2026-07-16T13:00:00+00:00,14921.89,14929.91,14920.9,14929.41,123
2026-07-16T13:05:00+00:00,14929.41,14933.91,14928.89,14933.9,63
2026-07-16T13:10:00+00:00,14933.9,14935.91,14932.4,14933.9,50
2026-07-16T13:15:00+00:00,14933.9,14935.91,14931.89,14934.41,58
2026-07-16T13:20:00+00:00,14934.41,14935.9,14931.91,14933.91,65
2026-07-16T13:25:00+00:00,14933.91,14939.4,14931.39,14932.41,115
2026-07-16T13:30:00+00:00,14932.41,14936.41,14922.91,14922.91,512
2026-07-16T13:35:00+00:00,14922.91,14925.9,14911.89,14915.4,410
2026-07-16T13:40:00+00:00,14915.4,14918.91,14907.9,14909.4,332
2026-07-16T13:45:00+00:00,14909.4,14917.41,14907.89,14915.39,398
2026-07-16T13:50:00+00:00,14915.39,14930.91,14914.89,14915.41,380
2026-07-16T13:55:00+00:00,14915.41,14920.9,14911.9,14920.39,334
2026-07-16T14:00:00+00:00,14920.39,14927.91,14917.91,14926.39,323
2026-07-16T14:05:00+00:00,14926.39,14928.41,14920.9,14924.91,162
2026-07-16T14:10:00+00:00,14924.91,14926.4,14921.41,14924.89,210
2026-07-16T14:15:00+00:00,14924.89,14926.91,14919.89,14926.39,210
2026-07-16T14:20:00+00:00,14926.39,14926.91,14922.89,14923.39,222
2026-07-16T14:25:00+00:00,14923.39,14933.9,14919.9,14930.89,222
2026-07-16T14:30:00+00:00,14930.89,14930.89,14923.9,14926.9,156
2026-07-16T14:35:00+00:00,14926.9,14929.91,14925.9,14927.91,124
2026-07-16T14:40:00+00:00,14927.91,14931.9,14927.39,14930.39,127
2026-07-16T14:45:00+00:00,14930.39,14932.91,14928.4,14929.89,137
2026-07-16T14:50:00+00:00,14929.89,14933.4,14926.91,14930.41,199
2026-07-16T14:55:00+00:00,14930.41,14932.89,14926.9,14932.89,172
2026-07-16T15:00:00+00:00,14932.89,14938.89,14932.89,14935.9,158
2026-07-16T15:05:00+00:00,14935.9,14936.91,14926.91,14934.39,125
2026-07-16T15:10:00+00:00,14934.39,14935.91,14931.9,14933.89,156
2026-07-16T15:15:00+00:00,14933.89,14937.91,14932.4,14937.41,244
2026-07-16T15:20:00+00:00,14937.41,14937.91,14935.41,14935.9,194
2026-07-16T15:25:00+00:00,14935.9,14948.41,14935.9,14942.9,231
2026-07-16T15:30:00+00:00,14942.9,14949.89,14940.4,14949.89,143
2026-07-16T15:35:00+00:00,14949.89,14959.39,14948.89,14958.4,107
2026-07-16T15:40:00+00:00,14958.4,14958.9,14947.41,14947.91,88
2026-07-16T15:45:00+00:00,14947.91,14947.91,14940.91,14945.89,119
2026-07-16T15:50:00+00:00,14945.89,14947.9,14942.41,14942.41,81
2026-07-16T15:55:00+00:00,14942.41,14942.89,14936.39,14940.89,78
2026-07-16T16:00:00+00:00,14940.89,14940.89,14932.91,14932.91,106
2026-07-16T16:05:00+00:00,14932.91,14936.91,14930.91,14935.41,135
2026-07-16T16:10:00+00:00,14935.41,14935.41,14923.9,14924.41,116
2026-07-16T16:15:00+00:00,14924.41,14925.91,14921.89,14922.91,171
2026-07-16T16:20:00+00:00,14922.91,14922.91,14916.89,14918.91,198
2026-07-16T16:25:00+00:00,14918.91,14926.4,14917.89,14920.91,175
2026-07-16T16:30:00+00:00,14920.91,14925.91,14918.91,14921.4,159
2026-07-16T16:35:00+00:00,14921.4,14921.91,14917.9,14918.89,154
2026-07-16T16:40:00+00:00,14918.89,14920.91,14916.39,14917.39,129
2026-07-16T16:45:00+00:00,14917.39,14919.89,14914.89,14916.41,102
2026-07-16T16:50:00+00:00,14916.41,14920.91,14915.39,14920.4,120
2026-07-16T16:55:00+00:00,14920.4,14922.9,14919.89,14922.4,108
2026-07-16T17:00:00+00:00,14922.4,14922.91,14915.89,14917.41,99
2026-07-16T17:05:00+00:00,14917.41,14917.41,14912.89,14913.9,84
2026-07-16T17:10:00+00:00,14913.9,14915.91,14911.4,14911.9,94
2026-07-16T17:15:00+00:00,14911.9,14913.4,14909.89,14911.91,87
2026-07-16T17:20:00+00:00,14911.91,14911.91,14907.89,14908.9,70
2026-07-16T17:25:00+00:00,14908.9,14914.41,14907.89,14913.9,89
2026-07-16T17:30:00+00:00,14913.9,14914.91,14908.89,14909.89,71
2026-07-16T17:35:00+00:00,14909.89,14911.39,14905.89,14905.89,62
2026-07-16T17:40:00+00:00,14905.89,14905.91,14900.89,14903.41,94
2026-07-16T17:45:00+00:00,14903.41,14906.91,14900.9,14905.91,99
2026-07-16T17:50:00+00:00,14905.91,14907.4,14903.41,14904.9,68
2026-07-16T17:55:00+00:00,14904.9,14904.9,14899.89,14900.4,67
2026-07-16T18:00:00+00:00,14900.4,14901.91,14893.9,14895.39,120
2026-07-16T18:05:00+00:00,14895.39,14895.91,14892.89,14893.91,93
2026-07-16T18:10:00+00:00,14893.91,14904.4,14893.9,14897.9,132
2026-07-16T18:15:00+00:00,14897.9,14902.89,14894.89,14901.89,110
2026-07-16T18:20:00+00:00,14901.89,14909.91,14900.89,14909.41,155
2026-07-16T18:25:00+00:00,14909.41,14910.89,14902.89,14903.89,76
2026-07-16T18:30:00+00:00,14903.89,14903.89,14895.9,14896.41,58
2026-07-16T18:35:00+00:00,14896.41,14896.91,14893.89,14894.89,69
2026-07-16T18:40:00+00:00,14894.89,14896.39,14891.89,14892.9,118
2026-07-16T18:45:00+00:00,14892.9,14895.89,14891.9,14892.89,62
2026-07-16T18:50:00+00:00,14892.89,14896.91,14891.91,14892.9,70
2026-07-16T18:55:00+00:00,14892.9,14894.91,14891.89,14892.91,59
2026-07-16T19:00:00+00:00,14892.91,14901.89,14892.41,14898.91,75
2026-07-16T19:05:00+00:00,14898.91,14901.91,14893.9,14893.9,53
2026-07-16T19:10:00+00:00,14893.9,14896.39,14892.89,14896.39,80
2026-07-16T19:15:00+00:00,14896.39,14896.41,14891.91,14891.91,76
2026-07-16T19:20:00+00:00,14891.91,14892.91,14887.89,14888.91,108
2026-07-16T19:25:00+00:00,14888.91,14891.4,14884.89,14890.39,87
2026-07-16T19:30:00+00:00,14890.39,14891.41,14884.89,14888.41,150
2026-07-16T19:35:00+00:00,14888.41,14891.91,14886.89,14888.9,97
2026-07-16T19:40:00+00:00,14888.9,14888.9,14881.91,14881.91,92
2026-07-16T19:45:00+00:00,14881.91,14881.91,14875.91,14880.39,135
2026-07-16T19:50:00+00:00,14880.39,14896.4,14880.39,14893.9,213
2026-07-16T19:55:00+00:00,14893.9,14898.91,14889.89,14897.41,103
2026-07-16T20:00:00+00:00,14897.41,14897.41,14893.91,14896.41,39
2026-07-16T20:05:00+00:00,14896.41,14898.41,14895.91,14896.91,12
2026-07-16T20:10:00+00:00,14896.91,14896.91,14894.9,14894.91,10
2026-07-16T20:15:00+00:00,14894.91,14898.9,14894.89,14896.89,24
2026-07-16T20:20:00+00:00,14896.89,14898.41,14896.4,14898.4,18
2026-07-16T20:25:00+00:00,14898.4,14898.4,14896.4,14896.4,10
2026-07-16T20:30:00+00:00,14896.4,14896.91,14896.39,14896.9,13.643146796431468
2026-07-16T20:35:00+00:00,14896.9,14898.91,14896.4,14898.89,13
2026-07-16T20:40:00+00:00,14898.89,14898.91,14897.89,14897.89,16
2026-07-17T01:00:00+00:00,14897.89,14903.89,14868.93,14877.94,306.2367092367092
2026-07-17T01:05:00+00:00,14877.94,14899.94,14872.93,14899.94,408
2026-07-17T01:10:00+00:00,14899.94,14902.94,14879.949999999999,14885.93,324
2026-07-17T01:15:00+00:00,14885.93,14905.94,14866.949999999999,14887.94,1185
2026-07-17T01:20:00+00:00,14887.94,14894.44,14861.93,14877.43,1092
2026-07-17T01:25:00+00:00,14877.43,14914.949999999999,14876.94,14895.93,954
2026-07-17T01:30:00+00:00,14895.93,14898.44,14705.949999999999,14711.44,8243
2026-07-17T01:35:00+00:00,14711.44,14747.44,14694.449999999999,14736.449999999999,7009
2026-07-17T01:40:00+00:00,14736.449999999999,14758.449999999999,14714.93,14728.93,5449
2026-07-17T01:45:00+00:00,14728.93,14734.93,14680.94,14719.44,4415
2026-07-17T01:50:00+00:00,14719.44,14724.43,14668.43,14668.949999999999,4380
2026-07-17T01:55:00+00:00,14668.949999999999,14676.449999999999,14634.43,14645.949999999999,3678
2026-07-17T02:00:00+00:00,14645.949999999999,14662.93,14618.44,14632.94,3614
2026-07-17T02:05:00+00:00,14632.94,14636.44,14587.94,14593.949999999999,2659
2026-07-17T02:10:00+00:00,14593.949999999999,14617.949999999999,14584.93,14589.93,2802
2026-07-17T02:15:00+00:00,14589.93,14605.94,14562.43,14569.949999999999,3151
2026-07-17T02:20:00+00:00,14569.949999999999,14588.949999999999,14556.44,14581.93,2465
2026-07-17T02:25:00+00:00,14581.93,14582.93,14539.93,14547.93,2455
2026-07-17T02:30:00+00:00,14547.93,14562.94,14535.449999999999,14543.949999999999,2348
2026-07-17T02:35:00+00:00,14543.949999999999,14559.449999999999,14523.43,14527.93,3167
2026-07-17T02:40:00+00:00,14527.93,14539.94,14504.93,14504.93,2666
2026-07-17T02:45:00+00:00,14504.93,14517.93,14470.93,14484.93,2452
2026-07-17T02:50:00+00:00,14484.93,14498.43,14462.949999999999,14477.44,2503
2026-07-17T02:55:00+00:00,14477.44,14508.44,14476.949999999999,14497.43,2772
2026-07-17T03:00:00+00:00,14497.43,14561.949999999999,14487.449999999999,14558.949999999999,3274
2026-07-17T03:05:00+00:00,14558.949999999999,14579.94,14537.94,14538.449999999999,2577
2026-07-17T03:10:00+00:00,14538.449999999999,14549.449999999999,14500.94,14547.93,2604
2026-07-17T03:15:00+00:00,14547.93,14569.949999999999,14540.449999999999,14540.94,2586
2026-07-17T03:20:00+00:00,14540.94,14565.449999999999,14535.94,14552.44,2263
2026-07-17T03:25:00+00:00,14552.44,14573.44,14543.43,14556.949999999999,1968
2026-07-17T03:30:00+00:00,14556.949999999999,14566.44,14548.44,14551.43,482
2026-07-17T03:35:00+00:00,14551.43,14559.43,14547.93,14555.949999999999,277
2026-07-17T03:40:00+00:00,14555.949999999999,14557.949999999999,14546.94,14551.94,190
2026-07-17T03:45:00+00:00,14551.94,14553.94,14545.949999999999,14547.94,220
2026-07-17T03:50:00+00:00,14547.94,14547.94,14541.43,14545.43,184
2026-07-17T03:55:00+00:00,14545.43,14546.949999999999,14541.43,14543.43,153
2026-07-17T04:00:00+00:00,14543.43,14543.94,14530.949999999999,14542.44,127
2026-07-17T04:05:00+00:00,14542.44,14545.93,14535.43,14537.949999999999,170
2026-07-17T04:10:00+00:00,14537.949999999999,14537.949999999999,14528.44,14531.94,132
2026-07-17T04:15:00+00:00,14531.94,14536.949999999999,14531.94,14535.94,161
2026-07-17T04:20:00+00:00,14535.94,14538.449999999999,14530.43,14533.949999999999,133
2026-07-17T04:25:00+00:00,14533.949999999999,14535.449999999999,14525.93,14528.949999999999,211
2026-07-17T04:30:00+00:00,14528.949999999999,14530.449999999999,14516.93,14517.93,117
2026-07-17T04:35:00+00:00,14517.93,14529.449999999999,14516.43,14525.43,129
2026-07-17T04:40:00+00:00,14525.43,14527.949999999999,14519.94,14527.44,86
2026-07-17T04:45:00+00:00,14527.44,14539.44,14527.44,14536.93,157
2026-07-17T04:50:00+00:00,14536.93,14538.949999999999,14531.949999999999,14538.449999999999,99
2026-07-17T04:55:00+00:00,14538.449999999999,14539.44,14532.93,14534.44,84
2026-07-17T05:00:00+00:00,14534.44,14536.93,14497.94,14531.949999999999,3481
2026-07-17T05:05:00+00:00,14531.949999999999,14549.44,14516.43,14547.949999999999,2743
2026-07-17T05:10:00+00:00,14547.949999999999,14562.94,14506.93,14521.43,3028
2026-07-17T05:15:00+00:00,14521.43,14531.449999999999,14500.93,14505.94,2309
2026-07-17T05:20:00+00:00,14505.94,14509.44,14489.93,14496.93,2075
2026-07-17T05:25:00+00:00,14496.93,14526.43,14482.44,14498.94,2302
2026-07-17T05:30:00+00:00,14498.94,14506.44,14449.949999999999,14449.949999999999,2989
2026-07-17T05:35:00+00:00,14449.949999999999,14457.949999999999,14404.93,14408.94,2472
2026-07-17T05:40:00+00:00,14408.94,14418.949999999999,14370.449999999999,14378.94,3512
2026-07-17T05:45:00+00:00,14378.94,14418.949999999999,14347.43,14417.94,4108
2026-07-17T05:50:00+00:00,14417.94,14429.949999999999,14358.949999999999,14393.93,4075
2026-07-17T05:55:00+00:00,14393.93,14470.949999999999,14375.44,14469.93,4064
2026-07-17T06:00:00+00:00,14469.93,14498.949999999999,14447.44,14474.449999999999,4358
2026-07-17T06:05:00+00:00,14474.449999999999,14518.949999999999,14446.94,14508.43,3440
2026-07-17T06:10:00+00:00,14508.43,14582.43,14507.43,14578.44,2772
2026-07-17T06:15:00+00:00,14578.44,14598.949999999999,14554.43,14564.949999999999,3067
2026-07-17T06:20:00+00:00,14564.949999999999,14593.44,14556.94,14560.949999999999,2999
2026-07-17T06:25:00+00:00,14560.949999999999,14584.94,14533.43,14546.94,2198
2026-07-17T06:30:00+00:00,14546.94,14557.949999999999,14526.43,14545.44,2689
2026-07-17T06:35:00+00:00,14545.44,14550.949999999999,14493.93,14499.43,2558
2026-07-17T06:40:00+00:00,14499.43,14501.93,14458.93,14460.94,2396
2026-07-17T06:45:00+00:00,14460.94,14474.94,14430.449999999999,14430.93,2260
2026-07-17T06:50:00+00:00,14430.93,14446.449999999999,14391.43,14391.93,2373
2026-07-17T06:55:00+00:00,14391.93,14427.44,14384.44,14421.43,1984
2026-07-17T07:00:00+00:00,14421.43,14435.449999999999,14393.949999999999,14413.43,1297
2026-07-17T07:05:00+00:00,14413.43,14420.44,14411.93,14418.449999999999,668
2026-07-17T07:10:00+00:00,14418.449999999999,14418.949999999999,14400.94,14414.43,319
2026-07-17T07:15:00+00:00,14414.43,14420.43,14397.93,14410.44,376
2026-07-17T07:20:00+00:00,14410.44,14414.94,14396.949999999999,14410.449999999999,235
2026-07-17T07:25:00+00:00,14410.449999999999,14418.43,14409.43,14416.93,212
2026-07-17T07:30:00+00:00,14416.93,14423.43,14414.93,14420.94,256
2026-07-17T07:35:00+00:00,14420.94,14420.949999999999,14409.94,14420.43,247
2026-07-17T07:40:00+00:00,14420.43,14423.94,14413.93,14418.449999999999,254
2026-07-17T07:45:00+00:00,14418.449999999999,14418.449999999999,14393.94,14402.94,261
2026-07-17T07:50:00+00:00,14402.94,14416.949999999999,14399.43,14413.43,200
2026-07-17T07:55:00+00:00,14413.43,14423.449999999999,14413.43,14421.449999999999,223
2026-07-17T08:00:00+00:00,14421.449999999999,14421.94,14407.93,14418.93,290
2026-07-17T08:05:00+00:00,14418.93,14420.949999999999,14415.93,14418.449999999999,138
2026-07-17T08:10:00+00:00,14418.449999999999,14418.94,14408.44,14414.43,130
2026-07-17T08:15:00+00:00,14414.43,14415.44,14402.43,14404.44,115
2026-07-17T08:20:00+00:00,14404.44,14409.94,14400.93,14401.93,208
2026-07-17T08:25:00+00:00,14401.93,14411.949999999999,14400.94,14407.43,348
2026-07-17T09:00:00+00:00,14407.43,14407.43,14388.43,14397.43,251
2026-07-17T09:05:00+00:00,14397.43,14412.449999999999,14397.43,14407.43,124
2026-07-17T09:10:00+00:00,14407.43,14426.93,14407.43,14426.449999999999,200
2026-07-17T09:15:00+00:00,14426.449999999999,14429.449999999999,14419.44,14425.93,160
2026-07-17T09:20:00+00:00,14425.93,14439.949999999999,14425.93,14439.949999999999,162
2026-07-17T09:25:00+00:00,14439.949999999999,14441.949999999999,14435.43,14439.449999999999,124
2026-07-17T09:30:00+00:00,14439.449999999999,14442.94,14430.43,14436.44,150
2026-07-17T09:35:00+00:00,14436.44,14443.44,14435.93,14440.93,138
2026-07-17T09:40:00+00:00,14440.93,14443.949999999999,14438.44,14438.449999999999,116
2026-07-17T09:45:00+00:00,14438.449999999999,14444.44,14438.449999999999,14441.43,118
2026-07-17T09:50:00+00:00,14441.43,14444.949999999999,14439.43,14443.44,151
2026-07-17T09:55:00+00:00,14443.44,14443.94,14437.94,14439.44,104
2026-07-17T10:00:00+00:00,14439.44,14439.94,14428.93,14439.94,145
2026-07-17T10:05:00+00:00,14439.94,14446.44,14438.949999999999,14446.44,84
2026-07-17T10:10:00+00:00,14446.44,14450.93,14444.44,14450.93,106
2026-07-17T10:15:00+00:00,14450.93,14451.949999999999,14448.43,14448.43,77
2026-07-17T10:20:00+00:00,14448.43,14450.949999999999,14445.94,14448.949999999999,95
2026-07-17T10:25:00+00:00,14448.949999999999,14450.43,14445.93,14448.94,117
2026-07-17T10:30:00+00:00,14448.94,14448.949999999999,14446.93,14447.94,56
2026-07-17T10:35:00+00:00,14447.94,14449.449999999999,14443.43,14446.44,95
2026-07-17T10:40:00+00:00,14446.44,14446.93,14440.93,14440.94,71
2026-07-17T10:45:00+00:00,14440.94,14443.94,14437.93,14440.43,81
2026-07-17T10:50:00+00:00,14440.43,14440.949999999999,14433.44,14437.949999999999,83
2026-07-17T10:55:00+00:00,14437.949999999999,14438.43,14433.949999999999,14434.94,107
2026-07-17T11:00:00+00:00,14434.94,14441.949999999999,14429.43,14429.949999999999,126
2026-07-17T11:05:00+00:00,14429.949999999999,14431.949999999999,14422.949999999999,14424.949999999999,90
2026-07-17T11:10:00+00:00,14424.949999999999,14430.949999999999,14423.93,14425.949999999999,80
2026-07-17T11:15:00+00:00,14425.949999999999,14438.44,14425.949999999999,14435.44,79
2026-07-17T11:20:00+00:00,14435.44,14435.449999999999,14430.93,14431.94,60
2026-07-17T11:25:00+00:00,14431.94,14435.94,14431.94,14434.94,67
2026-07-17T11:30:00+00:00,14434.94,14435.449999999999,14429.93,14433.94,90
2026-07-17T11:35:00+00:00,14433.94,14436.949999999999,14433.94,14435.949999999999,50
2026-07-17T11:40:00+00:00,14435.949999999999,14437.949999999999,14432.93,14433.44,30
2026-07-17T11:45:00+00:00,14433.44,14439.949999999999,14431.93,14439.44,42
2026-07-17T11:50:00+00:00,14439.44,14444.449999999999,14435.94,14443.449999999999,59
2026-07-17T11:55:00+00:00,14443.449999999999,14444.94,14440.949999999999,14443.949999999999,53
2026-07-17T12:00:00+00:00,14443.949999999999,14444.949999999999,14436.93,14436.93,81
2026-07-17T12:05:00+00:00,14436.93,14437.94,14430.93,14431.93,62
2026-07-17T12:10:00+00:00,14431.93,14435.44,14431.43,14434.949999999999,73
2026-07-17T12:15:00+00:00,14434.949999999999,14436.949999999999,14434.43,14434.93,65
2026-07-17T12:20:00+00:00,14434.93,14436.949999999999,14431.93,14435.43,73
2026-07-17T12:25:00+00:00,14435.43,14437.449999999999,14432.93,14437.43,61
2026-07-17T12:30:00+00:00,14437.43,14443.94,14435.93,14436.93,119
2026-07-17T12:35:00+00:00,14436.93,14442.949999999999,14434.93,14441.949999999999,65
2026-07-17T12:40:00+00:00,14441.949999999999,14442.93,14436.93,14440.44,115
2026-07-17T12:45:00+00:00,14440.44,14443.93,14436.93,14436.93,95
2026-07-17T12:50:00+00:00,14436.93,14439.93,14434.93,14439.43,66
2026-07-17T12:55:00+00:00,14439.43,14443.949999999999,14437.43,14439.949999999999,95
2026-07-17T13:00:00+00:00,14439.949999999999,14439.949999999999,14430.949999999999,14433.93,183
2026-07-17T13:05:00+00:00,14433.93,14434.93,14426.93,14428.93,147
2026-07-17T13:10:00+00:00,14428.93,14430.949999999999,14426.93,14429.449999999999,85
2026-07-17T13:15:00+00:00,14429.449999999999,14431.949999999999,14427.44,14427.94,139
2026-07-17T13:20:00+00:00,14427.94,14430.43,14422.93,14427.44,148
2026-07-17T13:25:00+00:00,14427.44,14433.94,14424.93,14425.93,219
2026-07-17T13:30:00+00:00,14425.93,14441.93,14422.949999999999,14424.94,736
2026-07-17T13:35:00+00:00,14424.94,14433.43,14417.949999999999,14422.93,487
2026-07-17T13:40:00+00:00,14422.93,14431.949999999999,14418.43,14421.44,509
2026-07-17T13:45:00+00:00,14421.44,14433.94,14418.43,14432.43,557
2026-07-17T13:50:00+00:00,14432.43,14450.949999999999,14431.93,14446.949999999999,393
2026-07-17T13:55:00+00:00,14446.949999999999,14461.949999999999,14444.949999999999,14461.949999999999,300
2026-07-17T14:00:00+00:00,14461.949999999999,14469.949999999999,14460.93,14461.449999999999,575
2026-07-17T14:05:00+00:00,14461.449999999999,14469.94,14458.93,14461.949999999999,417
2026-07-17T14:10:00+00:00,14461.949999999999,14469.94,14461.94,14468.93,360
2026-07-17T14:15:00+00:00,14468.93,14477.93,14466.949999999999,14475.43,261
2026-07-17T14:20:00+00:00,14475.43,14480.949999999999,14471.449999999999,14478.949999999999,288
2026-07-17T14:25:00+00:00,14478.949999999999,14479.949999999999,14473.93,14475.949999999999,182
2026-07-17T14:30:00+00:00,14475.949999999999,14478.449999999999,14471.949999999999,14475.93,238
2026-07-17T14:35:00+00:00,14475.93,14481.94,14469.93,14471.94,219
2026-07-17T14:40:00+00:00,14471.94,14475.949999999999,14467.93,14468.93,192
2026-07-17T14:45:00+00:00,14468.93,14468.949999999999,14458.93,14462.44,261
2026-07-17T14:50:00+00:00,14462.44,14467.949999999999,14460.43,14462.94,197
2026-07-17T14:55:00+00:00,14462.94,14470.94,14459.93,14461.949999999999,219
2026-07-17T15:00:00+00:00,14461.949999999999,14462.44,14451.93,14455.449999999999,253
2026-07-17T15:05:00+00:00,14455.449999999999,14458.949999999999,14450.93,14458.94,292
2026-07-17T15:10:00+00:00,14458.94,14461.93,14452.93,14458.43,270
2026-07-17T15:15:00+00:00,14458.43,14460.93,14452.93,14459.949999999999,230
2026-07-17T15:20:00+00:00,14459.949999999999,14463.93,14453.949999999999,14460.43,256
2026-07-17T15:25:00+00:00,14460.43,14476.94,14459.93,14474.949999999999,205
2026-07-17T15:30:00+00:00,14474.949999999999,14478.44,14467.93,14468.94,223
2026-07-17T15:35:00+00:00,14468.94,14480.949999999999,14467.449999999999,14478.93,206
2026-07-17T15:40:00+00:00,14478.93,14480.949999999999,14471.93,14473.949999999999,193
2026-07-17T15:45:00+00:00,14473.949999999999,14479.949999999999,14473.93,14479.949999999999,133
2026-07-17T15:50:00+00:00,14479.949999999999,14484.949999999999,14478.94,14483.94,133
2026-07-17T15:55:00+00:00,14483.94,14494.949999999999,14483.43,14491.949999999999,140
2026-07-17T16:00:00+00:00,14491.949999999999,14496.93,14483.93,14488.94,267
2026-07-17T16:05:00+00:00,14488.94,14495.43,14487.449999999999,14494.93,158
2026-07-17T16:10:00+00:00,14494.93,14504.94,14494.93,14503.93,130
2026-07-17T16:15:00+00:00,14503.93,14507.949999999999,14502.43,14506.94,126
2026-07-17T16:20:00+00:00,14506.94,14507.94,14492.43,14493.43,158
2026-07-17T16:25:00+00:00,14493.43,14500.44,14491.44,14496.949999999999,146
2026-07-17T16:30:00+00:00,14496.949999999999,14501.949999999999,14494.94,14500.949999999999,119
2026-07-17T16:35:00+00:00,14500.949999999999,14501.94,14496.43,14497.449999999999,81
2026-07-17T16:40:00+00:00,14497.449999999999,14503.949999999999,14492.949999999999,14503.949999999999,131
2026-07-17T16:45:00+00:00,14503.949999999999,14506.93,14500.93,14504.949999999999,111
2026-07-17T16:50:00+00:00,14504.949999999999,14507.949999999999,14502.93,14506.43,100
2026-07-17T16:55:00+00:00,14506.43,14506.43,14500.43,14503.44,86
2026-07-17T17:00:00+00:00,14503.44,14509.94,14501.949999999999,14507.949999999999,149
2026-07-17T17:05:00+00:00,14507.949999999999,14512.449999999999,14506.949999999999,14511.949999999999,60
2026-07-17T17:10:00+00:00,14511.949999999999,14512.43,14506.93,14507.93,80
2026-07-17T17:15:00+00:00,14507.93,14512.449999999999,14506.93,14507.949999999999,77
2026-07-17T17:20:00+00:00,14507.949999999999,14507.949999999999,14503.44,14504.449999999999,66
2026-07-17T17:25:00+00:00,14504.449999999999,14508.449999999999,14503.43,14508.449999999999,63.82832618025751
2026-07-17T17:30:00+00:00,14508.449999999999,14508.949999999999,14504.93,14505.93,60
2026-07-17T17:35:00+00:00,14505.93,14505.93,14498.949999999999,14500.94,67
2026-07-17T17:40:00+00:00,14500.94,14500.94,14491.94,14493.94,90
2026-07-17T17:45:00+00:00,14493.94,14495.949999999999,14492.949999999999,14495.949999999999,62
2026-07-17T17:50:00+00:00,14495.949999999999,14496.949999999999,14489.43,14489.43,88
2026-07-17T17:55:00+00:00,14489.43,14490.93,14486.949999999999,14489.949999999999,81
2026-07-17T18:00:00+00:00,14489.949999999999,14492.43,14487.43,14490.94,111
2026-07-17T18:05:00+00:00,14490.94,14490.949999999999,14485.93,14487.93,119
2026-07-17T18:10:00+00:00,14487.93,14489.94,14484.93,14485.93,96
2026-07-17T18:15:00+00:00,14485.93,14489.44,14484.93,14488.93,138
2026-07-17T18:20:00+00:00,14488.93,14494.449999999999,14484.94,14491.93,132
2026-07-17T18:25:00+00:00,14491.93,14503.449999999999,14490.94,14502.94,130
2026-07-17T18:30:00+00:00,14502.94,14509.44,14499.949999999999,14503.94,135
2026-07-17T18:35:00+00:00,14503.94,14505.94,14501.949999999999,14502.94,100
2026-07-17T18:40:00+00:00,14502.94,14503.449999999999,14496.94,14498.94,94
2026-07-17T18:45:00+00:00,14498.94,14504.449999999999,14497.94,14500.94,103
2026-07-17T18:50:00+00:00,14500.94,14509.949999999999,14500.94,14509.94,81
2026-07-17T18:55:00+00:00,14509.94,14510.44,14506.43,14507.43,85
2026-07-17T19:00:00+00:00,14507.43,14508.93,14501.44,14504.43,95
2026-07-17T19:05:00+00:00,14504.43,14504.94,14495.94,14495.94,62
2026-07-17T19:10:00+00:00,14495.94,14497.94,14492.93,14493.94,74
2026-07-17T19:15:00+00:00,14493.94,14494.949999999999,14490.93,14491.949999999999,97
2026-07-17T19:20:00+00:00,14491.949999999999,14491.949999999999,14485.949999999999,14485.949999999999,101
2026-07-17T19:25:00+00:00,14485.949999999999,14494.949999999999,14484.43,14494.449999999999,81
2026-07-17T19:30:00+00:00,14494.449999999999,14501.949999999999,14492.93,14500.93,193
2026-07-17T19:35:00+00:00,14500.93,14503.449999999999,14496.93,14497.93,117
2026-07-17T19:40:00+00:00,14497.93,14504.43,14496.94,14502.449999999999,118
2026-07-17T19:45:00+00:00,14502.449999999999,14505.949999999999,14500.93,14500.949999999999,123
2026-07-17T19:50:00+00:00,14500.949999999999,14507.949999999999,14499.93,14506.93,154
2026-07-17T19:55:00+00:00,14506.93,14511.449999999999,14500.43,14501.44,147
2026-07-17T20:00:00+00:00,14501.44,14503.949999999999,14497.949999999999,14502.93,41
2026-07-17T20:05:00+00:00,14502.93,14503.94,14493.43,14493.449999999999,42
2026-07-17T20:10:00+00:00,14493.449999999999,14496.44,14490.94,14496.44,27
2026-07-17T20:15:00+00:00,14496.44,14496.44,14489.93,14492.449999999999,32.65077720207254
2026-07-17T20:20:00+00:00,14492.449999999999,14492.949999999999,14485.94,14487.449999999999,32
2026-07-17T20:25:00+00:00,14487.449999999999,14487.94,14480.93,14481.449999999999,32
2026-07-17T20:30:00+00:00,14481.449999999999,14487.449999999999,14479.93,14487.449999999999,33
2026-07-17T20:35:00+00:00,14487.449999999999,14487.449999999999,14482.94,14484.949999999999,24
2026-07-17T20:40:00+00:00,14484.949999999999,14485.949999999999,14484.449999999999,14485.43,10
2026-07-20T01:00:00+00:00,14485.43,14502.93,14471.43,14478.91,373.14659400544963
2026-07-20T01:05:00+00:00,14478.91,14483.93,14466.91,14478.92,330
2026-07-20T01:10:00+00:00,14478.92,14491.91,14463.42,14469.93,362
2026-07-20T01:15:00+00:00,14469.93,14516.43,14464.91,14516.41,1567
2026-07-20T01:20:00+00:00,14516.41,14565.91,14510.91,14552.91,1176
2026-07-20T01:25:00+00:00,14552.91,14595.93,14537.42,14589.43,2195
2026-07-20T01:30:00+00:00,14589.43,14654.92,14554.92,14652.92,8885
2026-07-20T01:35:00+00:00,14652.92,14688.41,14645.41,14673.91,5731
2026-07-20T01:40:00+00:00,14673.91,14714.92,14660.91,14704.41,4811
2026-07-20T01:45:00+00:00,14704.41,14749.43,14688.93,14734.93,4708
2026-07-20T01:50:00+00:00,14734.93,14745.92,14702.93,14705.91,4536
2026-07-20T01:55:00+00:00,14705.91,14802.93,14705.91,14798.93,4160
2026-07-20T02:00:00+00:00,14798.93,14827.43,14757.91,14822.93,3758
2026-07-20T02:05:00+00:00,14822.93,14852.42,14812.41,14824.92,4143
2026-07-20T02:10:00+00:00,14824.92,14830.93,14788.91,14793.42,3826
2026-07-20T02:15:00+00:00,14793.42,14805.91,14770.92,14796.92,3554
2026-07-20T02:20:00+00:00,14796.92,14804.41,14748.91,14759.92,3310
2026-07-20T02:25:00+00:00,14759.92,14775.93,14700.42,14700.43,3082
2026-07-20T02:30:00+00:00,14700.43,14741.42,14688.41,14722.91,3528
2026-07-20T02:35:00+00:00,14722.91,14740.93,14689.41,14740.93,3858
2026-07-20T02:40:00+00:00,14740.93,14806.92,14735.92,14802.43,3237
2026-07-20T02:45:00+00:00,14802.43,14838.42,14801.93,14820.92,2930
2026-07-20T02:50:00+00:00,14820.92,14852.91,14813.42,14816.93,2756
2026-07-20T02:55:00+00:00,14816.93,14846.92,14816.41,14839.93,2324
2026-07-20T03:00:00+00:00,14839.93,14860.43,14815.91,14855.92,2527
2026-07-20T03:05:00+00:00,14855.92,14858.43,14821.91,14843.43,2665
2026-07-20T03:10:00+00:00,14843.43,14860.41,14823.93,14831.41,3117
2026-07-20T03:15:00+00:00,14831.41,14844.92,14808.91,14808.91,2363
2026-07-20T03:20:00+00:00,14808.91,14843.41,14797.41,14840.42,2332
2026-07-20T03:25:00+00:00,14840.42,14852.93,14812.91,14834.41,2114
2026-07-20T03:30:00+00:00,14834.41,14850.43,14821.43,14823.91,763
2026-07-20T03:35:00+00:00,14823.91,14825.91,14817.91,14822.92,453
2026-07-20T03:40:00+00:00,14822.92,14822.93,14811.92,14814.41,452
2026-07-20T03:45:00+00:00,14814.41,14814.93,14804.91,14805.92,350
2026-07-20T03:50:00+00:00,14805.92,14811.93,14804.92,14810.93,334
2026-07-20T03:55:00+00:00,14810.93,14811.93,14796.91,14805.91,348
2026-07-20T04:00:00+00:00,14805.91,14813.42,14802.92,14812.43,216
2026-07-20T04:05:00+00:00,14812.43,14812.43,14801.91,14803.93,153
2026-07-20T04:10:00+00:00,14803.93,14805.43,14796.42,14800.42,137
2026-07-20T04:15:00+00:00,14800.42,14809.93,14796.93,14807.42,184
2026-07-20T04:20:00+00:00,14807.42,14807.92,14799.92,14805.43,140
2026-07-20T04:25:00+00:00,14805.43,14811.43,14804.91,14809.41,119
2026-07-20T04:30:00+00:00,14809.41,14832.93,14809.41,14827.42,243
2026-07-20T04:35:00+00:00,14827.42,14829.93,14822.42,14828.41,158
2026-07-20T04:40:00+00:00,14828.41,14839.93,14824.43,14834.91,159
2026-07-20T04:45:00+00:00,14834.91,14845.41,14832.91,14844.91,133
2026-07-20T04:50:00+00:00,14844.91,14854.42,14840.92,14850.91,147
2026-07-20T04:55:00+00:00,14850.91,14853.93,14832.43,14832.92,291
2026-07-20T05:00:00+00:00,14832.92,14853.43,14799.42,14829.43,3930
2026-07-20T05:05:00+00:00,14829.43,14831.93,14786.92,14801.42,2744
2026-07-20T05:10:00+00:00,14801.42,14811.93,14758.91,14780.92,2589
2026-07-20T05:15:00+00:00,14780.92,14786.92,14745.91,14776.92,2431
2026-07-20T05:20:00+00:00,14776.92,14777.93,14741.92,14751.91,2295
2026-07-20T05:25:00+00:00,14751.91,14762.42,14726.92,14729.92,2324
2026-07-20T05:30:00+00:00,14729.92,14744.93,14724.91,14736.43,2577
2026-07-20T05:35:00+00:00,14736.43,14743.91,14691.41,14693.42,2864
2026-07-20T05:40:00+00:00,14693.42,14748.43,14676.41,14678.42,3405
2026-07-20T05:45:00+00:00,14678.42,14735.42,14657.92,14709.42,4056
2026-07-20T05:50:00+00:00,14709.42,14733.43,14650.41,14664.42,3847
2026-07-20T05:55:00+00:00,14664.42,14683.43,14643.92,14663.43,3626
2026-07-20T06:00:00+00:00,14663.43,14733.91,14638.92,14720.91,4961
2026-07-20T06:05:00+00:00,14720.91,14744.43,14668.41,14668.41,4130
2026-07-20T06:10:00+00:00,14668.41,14687.43,14642.92,14656.42,4089
2026-07-20T06:15:00+00:00,14656.42,14681.43,14638.42,14660.91,3685
2026-07-20T06:20:00+00:00,14660.91,14670.93,14585.91,14586.41,3245
2026-07-20T06:25:00+00:00,14586.41,14690.93,14581.93,14650.93,4336
2026-07-20T06:30:00+00:00,14650.93,14666.91,14605.92,14633.42,3879
2026-07-20T06:35:00+00:00,14633.42,14673.91,14631.91,14659.41,4858
2026-07-20T06:40:00+00:00,14659.41,14765.93,14659.41,14765.93,4865
2026-07-20T06:45:00+00:00,14765.93,14816.92,14755.91,14802.42,3889
2026-07-20T06:50:00+00:00,14802.42,14836.41,14799.93,14805.91,3823
2026-07-20T06:55:00+00:00,14805.91,14811.43,14783.41,14790.42,2224
2026-07-20T07:00:00+00:00,14790.42,14801.41,14762.91,14794.92,1515
2026-07-20T07:05:00+00:00,14794.92,14795.93,14783.41,14789.42,582
2026-07-20T07:10:00+00:00,14789.42,14790.91,14776.41,14779.41,622
2026-07-20T07:15:00+00:00,14779.41,14787.93,14777.91,14785.91,352
2026-07-20T07:20:00+00:00,14785.91,14801.41,14784.41,14791.43,292
2026-07-20T07:25:00+00:00,14791.43,14796.93,14786.92,14795.91,299
2026-07-20T07:30:00+00:00,14795.91,14805.91,14795.91,14805.41,274
2026-07-20T07:35:00+00:00,14805.41,14808.91,14796.93,14796.93,210
2026-07-20T07:40:00+00:00,14796.93,14804.41,14795.93,14798.93,186
2026-07-20T07:45:00+00:00,14798.93,14801.93,14790.91,14790.91,203
2026-07-20T07:50:00+00:00,14790.91,14799.43,14790.91,14798.92,183
2026-07-20T07:55:00+00:00,14798.92,14804.43,14797.42,14800.92,266
2026-07-20T08:00:00+00:00,14800.92,14810.42,14797.41,14797.41,271
2026-07-20T08:05:00+00:00,14797.41,14804.92,14789.91,14801.91,244
2026-07-20T08:10:00+00:00,14801.91,14804.91,14796.41,14797.41,210
2026-07-20T08:15:00+00:00,14797.41,14805.43,14797.41,14797.93,136
2026-07-20T08:20:00+00:00,14797.93,14803.43,14795.93,14799.93,85
2026-07-20T08:25:00+00:00,14799.93,14814.42,14797.41,14810.91,316
2026-07-20T09:00:00+00:00,14810.91,14810.91,14774.42,14778.41,408
2026-07-20T09:05:00+00:00,14778.41,14780.43,14776.92,14780.41,91
2026-07-20T09:10:00+00:00,14780.41,14783.42,14779.91,14781.42,81
2026-07-20T09:15:00+00:00,14781.42,14792.42,14781.41,14781.41,101
2026-07-20T09:20:00+00:00,14781.41,14785.93,14781.41,14785.93,77
2026-07-20T09:25:00+00:00,14785.93,14788.92,14784.92,14785.93,61
2026-07-20T09:30:00+00:00,14785.93,14793.91,14784.93,14793.41,105
2026-07-20T09:35:00+00:00,14793.41,14809.93,14792.41,14808.92,129
2026-07-20T09:40:00+00:00,14808.92,14820.92,14807.41,14819.43,87
2026-07-20T09:45:00+00:00,14819.43,14826.41,14812.41,14812.41,64
2026-07-20T09:50:00+00:00,14812.41,14812.41,14806.93,14807.93,76
2026-07-20T09:55:00+00:00,14807.93,14807.93,14797.42,14800.93,75
2026-07-20T10:00:00+00:00,14800.93,14801.43,14792.92,14793.92,82
2026-07-20T10:05:00+00:00,14793.92,14797.41,14789.92,14796.92,47
2026-07-20T10:10:00+00:00,14796.92,14796.92,14792.92,14792.93,41
2026-07-20T10:15:00+00:00,14792.93,14795.93,14790.91,14795.43,73
2026-07-20T10:20:00+00:00,14795.43,14799.43,14795.42,14796.41,51
2026-07-20T10:25:00+00:00,14796.41,14798.41,14794.91,14795.91,68
2026-07-20T10:30:00+00:00,14795.91,14797.42,14791.41,14792.42,76
2026-07-20T10:35:00+00:00,14792.42,14792.42,14787.93,14790.92,89
2026-07-20T10:40:00+00:00,14790.92,14791.92,14787.92,14791.91,67
2026-07-20T10:45:00+00:00,14791.91,14794.43,14790.41,14791.91,61
2026-07-20T10:50:00+00:00,14791.91,14793.93,14789.41,14793.93,49
2026-07-20T10:55:00+00:00,14793.93,14793.93,14788.91,14788.92,47
2026-07-20T11:00:00+00:00,14788.92,14797.93,14788.92,14797.41,137
2026-07-20T11:05:00+00:00,14797.41,14798.42,14793.92,14793.92,63
2026-07-20T11:10:00+00:00,14793.92,14797.92,14792.91,14796.91,52
2026-07-20T11:15:00+00:00,14796.91,14797.92,14793.91,14796.93,54
2026-07-20T11:20:00+00:00,14796.93,14797.91,14790.43,14791.91,33
2026-07-20T11:25:00+00:00,14791.91,14791.93,14790.41,14791.42,27
2026-07-20T11:30:00+00:00,14791.42,14828.93,14790.92,14820.91,1103
2026-07-20T11:35:00+00:00,14820.91,14820.91,14810.41,14810.93,279
2026-07-20T11:40:00+00:00,14810.93,14814.92,14806.93,14808.92,170
2026-07-20T11:45:00+00:00,14808.92,14809.43,14803.92,14803.93,103
2026-07-20T11:50:00+00:00,14803.93,14804.93,14798.42,14804.93,112
2026-07-20T11:55:00+00:00,14804.93,14805.93,14801.91,14802.92,76
2026-07-20T12:00:00+00:00,14802.92,14803.42,14780.91,14787.92,513
2026-07-20T12:05:00+00:00,14787.92,14791.43,14784.91,14788.91,205
2026-07-20T12:10:00+00:00,14788.91,14789.93,14785.91,14788.93,144
2026-07-20T12:15:00+00:00,14788.93,14788.93,14784.41,14784.93,99
2026-07-20T12:20:00+00:00,14784.93,14785.93,14782.41,14784.92,105
2026-07-20T12:25:00+00:00,14784.92,14789.91,14784.41,14789.91,49
2026-07-20T12:30:00+00:00,14789.91,14791.93,14785.92,14788.92,110
2026-07-20T12:35:00+00:00,14788.92,14790.43,14787.91,14789.43,41
2026-07-20T12:40:00+00:00,14789.43,14791.43,14785.41,14785.92,85
2026-07-20T12:45:00+00:00,14785.92,14793.93,14784.92,14793.91,90
2026-07-20T12:50:00+00:00,14793.91,14793.91,14785.92,14785.92,89
2026-07-20T12:55:00+00:00,14785.92,14788.43,14784.91,14787.93,67
2026-07-20T13:00:00+00:00,14787.93,14790.91,14786.91,14787.92,117
2026-07-20T13:05:00+00:00,14787.92,14787.92,14784.92,14786.93,67
2026-07-20T13:10:00+00:00,14786.93,14790.93,14784.42,14784.93,43
2026-07-20T13:15:00+00:00,14784.93,14787.42,14783.91,14786.92,57
2026-07-20T13:20:00+00:00,14786.92,14796.42,14786.92,14796.42,49
2026-07-20T13:25:00+00:00,14796.42,14799.92,14794.91,14799.92,98
2026-07-20T13:30:00+00:00,14799.92,14814.92,14798.91,14800.43,441
2026-07-20T13:35:00+00:00,14800.43,14810.92,14798.92,14807.91,220
2026-07-20T13:40:00+00:00,14807.91,14815.92,14807.42,14812.92,208
2026-07-20T13:45:00+00:00,14812.92,14824.43,14809.92,14822.92,239
2026-07-20T13:50:00+00:00,14822.92,14828.43,14817.91,14822.93,304
2026-07-20T13:55:00+00:00,14822.93,14823.92,14817.91,14821.93,262
2026-07-20T14:00:00+00:00,14821.93,14828.93,14817.41,14821.93,335
2026-07-20T14:05:00+00:00,14821.93,14829.92,14821.91,14823.92,250
2026-07-20T14:10:00+00:00,14823.92,14823.92,14811.91,14820.42,318
2026-07-20T14:15:00+00:00,14820.42,14827.93,14818.92,14822.93,219
2026-07-20T14:20:00+00:00,14822.93,14829.93,14816.92,14828.92,255
2026-07-20T14:25:00+00:00,14828.92,14837.93,14827.91,14837.91,248
2026-07-20T14:30:00+00:00,14837.91,14839.43,14830.42,14834.93,249
2026-07-20T14:35:00+00:00,14834.93,14834.93,14826.92,14830.93,283
2026-07-20T14:40:00+00:00,14830.93,14838.92,14830.93,14833.92,257
2026-07-20T14:45:00+00:00,14833.92,14838.91,14829.93,14832.93,232
2026-07-20T14:50:00+00:00,14832.93,14834.93,14825.91,14829.91,220
2026-07-20T14:55:00+00:00,14829.91,14830.92,14821.91,14826.43,271
2026-07-20T15:00:00+00:00,14826.43,14832.93,14820.91,14829.93,246
2026-07-20T15:05:00+00:00,14829.93,14843.92,14821.92,14842.92,311
2026-07-20T15:10:00+00:00,14842.92,14842.93,14834.91,14838.43,265
2026-07-20T15:15:00+00:00,14838.43,14848.43,14837.91,14842.91,158
2026-07-20T15:20:00+00:00,14842.91,14846.93,14837.92,14841.93,161
2026-07-20T15:25:00+00:00,14841.93,14849.93,14840.92,14848.92,178
2026-07-20T15:30:00+00:00,14848.92,14850.93,14846.91,14849.91,202
2026-07-20T15:35:00+00:00,14849.91,14851.92,14846.41,14847.92,141
2026-07-20T15:40:00+00:00,14847.92,14851.41,14846.41,14851.41,150
2026-07-20T15:45:00+00:00,14851.41,14865.93,14848.93,14863.91,184
2026-07-20T15:50:00+00:00,14863.91,14865.91,14859.91,14863.91,143
2026-07-20T15:55:00+00:00,14863.91,14866.91,14862.91,14863.91,84
2026-07-20T16:00:00+00:00,14863.91,14866.42,14858.91,14864.92,132
2026-07-20T16:05:00+00:00,14864.92,14866.93,14862.92,14863.42,133
2026-07-20T16:10:00+00:00,14863.42,14865.91,14858.91,14860.93,92
2026-07-20T16:15:00+00:00,14860.93,14863.93,14859.91,14863.92,91
2026-07-20T16:20:00+00:00,14863.92,14863.93,14859.91,14860.91,84
2026-07-20T16:25:00+00:00,14860.91,14862.43,14857.91,14862.43,128
2026-07-20T16:30:00+00:00,14862.43,14863.42,14855.91,14856.93,113
2026-07-20T16:35:00+00:00,14856.93,14858.93,14854.43,14858.91,141
2026-07-20T16:40:00+00:00,14858.91,14859.92,14842.41,14846.91,463
2026-07-20T16:45:00+00:00,14846.91,14852.41,14845.91,14851.42,147
2026-07-20T16:50:00+00:00,14851.42,14854.91,14850.41,14850.91,137
2026-07-20T16:55:00+00:00,14850.91,14850.93,14845.43,14847.93,174
2026-07-20T17:00:00+00:00,14847.93,14848.92,14841.91,14842.93,164
2026-07-20T17:05:00+00:00,14842.93,14843.93,14837.91,14842.93,155
2026-07-20T17:10:00+00:00,14842.93,14843.93,14836.91,14838.92,101
2026-07-20T17:15:00+00:00,14838.92,14841.93,14836.42,14838.92,129
2026-07-20T17:20:00+00:00,14838.92,14840.93,14836.91,14836.91,95
2026-07-20T17:25:00+00:00,14836.91,14838.93,14833.91,14835.42,112
2026-07-20T17:30:00+00:00,14835.42,14837.92,14832.91,14835.41,113
2026-07-20T17:35:00+00:00,14835.41,14838.42,14834.42,14834.92,93
2026-07-20T17:40:00+00:00,14834.92,14834.92,14829.42,14830.92,92
2026-07-20T17:45:00+00:00,14830.92,14836.91,14829.91,14836.43,93
2026-07-20T17:50:00+00:00,14836.43,14840.93,14834.92,14839.93,76
2026-07-20T17:55:00+00:00,14839.93,14842.93,14836.41,14837.92,81
2026-07-20T18:00:00+00:00,14837.92,14841.93,14837.91,14838.93,117
2026-07-20T18:05:00+00:00,14838.93,14841.91,14836.92,14841.91,78
2026-07-20T18:10:00+00:00,14841.91,14845.93,14841.91,14842.92,64
2026-07-20T18:15:00+00:00,14842.92,14846.91,14841.91,14842.92,80
2026-07-20T18:20:00+00:00,14842.92,14842.92,14831.42,14831.42,161
2026-07-20T18:25:00+00:00,14831.42,14835.92,14829.91,14833.42,116
2026-07-20T18:30:00+00:00,14833.42,14833.93,14824.42,14824.93,154
2026-07-20T18:35:00+00:00,14824.93,14831.92,14824.42,14825.91,159
2026-07-20T18:40:00+00:00,14825.91,14827.93,14821.91,14821.93,131
2026-07-20T18:45:00+00:00,14821.93,14824.92,14820.91,14822.93,167
2026-07-20T18:50:00+00:00,14822.93,14825.93,14820.91,14824.93,134
2026-07-20T18:55:00+00:00,14824.93,14824.93,14819.93,14820.43,115
2026-07-20T19:00:00+00:00,14820.43,14824.93,14815.91,14817.93,90
2026-07-20T19:05:00+00:00,14817.93,14818.93,14813.91,14816.92,121
2026-07-20T19:10:00+00:00,14816.92,14819.93,14807.91,14807.91,101
2026-07-20T19:15:00+00:00,14807.91,14813.91,14806.93,14811.43,107
2026-07-20T19:20:00+00:00,14811.43,14814.93,14809.93,14813.92,143
2026-07-20T19:25:00+00:00,14813.92,14822.41,14811.91,14819.93,126
2026-07-20T19:30:00+00:00,14819.93,14822.93,14817.41,14817.92,260
2026-07-20T19:35:00+00:00,14817.92,14820.93,14813.91,14819.91,122
2026-07-20T19:40:00+00:00,14819.91,14821.93,14816.91,14818.92,157
2026-07-20T19:45:00+00:00,14818.92,14821.91,14816.91,14821.91,104
2026-07-20T19:50:00+00:00,14821.91,14821.91,14809.92,14812.42,139
2026-07-20T19:55:00+00:00,14812.42,14813.91,14803.92,14807.41,140
2026-07-20T20:00:00+00:00,14807.41,14811.92,14803.41,14803.41,44
2026-07-20T20:05:00+00:00,14803.41,14803.43,14800.92,14802.43,16
2026-07-20T20:10:00+00:00,14802.43,14804.91,14802.43,14803.41,10.930844793713163
2026-07-20T20:15:00+00:00,14803.41,14804.41,14802.92,14804.41,9
2026-07-20T20:20:00+00:00,14804.41,14804.43,14803.91,14803.91,15.846778194518864
2026-07-20T20:25:00+00:00,14803.91,14803.91,14800.91,14801.42,18
2026-07-20T20:30:00+00:00,14801.42,14801.43,14800.91,14801.41,9.420884389984018
2026-07-20T20:35:00+00:00,14801.41,14803.42,14801.41,14803.42,8
2026-07-20T20:40:00+00:00,14803.42,14803.43,14801.91,14802.42,13.69838765496187
2026-07-21T01:00:00+00:00,14802.42,14829.91,14802.42,14812.91,400.6197822141561
2026-07-21T01:05:00+00:00,14812.91,14839.42,14812.42,14828.91,390
2026-07-21T01:10:00+00:00,14828.91,14845.41,14827.91,14841.41,527
2026-07-21T01:15:00+00:00,14841.41,14919.93,14834.92,14911.92,1472
2026-07-21T01:20:00+00:00,14911.92,14946.42,14890.92,14923.41,1157
2026-07-21T01:25:00+00:00,14923.41,14923.43,14864.43,14886.42,1585
2026-07-21T01:30:00+00:00,14886.42,14927.92,14848.41,14900.91,7557
2026-07-21T01:35:00+00:00,14900.91,14932.41,14882.91,14911.93,4943
2026-07-21T01:40:00+00:00,14911.93,14958.41,14901.91,14951.93,5432
2026-07-21T01:45:00+00:00,14951.93,14964.91,14922.41,14944.91,4291
2026-07-21T01:50:00+00:00,14944.91,14953.93,14920.91,14938.92,4250
2026-07-21T01:55:00+00:00,14938.92,14952.42,14903.91,14924.93,4076
2026-07-21T02:00:00+00:00,14924.93,14929.43,14881.92,14894.91,4337
2026-07-21T02:05:00+00:00,14894.91,14920.43,14871.43,14874.93,4395
2026-07-21T02:10:00+00:00,14874.93,14905.43,14852.42,14898.42,5250
2026-07-21T02:15:00+00:00,14898.42,14916.41,14882.42,14896.92,4115
2026-07-21T02:20:00+00:00,14896.92,14979.42,14887.93,14979.41,4210
2026-07-21T02:25:00+00:00,14979.41,15006.93,14960.42,14989.93,4150
2026-07-21T02:30:00+00:00,14989.93,15029.41,14979.91,15002.43,3952
2026-07-21T02:35:00+00:00,15002.43,15027.43,14987.42,14998.91,3564
2026-07-21T02:40:00+00:00,14998.91,15004.93,14972.41,14992.92,3760
2026-07-21T02:45:00+00:00,14992.92,15028.42,14974.41,15023.41,3005
2026-07-21T02:50:00+00:00,15023.41,15037.93,14985.93,15017.93,3079
2026-07-21T02:55:00+00:00,15017.93,15039.42,15013.91,15023.91,2906
2026-07-21T03:00:00+00:00,15023.91,15050.92,15021.41,15038.43,2958
2026-07-21T03:05:00+00:00,15038.43,15072.43,15036.42,15047.43,3426
2026-07-21T03:10:00+00:00,15047.43,15063.92,15022.92,15028.93,3082
2026-07-21T03:15:00+00:00,15028.93,15051.91,15018.42,15024.42,3025
2026-07-21T03:20:00+00:00,15024.42,15026.93,14958.41,14989.92,3333
2026-07-21T03:25:00+00:00,14989.92,15030.42,14984.93,15012.93,2140
2026-07-21T03:30:00+00:00,15012.93,15035.42,14999.43,15032.43,448
2026-07-21T03:35:00+00:00,15032.43,15041.43,15026.92,15034.93,277
2026-07-21T03:40:00+00:00,15034.93,15036.93,15029.42,15031.43,196
2026-07-21T03:45:00+00:00,15031.43,15039.92,15031.42,15039.42,157
2026-07-21T03:50:00+00:00,15039.42,15044.41,15037.41,15039.42,201
2026-07-21T03:55:00+00:00,15039.42,15039.42,15032.43,15036.92,122
2026-07-21T04:00:00+00:00,15036.92,15036.92,15025.41,15027.41,123
2026-07-21T04:05:00+00:00,15027.41,15036.41,15025.92,15031.93,93
2026-07-21T04:10:00+00:00,15031.93,15032.93,15024.41,15024.92,108
2026-07-21T04:15:00+00:00,15024.92,15031.43,15023.92,15026.43,123
2026-07-21T04:20:00+00:00,15026.43,15028.93,15024.43,15026.43,93
2026-07-21T04:25:00+00:00,15026.43,15029.41,15024.41,15024.41,97
2026-07-21T04:30:00+00:00,15024.41,15031.43,15024.41,15025.42,154
2026-07-21T04:35:00+00:00,15025.42,15033.43,15025.42,15030.91,157
2026-07-21T04:40:00+00:00,15030.91,15033.43,15026.93,15030.41,101
2026-07-21T04:45:00+00:00,15030.41,15033.93,15028.43,15032.42,102
2026-07-21T04:50:00+00:00,15032.42,15034.91,15025.93,15026.42,95
2026-07-21T04:55:00+00:00,15026.42,15026.93,15022.42,15023.41,95
2026-07-21T05:00:00+00:00,15023.41,15090.93,15023.41,15084.91,3418
2026-07-21T05:05:00+00:00,15084.91,15092.43,15041.42,15050.42,2589
2026-07-21T05:10:00+00:00,15050.42,15060.92,15027.93,15039.42,2274
2026-07-21T05:15:00+00:00,15039.42,15050.43,14999.41,15015.92,2700
2026-07-21T05:20:00+00:00,15015.92,15036.42,15008.92,15027.41,2187
2026-07-21T05:25:00+00:00,15027.41,15078.43,15026.93,15061.43,2026
2026-07-21T05:30:00+00:00,15061.43,15071.93,15052.91,15068.92,1890
2026-07-21T05:35:00+00:00,15068.92,15088.42,15060.41,15085.93,1890
2026-07-21T05:40:00+00:00,15085.93,15126.42,15085.43,15115.42,1536
2026-07-21T05:45:00+00:00,15115.42,15137.42,15098.41,15137.42,1553
2026-07-21T05:50:00+00:00,15137.42,15159.92,15133.91,15147.41,1431
2026-07-21T05:55:00+00:00,15147.41,15162.42,15127.41,15137.43,1671
2026-07-21T06:00:00+00:00,15137.43,15169.43,15135.42,15163.43,1368
2026-07-21T06:05:00+00:00,15163.43,15185.92,15158.41,15179.92,1235
2026-07-21T06:10:00+00:00,15179.92,15188.93,15159.91,15182.42,1354
2026-07-21T06:15:00+00:00,15182.42,15185.93,15161.41,15175.41,1116
2026-07-21T06:20:00+00:00,15175.41,15184.93,15163.91,15176.42,1176
2026-07-21T06:25:00+00:00,15176.42,15180.93,15154.41,15162.93,1271
2026-07-21T06:30:00+00:00,15162.93,15172.93,15153.41,15161.93,1380
2026-07-21T06:35:00+00:00,15161.93,15184.93,15160.41,15171.42,1577
2026-07-21T06:40:00+00:00,15171.42,15178.41,15163.91,15173.43,1214
2026-07-21T06:45:00+00:00,15173.43,15187.93,15130.42,15133.91,1655
2026-07-21T06:50:00+00:00,15133.91,15139.92,15127.41,15128.92,1353
2026-07-21T06:55:00+00:00,15128.92,15167.43,15126.91,15165.43,1470
2026-07-21T07:00:00+00:00,15165.43,15174.92,15158.43,15163.92,594
2026-07-21T07:05:00+00:00,15163.92,15172.43,15159.42,15163.42,321
2026-07-21T07:10:00+00:00,15163.42,15166.93,15162.41,15163.91,268
2026-07-21T07:15:00+00:00,15163.91,15167.43,15160.43,15164.42,217
2026-07-21T07:20:00+00:00,15164.42,15166.42,15158.92,15159.43,222
2026-07-21T07:25:00+00:00,15159.43,15160.43,15154.42,15156.42,207
2026-07-21T07:30:00+00:00,15156.42,15156.42,15146.43,15149.43,150
2026-07-21T07:35:00+00:00,15149.43,15151.43,15144.43,15145.41,153
2026-07-21T07:40:00+00:00,15145.41,15149.92,15140.42,15141.43,171
2026-07-21T07:45:00+00:00,15141.43,15142.42,15136.91,15139.93,131
2026-07-21T07:50:00+00:00,15139.93,15140.43,15131.43,15134.91,226
2026-07-21T07:55:00+00:00,15134.91,15143.41,15134.41,15139.93,143
2026-07-21T08:00:00+00:00,15139.93,15143.41,15133.42,15139.42,265
2026-07-21T08:05:00+00:00,15139.42,15139.91,15131.41,15136.43,312
2026-07-21T08:10:00+00:00,15136.43,15140.43,15133.92,15139.42,133
2026-07-21T08:15:00+00:00,15139.42,15141.41,15137.41,15139.42,92
2026-07-21T08:20:00+00:00,15139.42,15143.93,15136.42,15139.41,112
2026-07-21T08:25:00+00:00,15139.41,15146.42,15136.93,15146.42,209
2026-07-21T09:00:00+00:00,15146.42,15152.91,15120.93,15146.92,247
2026-07-21T09:05:00+00:00,15146.92,15147.43,15139.42,15140.92,71
2026-07-21T09:10:00+00:00,15140.92,15147.93,15138.91,15141.41,74
2026-07-21T09:15:00+00:00,15141.41,15146.92,15140.43,15143.92,40
2026-07-21T09:20:00+00:00,15143.92,15148.91,15138.43,15139.92,44
2026-07-21T09:25:00+00:00,15139.92,15141.41,15131.91,15133.41,68
2026-07-21T09:30:00+00:00,15133.41,15139.42,15132.42,15132.42,98
2026-07-21T09:35:00+00:00,15132.42,15134.93,15130.41,15131.42,85
2026-07-21T09:40:00+00:00,15131.42,15131.43,15127.93,15130.43,46
2026-07-21T09:45:00+00:00,15130.43,15136.92,15128.92,15134.43,61
2026-07-21T09:50:00+00:00,15134.43,15135.93,15131.91,15135.92,46
2026-07-21T09:55:00+00:00,15135.92,15136.43,15130.41,15131.93,61
2026-07-21T10:00:00+00:00,15131.93,15136.43,15126.92,15129.93,118
2026-07-21T10:05:00+00:00,15129.93,15130.93,15122.41,15130.92,116
2026-07-21T10:10:00+00:00,15130.92,15138.43,15128.42,15132.41,147
2026-07-21T10:15:00+00:00,15132.41,15133.42,15128.91,15129.91,58
2026-07-21T10:20:00+00:00,15129.91,15129.92,15121.43,15121.43,59
2026-07-21T10:25:00+00:00,15121.43,15127.43,15121.43,15123.93,101
2026-07-21T10:30:00+00:00,15123.93,15131.42,15123.93,15128.93,37
2026-07-21T10:35:00+00:00,15128.93,15131.91,15126.91,15126.92,63
2026-07-21T10:40:00+00:00,15126.92,15127.93,15122.91,15127.43,57
2026-07-21T10:45:00+00:00,15127.43,15129.43,15123.43,15128.43,84
2026-07-21T10:50:00+00:00,15128.43,15128.43,15124.41,15125.43,59
2026-07-21T10:55:00+00:00,15125.43,15125.43,15120.41,15122.41,71
2026-07-21T11:00:00+00:00,15122.41,15124.92,15116.91,15118.92,107
2026-07-21T11:05:00+00:00,15118.92,15121.42,15116.41,15118.92,63
2026-07-21T11:10:00+00:00,15118.92,15120.41,15115.93,15118.91,46
2026-07-21T11:15:00+00:00,15118.91,15122.43,15117.41,15118.41,81
2026-07-21T11:20:00+00:00,15118.41,15125.93,15116.92,15125.43,75
2026-07-21T11:25:00+00:00,15125.43,15125.43,15121.92,15124.41,68
2026-07-21T11:30:00+00:00,15124.41,15127.42,15121.42,15121.92,67
2026-07-21T11:35:00+00:00,15121.92,15128.92,15121.92,15127.42,54
2026-07-21T11:40:00+00:00,15127.42,15128.93,15122.91,15124.93,62
2026-07-21T11:45:00+00:00,15124.93,15125.93,15121.91,15123.92,77
2026-07-21T11:50:00+00:00,15123.92,15123.92,15116.92,15117.41,54
2026-07-21T11:55:00+00:00,15117.41,15118.92,15112.43,15117.93,109
2026-07-21T12:00:00+00:00,15117.93,15128.41,15117.93,15123.92,124
2026-07-21T12:05:00+00:00,15123.92,15128.93,15121.93,15122.41,105
2026-07-21T12:10:00+00:00,15122.41,15122.43,15119.42,15122.42,108
2026-07-21T12:15:00+00:00,15122.42,15123.42,15113.43,15116.92,288
2026-07-21T12:20:00+00:00,15116.92,15120.43,15114.92,15120.43,69
2026-07-21T12:25:00+00:00,15120.43,15120.43,15113.43,15115.41,66
2026-07-21T12:30:00+00:00,15115.41,15119.41,15114.41,15118.43,56
2026-07-21T12:35:00+00:00,15118.43,15120.92,15114.91,15115.91,74
2026-07-21T12:40:00+00:00,15115.91,15115.91,15106.92,15112.42,129
2026-07-21T12:45:00+00:00,15112.42,15128.93,15112.41,15128.43,97
2026-07-21T12:50:00+00:00,15128.43,15129.42,15124.43,15125.92,99
2026-07-21T12:55:00+00:00,15125.92,15126.43,15122.41,15125.41,76
2026-07-21T13:00:00+00:00,15125.41,15126.43,15122.42,15124.92,108
2026-07-21T13:05:00+00:00,15124.92,15132.91,15124.92,15126.92,74
2026-07-21T13:10:00+00:00,15126.92,15129.43,15125.41,15127.43,67
2026-07-21T13:15:00+00:00,15127.43,15127.43,15124.43,15124.43,41
2026-07-21T13:20:00+00:00,15124.43,15128.43,15124.43,15128.41,51
2026-07-21T13:25:00+00:00,15128.41,15129.93,15126.41,15127.41,125
2026-07-21T13:30:00+00:00,15127.41,15140.43,15127.41,15127.43,450
2026-07-21T13:35:00+00:00,15127.43,15138.42,15118.92,15123.42,326
2026-07-21T13:40:00+00:00,15123.42,15123.42,15105.43,15108.91,473
2026-07-21T13:45:00+00:00,15108.91,15122.43,15106.41,15122.43,612
2026-07-21T13:50:00+00:00,15122.43,15132.42,15118.91,15130.43,328
2026-07-21T13:55:00+00:00,15130.43,15133.42,15126.41,15130.42,217
2026-07-21T14:00:00+00:00,15130.42,15135.42,15128.43,15132.43,249
2026-07-21T14:05:00+00:00,15132.43,15137.41,15127.41,15131.43,208
2026-07-21T14:10:00+00:00,15131.43,15140.43,15131.43,15139.42,229
2026-07-21T14:15:00+00:00,15139.42,15140.43,15131.91,15137.43,221
2026-07-21T14:20:00+00:00,15137.43,15147.43,15137.41,15145.42,247
2026-07-21T14:25:00+00:00,15145.42,15154.43,15145.42,15151.41,191
2026-07-21T14:30:00+00:00,15151.41,15157.43,15148.93,15148.93,165
2026-07-21T14:35:00+00:00,15148.93,15150.43,15143.41,15145.41,112
2026-07-21T14:40:00+00:00,15145.41,15150.93,15144.41,15148.43,133
2026-07-21T14:45:00+00:00,15148.43,15159.43,15148.43,15153.41,201
2026-07-21T14:50:00+00:00,15153.41,15153.93,15151.41,15152.93,119
2026-07-21T14:55:00+00:00,15152.93,15153.42,15146.41,15151.43,129
2026-07-21T15:00:00+00:00,15151.43,15155.43,15149.91,15154.41,136
2026-07-21T15:05:00+00:00,15154.41,15156.42,15150.91,15152.93,137
2026-07-21T15:10:00+00:00,15152.93,15154.43,15151.41,15154.42,75
2026-07-21T15:15:00+00:00,15154.42,15156.43,15153.42,15155.93,84
2026-07-21T15:20:00+00:00,15155.93,15160.42,15153.41,15158.43,151
2026-07-21T15:25:00+00:00,15158.43,15162.43,15158.41,15162.42,89
2026-07-21T15:30:00+00:00,15162.42,15163.42,15157.42,15161.91,171
2026-07-21T15:35:00+00:00,15161.91,15163.43,15158.43,15159.92,111
2026-07-21T15:40:00+00:00,15159.92,15162.43,15156.41,15156.41,77
2026-07-21T15:45:00+00:00,15156.41,15159.93,15155.41,15159.93,79
2026-07-21T15:50:00+00:00,15159.93,15162.43,15159.43,15159.91,72
2026-07-21T15:55:00+00:00,15159.91,15160.91,15151.41,15152.93,97
2026-07-21T16:00:00+00:00,15152.93,15157.91,15151.41,15157.91,41
2026-07-21T16:05:00+00:00,15157.91,15161.42,15156.91,15159.41,44
2026-07-21T16:10:00+00:00,15159.41,15160.43,15159.41,15160.43,51
2026-07-21T16:15:00+00:00,15160.43,15161.43,15159.91,15160.43,36
2026-07-21T16:20:00+00:00,15160.43,15163.43,15160.43,15163.41,16
2026-07-21T16:25:00+00:00,15163.41,15163.92,15159.41,15161.43,53
2026-07-21T16:30:00+00:00,15161.43,15162.43,15158.91,15158.91,46
2026-07-21T16:35:00+00:00,15158.91,15162.42,15158.41,15162.41,46
2026-07-21T16:40:00+00:00,15162.41,15162.42,15159.43,15161.43,56
2026-07-21T16:45:00+00:00,15161.43,15161.43,15159.41,15159.41,50
2026-07-21T16:50:00+00:00,15159.41,15164.42,15159.41,15162.92,49
2026-07-21T16:55:00+00:00,15162.92,15163.43,15158.42,15159.41,44
2026-07-21T17:00:00+00:00,15159.41,15163.43,15159.41,15162.43,41
2026-07-21T17:05:00+00:00,15162.43,15163.43,15160.41,15160.43,42
2026-07-21T17:10:00+00:00,15160.43,15161.43,15158.42,15159.41,49
2026-07-21T17:15:00+00:00,15159.41,15160.91,15155.92,15156.43,43
2026-07-21T17:20:00+00:00,15156.43,15157.92,15155.91,15157.43,44
2026-07-21T17:25:00+00:00,15157.43,15157.43,15154.41,15154.93,37
2026-07-21T17:30:00+00:00,15154.93,15156.43,15153.41,15153.41,65
2026-07-21T17:35:00+00:00,15153.41,15156.43,15153.41,15155.43,39
2026-07-21T17:40:00+00:00,15155.43,15156.43,15154.41,15156.43,44
2026-07-21T17:45:00+00:00,15156.43,15157.42,15155.41,15157.42,33.45366079703429
2026-07-21T17:50:00+00:00,15157.42,15158.43,15156.42,15157.42,31
2026-07-21T17:55:00+00:00,15157.42,15157.43,15155.43,15157.41,43
2026-07-21T18:00:00+00:00,15157.41,15160.42,15156.41,15160.42,53
2026-07-21T18:05:00+00:00,15160.42,15161.43,15159.41,15160.43,33
2026-07-21T18:10:00+00:00,15160.43,15161.43,15157.41,15157.92,46
2026-07-21T18:15:00+00:00,15157.92,15158.43,15156.42,15158.43,29
2026-07-21T18:20:00+00:00,15158.43,15159.92,15157.41,15159.43,54
2026-07-21T18:25:00+00:00,15159.43,15159.43,15157.91,15158.92,35
2026-07-21T18:30:00+00:00,15158.92,15160.43,15156.41,15157.43,62
2026-07-21T18:35:00+00:00,15157.43,15159.43,15156.42,15158.91,24
2026-07-21T18:40:00+00:00,15158.91,15161.43,15157.43,15159.41,43
2026-07-21T18:45:00+00:00,15159.41,15160.43,15158.41,15160.41,35
2026-07-21T18:50:00+00:00,15160.41,15161.43,15159.43,15160.41,36
2026-07-21T18:55:00+00:00,15160.41,15162.43,15159.91,15162.43,47
2026-07-21T19:00:00+00:00,15162.43,15162.92,15160.41,15161.41,19.34206695778748
2026-07-21T19:05:00+00:00,15161.41,15162.43,15159.42,15160.91,50
2026-07-21T19:10:00+00:00,15160.91,15163.43,15160.91,15162.92,33
2026-07-21T19:15:00+00:00,15162.92,15165.43,15162.43,15163.91,41
2026-07-21T19:20:00+00:00,15163.91,15163.91,15160.41,15160.92,33
2026-07-21T19:25:00+00:00,15160.92,15163.43,15160.41,15161.92,28
2026-07-21T19:30:00+00:00,15161.92,15162.93,15161.41,15161.42,24
2026-07-21T19:35:00+00:00,15161.42,15165.43,15160.92,15162.43,33
2026-07-21T19:40:00+00:00,15162.43,15162.43,15161.41,15161.42,18.254796623177285
2026-07-21T19:45:00+00:00,15161.42,15162.43,15160.41,15162.43,41
2026-07-21T19:50:00+00:00,15162.43,15163.93,15160.91,15163.91,71
2026-07-21T19:55:00+00:00,15163.91,15167.41,15163.91,15165.93,79
2026-07-21T20:00:00+00:00,15165.93,15166.42,15148.41,15148.91,63
2026-07-21T20:05:00+00:00,15148.91,15156.92,15148.91,15156.42,14
2026-07-21T20:10:00+00:00,15156.42,15156.91,15155.91,15156.42,9.25563909774436
2026-07-21T20:15:00+00:00,15156.42,15156.43,15154.42,15156.43,16
2026-07-21T20:20:00+00:00,15156.43,15157.43,15155.91,15156.41,12
2026-07-21T20:25:00+00:00,15156.41,15158.92,15156.41,15156.92,13
2026-07-21T20:30:00+00:00,15156.92,15158.92,15156.41,15157.92,11
2026-07-21T20:35:00+00:00,15157.92,15158.92,15157.41,15158.92,12
2026-07-21T20:40:00+00:00,15158.92,15159.43,15158.42,15159.42,11.233195020746887
2026-07-22T01:00:00+00:00,15159.42,15181.97,15152.97,15153.45,216.07761607761609
2026-07-22T01:05:00+00:00,15153.45,15164.46,15149.95,15156.47,127
2026-07-22T01:10:00+00:00,15156.47,15168.95,15154.95,15163.46,110
2026-07-22T01:15:00+00:00,15163.46,15189.47,15130.96,15132.45,793
2026-07-22T01:20:00+00:00,15132.45,15152.97,15114.95,15116.46,811
2026-07-22T01:25:00+00:00,15116.46,15148.45,15106.45,15137.47,847
2026-07-22T01:30:00+00:00,15137.47,15216.45,15135.47,15207.96,6908
2026-07-22T01:35:00+00:00,15207.96,15215.95,15172.45,15172.45,4567
2026-07-22T01:40:00+00:00,15172.45,15207.97,15172.45,15192.46,4826
2026-07-22T01:45:00+00:00,15192.46,15226.46,15189.47,15209.45,3195
2026-07-22T01:50:00+00:00,15209.45,15235.47,15201.97,15212.95,2938
2026-07-22T01:55:00+00:00,15212.95,15255.46,15200.45,15243.45,2744
2026-07-22T02:00:00+00:00,15243.45,15260.46,15216.96,15238.96,2729
2026-07-22T02:05:00+00:00,15238.96,15265.96,15211.47,15242.96,2740
2026-07-22T02:10:00+00:00,15242.96,15257.46,15233.96,15249.47,2092
2026-07-22T02:15:00+00:00,15249.47,15257.47,15228.96,15239.46,2003
2026-07-22T02:20:00+00:00,15239.46,15256.97,15232.47,15248.46,1882
2026-07-22T02:25:00+00:00,15248.46,15273.96,15243.95,15262.95,1692
2026-07-22T02:30:00+00:00,15262.95,15274.46,15239.95,15252.96,2100
2026-07-22T02:35:00+00:00,15252.96,15260.47,15226.46,15241.47,2281
2026-07-22T02:40:00+00:00,15241.47,15257.97,15223.47,15243.95,2186
2026-07-22T02:45:00+00:00,15243.95,15285.96,15242.95,15285.45,2018
2026-07-22T02:50:00+00:00,15285.45,15304.95,15267.45,15303.46,1627
2026-07-22T02:55:00+00:00,15303.46,15312.47,15284.47,15298.97,1414
2026-07-22T03:00:00+00:00,15298.97,15302.47,15254.95,15256.96,1312
2026-07-22T03:05:00+00:00,15256.96,15270.46,15245.95,15265.96,1681
2026-07-22T03:10:00+00:00,15265.96,15274.46,15245.96,15266.46,1460
2026-07-22T03:15:00+00:00,15266.46,15279.47,15251.46,15267.45,1207
2026-07-22T03:20:00+00:00,15267.45,15301.46,15264.45,15297.45,1491
2026-07-22T03:25:00+00:00,15297.45,15332.47,15293.46,15327.95,1245
2026-07-22T03:30:00+00:00,15327.95,15327.95,15301.45,15305.47,296
2026-07-22T03:35:00+00:00,15305.47,15315.46,15304.46,15312.96,250
2026-07-22T03:40:00+00:00,15312.96,15314.47,15304.47,15305.47,271
2026-07-22T03:45:00+00:00,15305.47,15309.45,15304.97,15306.47,197
2026-07-22T03:50:00+00:00,15306.47,15306.47,15291.97,15293.46,254
2026-07-22T03:55:00+00:00,15293.46,15293.96,15271.96,15284.95,385
2026-07-22T04:00:00+00:00,15284.95,15297.47,15284.45,15293.46,89
2026-07-22T04:05:00+00:00,15293.46,15305.47,15293.46,15301.97,106
2026-07-22T04:10:00+00:00,15301.97,15305.45,15300.45,15300.46,103
2026-07-22T04:15:00+00:00,15300.46,15301.96,15295.45,15299.47,73
2026-07-22T04:20:00+00:00,15299.47,15301.46,15298.95,15301.46,40.59611366485583
2026-07-22T04:25:00+00:00,15301.46,15301.46,15293.45,15293.45,73
2026-07-22T04:30:00+00:00,15293.45,15297.96,15291.45,15294.46,113
2026-07-22T04:35:00+00:00,15294.46,15296.47,15293.46,15293.46,52
2026-07-22T04:40:00+00:00,15293.46,15298.95,15292.95,15296.47,59
2026-07-22T04:45:00+00:00,15296.47,15296.97,15291.95,15293.47,58
2026-07-22T04:50:00+00:00,15293.47,15296.47,15292.46,15292.96,74
2026-07-22T04:55:00+00:00,15292.96,15292.96,15281.45,15284.96,138
2026-07-22T05:00:00+00:00,15284.96,15284.96,15242.96,15253.95,2728
2026-07-22T05:05:00+00:00,15253.95,15264.45,15244.45,15250.46,1811
2026-07-22T05:10:00+00:00,15250.46,15254.97,15229.46,15250.47,1496
2026-07-22T05:15:00+00:00,15250.47,15250.47,15209.45,15223.46,1966
2026-07-22T05:20:00+00:00,15223.46,15234.97,15214.45,15234.46,1857
2026-07-22T05:25:00+00:00,15234.46,15242.47,15194.95,15196.47,2055
2026-07-22T05:30:00+00:00,15196.47,15213.45,15164.47,15196.45,2327
2026-07-22T05:35:00+00:00,15196.45,15227.47,15190.45,15201.96,2261
2026-07-22T05:40:00+00:00,15201.96,15218.45,15180.46,15203.45,1761
2026-07-22T05:45:00+00:00,15203.45,15209.97,15175.45,15188.47,1977
2026-07-22T05:50:00+00:00,15188.47,15200.46,15172.45,15172.45,1643
2026-07-22T05:55:00+00:00,15172.45,15175.45,15154.95,15164.45,1436
2026-07-22T06:00:00+00:00,15164.45,15182.46,15133.45,15133.45,1755
2026-07-22T06:05:00+00:00,15133.45,15137.46,15113.47,15115.45,1689
2026-07-22T06:10:00+00:00,15115.45,15117.45,15087.45,15104.47,1901
2026-07-22T06:15:00+00:00,15104.47,15137.96,15092.47,15130.45,2228
2026-07-22T06:20:00+00:00,15130.45,15157.47,15127.95,15152.46,1711
2026-07-22T06:25:00+00:00,15152.46,15152.46,15115.97,15116.45,1379
2026-07-22T06:30:00+00:00,15116.45,15146.47,15099.46,15131.97,2088
2026-07-22T06:35:00+00:00,15131.97,15142.46,15112.45,15126.95,1816
2026-07-22T06:40:00+00:00,15126.95,15155.47,15121.45,15130.46,1552
2026-07-22T06:45:00+00:00,15130.46,15141.46,15118.46,15124.47,1480
2026-07-22T06:50:00+00:00,15124.47,15141.46,15115.97,15128.45,1606
2026-07-22T06:55:00+00:00,15128.45,15137.46,15127.45,15132.47,1023
2026-07-22T07:00:00+00:00,15132.47,15138.97,15119.45,15124.45,484
2026-07-22T07:05:00+00:00,15124.45,15126.97,15120.45,15126.45,165
2026-07-22T07:10:00+00:00,15126.45,15134.97,15124.47,15134.45,168
2026-07-22T07:15:00+00:00,15134.45,15134.47,15129.45,15131.47,115
2026-07-22T07:20:00+00:00,15131.47,15135.47,15129.47,15131.97,85
2026-07-22T07:25:00+00:00,15131.97,15133.47,15130.45,15132.45,136
2026-07-22T07:30:00+00:00,15132.45,15134.47,15122.45,15123.46,166
2026-07-22T07:35:00+00:00,15123.46,15124.47,15117.46,15119.46,119
2026-07-22T07:40:00+00:00,15119.46,15120.47,15116.47,15119.96,81
2026-07-22T07:45:00+00:00,15119.96,15128.45,15119.45,15122.96,129
2026-07-22T07:50:00+00:00,15122.96,15126.45,15121.46,15124.46,81
2026-07-22T07:55:00+00:00,15124.46,15127.46,15122.45,15125.45,191
2026-07-22T08:00:00+00:00,15125.45,15126.46,15112.45,15115.97,492
2026-07-22T08:05:00+00:00,15115.97,15130.46,15112.96,15127.47,310
2026-07-22T08:10:00+00:00,15127.47,15132.97,15123.45,15123.45,144
2026-07-22T08:15:00+00:00,15123.45,15130.47,15123.45,15125.96,162
2026-07-22T08:20:00+00:00,15125.96,15130.97,15124.45,15129.45,83
2026-07-22T08:25:00+00:00,15129.45,15136.97,15127.95,15135.95,119
2026-07-22T09:00:00+00:00,15135.95,15144.45,15124.45,15143.97,248
2026-07-22T09:05:00+00:00,15143.97,15151.46,15142.95,15144.47,111
2026-07-22T09:10:00+00:00,15144.47,15148.96,15143.47,15145.95,89
2026-07-22T09:15:00+00:00,15145.95,15156.47,15144.46,15155.45,116
2026-07-22T09:20:00+00:00,15155.45,15159.97,15152.95,15158.47,68
2026-07-22T09:25:00+00:00,15158.47,15165.46,15156.95,15162.45,116
2026-07-22T09:30:00+00:00,15162.45,15173.47,15156.97,15158.46,264
2026-07-22T09:35:00+00:00,15158.46,15158.47,15146.46,15146.46,83
2026-07-22T09:40:00+00:00,15146.46,15147.96,15139.45,15144.46,69
2026-07-22T09:45:00+00:00,15144.46,15145.47,15139.46,15140.47,57
2026-07-22T09:50:00+00:00,15140.47,15140.47,15136.45,15138.97,65
2026-07-22T09:55:00+00:00,15138.97,15145.97,15137.96,15144.95,70
2026-07-22T10:00:00+00:00,15144.95,15151.47,15144.95,15150.45,51
2026-07-22T10:05:00+00:00,15150.45,15151.97,15148.96,15148.97,25
2026-07-22T10:10:00+00:00,15148.97,15151.97,15147.46,15148.95,61
2026-07-22T10:15:00+00:00,15148.95,15152.45,15147.47,15151.47,40
2026-07-22T10:20:00+00:00,15151.47,15158.47,15151.47,15154.97,161
2026-07-22T10:25:00+00:00,15154.97,15159.47,15154.45,15158.46,80
2026-07-22T10:30:00+00:00,15158.46,15158.47,15152.46,15152.97,67
2026-07-22T10:35:00+00:00,15152.97,15155.47,15151.45,15151.47,72
2026-07-22T10:40:00+00:00,15151.47,15152.47,15149.45,15149.96,41
2026-07-22T10:45:00+00:00,15149.96,15158.97,15149.47,15158.97,72
2026-07-22T10:50:00+00:00,15158.97,15158.97,15155.45,15155.47,50
2026-07-22T10:55:00+00:00,15155.47,15158.47,15154.47,15156.47,31
2026-07-22T11:00:00+00:00,15156.47,15159.45,15154.45,15154.45,76
2026-07-22T11:05:00+00:00,15154.45,15154.97,15150.45,15150.96,36
2026-07-22T11:10:00+00:00,15150.96,15152.46,15147.46,15147.47,58
2026-07-22T11:15:00+00:00,15147.47,15148.97,15146.45,15147.46,58
2026-07-22T11:20:00+00:00,15147.46,15153.47,15147.46,15152.46,28
2026-07-22T11:25:00+00:00,15152.46,15152.46,15148.46,15150.45,49.734234234234236
2026-07-22T11:30:00+00:00,15150.45,15152.95,15149.97,15151.45,33
2026-07-22T11:35:00+00:00,15151.45,15153.46,15148.95,15149.96,51
2026-07-22T11:40:00+00:00,15149.96,15150.47,15135.45,15143.95,343
2026-07-22T11:45:00+00:00,15143.95,15150.47,15140.96,15150.45,73
2026-07-22T11:50:00+00:00,15150.45,15150.47,15143.95,15147.46,75
2026-07-22T11:55:00+00:00,15147.46,15148.45,15141.46,15142.97,60
2026-07-22T12:00:00+00:00,15142.97,15148.46,15142.97,15143.96,78
2026-07-22T12:05:00+00:00,15143.96,15147.46,15142.46,15145.97,70
2026-07-22T12:10:00+00:00,15145.97,15149.97,15144.45,15147.47,59
2026-07-22T12:15:00+00:00,15147.47,15149.47,15143.47,15144.47,68
2026-07-22T12:20:00+00:00,15144.47,15145.97,15140.47,15141.46,47
2026-07-22T12:25:00+00:00,15141.46,15145.97,15141.46,15145.95,59
2026-07-22T12:30:00+00:00,15145.95,15149.46,15145.45,15145.45,117
2026-07-22T12:35:00+00:00,15145.45,15147.46,15136.97,15137.96,119
2026-07-22T12:40:00+00:00,15137.96,15142.47,15135.95,15139.46,57
2026-07-22T12:45:00+00:00,15139.46,15139.96,15135.45,15137.97,72
2026-07-22T12:50:00+00:00,15137.97,15138.47,15134.45,15136.46,54
2026-07-22T12:55:00+00:00,15136.46,15136.47,15120.95,15130.45,378
2026-07-22T13:00:00+00:00,15130.45,15136.46,15129.97,15135.45,117
2026-07-22T13:05:00+00:00,15135.45,15137.47,15132.45,15135.47,111
2026-07-22T13:10:00+00:00,15135.47,15139.45,15133.46,15138.46,99
2026-07-22T13:15:00+00:00,15138.46,15143.47,15138.46,15143.47,55
2026-07-22T13:20:00+00:00,15143.47,15149.97,15143.45,15148.45,40
2026-07-22T13:25:00+00:00,15148.45,15150.97,15145.45,15148.46,80
2026-07-22T13:30:00+00:00,15148.46,15163.47,15147.45,15162.46,391
2026-07-22T13:35:00+00:00,15162.46,15166.47,15156.96,15165.46,293
2026-07-22T13:40:00+00:00,15165.46,15175.97,15161.95,15175.47,237
2026-07-22T13:45:00+00:00,15175.47,15177.47,15170.45,15172.97,202
2026-07-22T13:50:00+00:00,15172.97,15179.47,15171.45,15177.96,147
2026-07-22T13:55:00+00:00,15177.96,15186.46,15177.46,15184.46,119
2026-07-22T14:00:00+00:00,15184.46,15189.45,15182.47,15186.46,149
2026-07-22T14:05:00+00:00,15186.46,15187.47,15179.45,15181.97,142
2026-07-22T14:10:00+00:00,15181.97,15184.47,15180.45,15183.95,137
2026-07-22T14:15:00+00:00,15183.95,15185.47,15180.96,15184.45,148
2026-07-22T14:20:00+00:00,15184.45,15184.47,15172.45,15176.45,175
2026-07-22T14:25:00+00:00,15176.45,15177.47,15169.45,15172.46,144
2026-07-22T14:30:00+00:00,15172.46,15177.47,15169.45,15172.96,141
2026-07-22T14:35:00+00:00,15172.96,15176.47,15170.46,15172.96,114
2026-07-22T14:40:00+00:00,15172.96,15173.45,15164.45,15165.47,158
2026-07-22T14:45:00+00:00,15165.47,15168.96,15164.45,15167.95,161
2026-07-22T14:50:00+00:00,15167.95,15169.47,15165.45,15167.47,113
2026-07-22T14:55:00+00:00,15167.47,15171.46,15165.45,15171.46,82
2026-07-22T15:00:00+00:00,15171.46,15177.46,15170.45,15176.45,79
2026-07-22T15:05:00+00:00,15176.45,15178.97,15174.45,15177.96,71
2026-07-22T15:10:00+00:00,15177.96,15184.47,15177.45,15184.46,88
2026-07-22T15:15:00+00:00,15184.46,15184.47,15178.45,15180.47,95
2026-07-22T15:20:00+00:00,15180.47,15184.45,15180.47,15183.45,57
2026-07-22T15:25:00+00:00,15183.45,15188.45,15183.45,15185.46,75
2026-07-22T15:30:00+00:00,15185.46,15185.47,15182.45,15184.45,64
2026-07-22T15:35:00+00:00,15184.45,15190.47,15184.45,15187.45,61
2026-07-22T15:40:00+00:00,15187.45,15189.47,15186.45,15187.45,78
2026-07-22T15:45:00+00:00,15187.45,15190.47,15187.45,15189.47,64
2026-07-22T15:50:00+00:00,15189.47,15190.47,15187.45,15187.46,64
2026-07-22T15:55:00+00:00,15187.46,15191.47,15186.95,15191.45,48
2026-07-22T16:00:00+00:00,15191.45,15191.45,15187.46,15188.47,58
2026-07-22T16:05:00+00:00,15188.47,15190.47,15186.96,15190.45,61
2026-07-22T16:10:00+00:00,15190.45,15190.97,15187.95,15189.47,51
2026-07-22T16:15:00+00:00,15189.47,15193.47,15189.45,15193.46,36
2026-07-22T16:20:00+00:00,15193.46,15193.46,15189.46,15190.47,57
2026-07-22T16:25:00+00:00,15190.47,15190.47,15186.45,15187.46,45
2026-07-22T16:30:00+00:00,15187.46,15191.45,15186.95,15190.46,42
2026-07-22T16:35:00+00:00,15190.46,15190.47,15189.45,15190.45,38
2026-07-22T16:40:00+00:00,15190.45,15190.47,15188.45,15190.47,53
2026-07-22T16:45:00+00:00,15190.47,15192.47,15189.45,15190.96,30
2026-07-22T16:50:00+00:00,15190.96,15192.47,15188.45,15189.47,38
2026-07-22T16:55:00+00:00,15189.47,15192.47,15189.45,15191.45,25
2026-07-22T17:00:00+00:00,15191.45,15192.47,15187.97,15188.47,60
2026-07-22T17:05:00+00:00,15188.47,15192.47,15187.45,15191.47,43
2026-07-22T17:10:00+00:00,15191.47,15192.47,15189.45,15190.46,37
2026-07-22T17:15:00+00:00,15190.46,15192.46,15189.46,15191.47,46
2026-07-22T17:20:00+00:00,15191.47,15193.46,15190.45,15193.46,39
2026-07-22T17:25:00+00:00,15193.46,15194.47,15192.97,15193.46,32
2026-07-22T17:30:00+00:00,15193.46,15195.45,15190.96,15190.96,42
2026-07-22T17:35:00+00:00,15190.96,15191.45,15189.45,15189.45,48
2026-07-22T17:40:00+00:00,15189.45,15189.46,15184.45,15185.45,35
2026-07-22T17:45:00+00:00,15185.45,15187.47,15184.46,15186.96,43
2026-07-22T17:50:00+00:00,15186.96,15187.47,15184.45,15184.45,28
2026-07-22T17:55:00+00:00,15184.45,15186.47,15182.45,15184.46,73
2026-07-22T18:00:00+00:00,15184.46,15185.47,15180.45,15181.46,57
2026-07-22T18:05:00+00:00,15181.46,15185.47,15180.46,15180.46,52
2026-07-22T18:10:00+00:00,15180.46,15180.47,15177.45,15178.45,50
2026-07-22T18:15:00+00:00,15178.45,15181.46,15177.45,15179.45,55
2026-07-22T18:20:00+00:00,15179.45,15181.97,15178.45,15178.97,54
2026-07-22T18:25:00+00:00,15178.97,15181.45,15178.45,15180.45,46
2026-07-22T18:30:00+00:00,15180.45,15180.45,15175.45,15177.45,64
2026-07-22T18:35:00+00:00,15177.45,15179.46,15176.96,15179.46,32
2026-07-22T18:40:00+00:00,15179.46,15180.47,15178.45,15179.45,44.77125808055693
2026-07-22T18:45:00+00:00,15179.45,15181.97,15178.95,15178.97,46
2026-07-22T18:50:00+00:00,15178.97,15182.96,15178.95,15181.95,28
2026-07-22T18:55:00+00:00,15181.95,15183.97,15181.95,15182.96,41
2026-07-22T19:00:00+00:00,15182.96,15183.95,15178.95,15181.95,34
2026-07-22T19:05:00+00:00,15181.95,15181.96,15178.95,15178.95,31
2026-07-22T19:10:00+00:00,15178.95,15179.96,15177.95,15178.96,42
2026-07-22T19:15:00+00:00,15178.96,15182.47,15177.95,15181.46,31
2026-07-22T19:20:00+00:00,15181.46,15181.97,15179.95,15179.95,28
2026-07-22T19:25:00+00:00,15179.95,15181.97,15178.96,15180.96,31
2026-07-22T19:30:00+00:00,15180.96,15180.97,15176.95,15177.45,46
2026-07-22T19:35:00+00:00,15177.45,15178.97,15174.95,15175.45,57
2026-07-22T19:40:00+00:00,15175.45,15178.97,15175.45,15176.96,56
2026-07-22T19:45:00+00:00,15176.96,15178.47,15175.95,15177.95,42
2026-07-22T19:50:00+00:00,15177.95,15178.96,15173.95,15174.45,82
2026-07-22T19:55:00+00:00,15174.45,15178.45,15172.97,15174.96,65
2026-07-22T20:00:00+00:00,15174.96,15184.95,15173.47,15174.45,462
2026-07-22T20:05:00+00:00,15174.45,15176.47,15171.46,15171.95,129
2026-07-22T20:10:00+00:00,15171.95,15181.97,15171.45,15181.95,69
2026-07-22T20:15:00+00:00,15181.95,15184.97,15181.95,15184.45,68
2026-07-22T20:20:00+00:00,15184.45,15184.45,15181.46,15182.95,29
2026-07-22T20:25:00+00:00,15182.95,15186.97,15182.95,15183.97,37
2026-07-22T20:30:00+00:00,15183.97,15183.97,15180.95,15180.96,37
2026-07-22T20:35:00+00:00,15180.96,15183.96,15178.96,15183.96,34
2026-07-22T20:40:00+00:00,15183.96,15183.96,15180.95,15181.95,33
2026-07-23T01:00:00+00:00,15181.95,15201.66,15180.17,15197.66,193.1272487933304
2026-07-23T01:05:00+00:00,15197.66,15197.66,15173.15,15185.16,207
2026-07-23T01:10:00+00:00,15185.16,15196.15,15185.16,15190.65,137
2026-07-23T01:15:00+00:00,15190.65,15193.15,15142.15,15186.17,949
2026-07-23T01:20:00+00:00,15186.17,15202.66,15154.15,15198.65,744
2026-07-23T01:25:00+00:00,15198.65,15216.17,15190.17,15202.17,598
2026-07-23T01:30:00+00:00,15202.17,15223.17,15125.67,15160.15,6528
2026-07-23T01:35:00+00:00,15160.15,15190.66,15137.17,15168.17,4180
2026-07-23T01:40:00+00:00,15168.17,15174.17,15134.15,15171.67,3305
2026-07-23T01:45:00+00:00,15171.67,15206.66,15165.65,15201.66,2942
2026-07-23T01:50:00+00:00,15201.66,15221.15,15172.17,15219.66,2852
2026-07-23T01:55:00+00:00,15219.66,15239.66,15185.16,15191.17,2367
2026-07-23T02:00:00+00:00,15191.17,15216.65,15188.15,15204.67,2817
2026-07-23T02:05:00+00:00,15204.67,15226.16,15181.65,15194.65,2693
2026-07-23T02:10:00+00:00,15194.65,15215.17,15192.65,15202.15,2163
2026-07-23T02:15:00+00:00,15202.15,15224.15,15193.16,15210.15,2317
2026-07-23T02:20:00+00:00,15210.15,15222.67,15192.65,15203.15,2248
2026-07-23T02:25:00+00:00,15203.15,15204.66,15155.16,15178.66,2256
2026-07-23T02:30:00+00:00,15178.66,15208.16,15175.15,15186.16,2086
2026-07-23T02:35:00+00:00,15186.16,15202.66,15182.16,15192.65,2075
2026-07-23T02:40:00+00:00,15192.65,15205.67,15182.15,15184.65,1762
2026-07-23T02:45:00+00:00,15184.65,15192.17,15168.66,15176.16,1725
2026-07-23T02:50:00+00:00,15176.16,15210.17,15171.15,15183.66,1814
2026-07-23T02:55:00+00:00,15183.66,15187.66,15164.66,15178.67,1833
2026-07-23T03:00:00+00:00,15178.67,15183.66,15156.68,15157.16,1810
2026-07-23T03:05:00+00:00,15157.16,15167.68,15137.18,15149.66,1725
2026-07-23T03:10:00+00:00,15149.66,15189.66,15137.66,15183.17,1807
2026-07-23T03:15:00+00:00,15183.17,15202.68,15175.66,15189.67,1790
2026-07-23T03:20:00+00:00,15189.67,15200.68,15160.68,15167.18,1640
2026-07-23T03:25:00+00:00,15167.18,15171.17,15143.68,15171.17,1735
2026-07-23T03:30:00+00:00,15171.17,15186.66,15170.18,15182.17,426
2026-07-23T03:35:00+00:00,15182.17,15182.67,15175.68,15180.66,245
2026-07-23T03:40:00+00:00,15180.66,15185.66,15179.17,15185.16,180
2026-07-23T03:45:00+00:00,15185.16,15187.67,15182.66,15184.17,170
2026-07-23T03:50:00+00:00,15184.17,15188.68,15181.68,15186.16,125
2026-07-23T03:55:00+00:00,15186.16,15187.18,15182.67,15184.17,98
2026-07-23T04:00:00+00:00,15184.17,15184.17,15178.67,15179.68,72
2026-07-23T04:05:00+00:00,15179.68,15181.17,15174.17,15178.67,87
2026-07-23T04:10:00+00:00,15178.67,15187.68,15177.17,15187.18,99
2026-07-23T04:15:00+00:00,15187.18,15188.68,15183.68,15186.66,140
2026-07-23T04:20:00+00:00,15186.66,15191.68,15185.68,15190.67,77
2026-07-23T04:25:00+00:00,15190.67,15194.16,15190.16,15191.67,90
2026-07-23T04:30:00+00:00,15191.67,15192.66,15188.66,15190.66,60
2026-07-23T04:35:00+00:00,15190.66,15191.18,15187.67,15189.66,60
2026-07-23T04:40:00+00:00,15189.66,15190.68,15183.68,15186.67,56
2026-07-23T04:45:00+00:00,15186.67,15189.66,15185.66,15186.67,60
2026-07-23T04:50:00+00:00,15186.67,15186.68,15183.18,15185.18,57
2026-07-23T04:55:00+00:00,15185.18,15188.68,15183.16,15187.66,72
2026-07-23T05:00:00+00:00,15187.66,15222.68,15187.66,15203.16,2979
2026-07-23T05:05:00+00:00,15203.16,15255.16,15197.67,15252.18,2180
2026-07-23T05:10:00+00:00,15252.18,15260.18,15211.66,15219.66,2535
2026-07-23T05:15:00+00:00,15219.66,15240.68,15191.68,15191.68,2145
2026-07-23T05:20:00+00:00,15191.68,15218.17,15191.16,15203.68,1566
2026-07-23T05:25:00+00:00,15203.68,15236.17,15203.68,15230.68,1575
2026-07-23T05:30:00+00:00,15230.68,15248.17,15218.17,15237.17,1787
2026-07-23T05:35:00+00:00,15237.17,15248.18,15220.66,15221.68,1912
2026-07-23T05:40:00+00:00,15221.68,15235.18,15213.17,15218.67,1739
2026-07-23T05:45:00+00:00,15218.67,15231.16,15211.67,15217.17,1461
2026-07-23T05:50:00+00:00,15217.17,15220.16,15190.18,15191.68,1065
2026-07-23T05:55:00+00:00,15191.68,15210.16,15188.67,15195.68,952
2026-07-23T06:00:00+00:00,15195.68,15201.17,15184.68,15192.68,888
2026-07-23T06:05:00+00:00,15192.68,15198.68,15186.66,15190.16,685
2026-07-23T06:10:00+00:00,15190.16,15200.66,15177.67,15184.17,705
2026-07-23T06:15:00+00:00,15184.17,15195.68,15177.67,15183.67,748
2026-07-23T06:20:00+00:00,15183.67,15186.16,15171.68,15175.17,581
2026-07-23T06:25:00+00:00,15175.17,15195.67,15166.67,15194.67,604
2026-07-23T06:30:00+00:00,15194.67,15207.66,15182.66,15191.68,1019
2026-07-23T06:35:00+00:00,15191.68,15209.68,15191.66,15209.68,794
2026-07-23T06:40:00+00:00,15209.68,15222.68,15201.68,15217.16,870
2026-07-23T06:45:00+00:00,15217.16,15220.18,15201.66,15210.67,855
2026-07-23T06:50:00+00:00,15210.67,15220.17,15207.16,15211.68,686
2026-07-23T06:55:00+00:00,15211.68,15216.68,15210.66,15213.67,563
2026-07-23T07:00:00+00:00,15213.67,15213.67,15195.66,15203.68,310
2026-07-23T07:05:00+00:00,15203.68,15204.68,15197.66,15198.66,152
2026-07-23T07:10:00+00:00,15198.66,15199.68,15188.67,15199.68,141
2026-07-23T07:15:00+00:00,15199.68,15207.68,15198.67,15207.68,71
2026-07-23T07:20:00+00:00,15207.68,15208.67,15205.16,15205.66,93
2026-07-23T07:25:00+00:00,15205.66,15210.18,15202.16,15202.67,79
2026-07-23T07:30:00+00:00,15202.67,15202.67,15192.66,15192.66,135
2026-07-23T07:35:00+00:00,15192.66,15197.18,15191.67,15193.68,46
2026-07-23T07:40:00+00:00,15193.68,15195.68,15190.17,15190.67,74
2026-07-23T07:45:00+00:00,15190.67,15191.67,15186.16,15190.68,105
2026-07-23T07:50:00+00:00,15190.68,15198.68,15188.16,15198.18,111
2026-07-23T07:55:00+00:00,15198.18,15205.68,15198.16,15205.68,125
2026-07-23T08:00:00+00:00,15205.68,15206.16,15197.66,15200.66,407
2026-07-23T08:05:00+00:00,15200.66,15212.67,15200.16,15212.17,112
2026-07-23T08:10:00+00:00,15212.17,15212.68,15208.67,15209.68,112
2026-07-23T08:15:00+00:00,15209.68,15211.67,15206.66,15209.18,125
2026-07-23T08:20:00+00:00,15209.18,15210.17,15204.66,15207.18,108
2026-07-23T08:25:00+00:00,15207.18,15210.67,15204.66,15210.67,130
2026-07-23T09:00:00+00:00,15210.67,15219.67,15202.16,15217.68,213
2026-07-23T09:05:00+00:00,15217.68,15220.18,15217.66,15218.18,78
2026-07-23T09:10:00+00:00,15218.18,15219.67,15213.66,15213.67,77
2026-07-23T09:15:00+00:00,15213.67,15220.68,15212.66,15216.68,80
2026-07-23T09:20:00+00:00,15216.68,15216.68,15211.66,15211.67,76
2026-07-23T09:25:00+00:00,15211.67,15214.68,15209.66,15209.67,67
2026-07-23T09:30:00+00:00,15209.67,15213.68,15208.66,15212.66,53
2026-07-23T09:35:00+00:00,15212.66,15214.67,15211.68,15213.68,43
2026-07-23T09:40:00+00:00,15213.68,15214.68,15211.66,15214.67,28
2026-07-23T09:45:00+00:00,15214.67,15215.68,15213.66,15213.66,26
2026-07-23T09:50:00+00:00,15213.66,15213.66,15205.66,15206.68,55
2026-07-23T09:55:00+00:00,15206.68,15207.18,15201.66,15203.16,55
2026-07-23T10:00:00+00:00,15203.16,15203.66,15199.66,15201.68,50
2026-07-23T10:05:00+00:00,15201.68,15205.68,15196.66,15198.66,73
2026-07-23T10:10:00+00:00,15198.66,15201.67,15196.66,15198.68,56
2026-07-23T10:15:00+00:00,15198.68,15200.67,15198.16,15198.68,42
2026-07-23T10:20:00+00:00,15198.68,15201.67,15198.66,15201.18,70
2026-07-23T10:25:00+00:00,15201.18,15203.66,15198.66,15199.18,47
2026-07-23T10:30:00+00:00,15199.18,15207.67,15198.68,15205.68,119
2026-07-23T10:35:00+00:00,15205.68,15210.17,15205.67,15209.68,54
2026-07-23T10:40:00+00:00,15209.68,15216.17,15209.68,15214.67,72
2026-07-23T10:45:00+00:00,15214.67,15219.67,15214.67,15218.17,45
2026-07-23T10:50:00+00:00,15218.17,15222.66,15215.67,15222.66,71
2026-07-23T10:55:00+00:00,15222.66,15222.68,15217.67,15218.67,49
2026-07-23T11:00:00+00:00,15218.67,15222.66,15213.17,15213.68,92
2026-07-23T11:05:00+00:00,15213.68,15214.67,15211.66,15212.68,49
2026-07-23T11:10:00+00:00,15212.68,15216.17,15212.66,15216.17,39
2026-07-23T11:15:00+00:00,15216.17,15216.68,15210.68,15210.68,61
2026-07-23T11:20:00+00:00,15210.68,15210.68,15199.66,15201.16,52
2026-07-23T11:25:00+00:00,15201.16,15203.67,15197.66,15198.17,48
2026-07-23T11:30:00+00:00,15198.17,15201.68,15191.66,15193.18,68
2026-07-23T11:35:00+00:00,15193.18,15193.66,15180.66,15183.67,160
2026-07-23T11:40:00+00:00,15183.67,15186.67,15179.66,15185.66,198
2026-07-23T11:45:00+00:00,15185.66,15190.68,15184.67,15190.67,101
2026-07-23T11:50:00+00:00,15190.67,15203.17,15190.66,15199.18,158
2026-07-23T11:55:00+00:00,15199.18,15200.67,15195.67,15199.66,85
2026-07-23T12:00:00+00:00,15199.66,15200.17,15193.66,15194.16,75
2026-07-23T12:05:00+00:00,15194.16,15194.18,15188.17,15189.68,65
2026-07-23T12:10:00+00:00,15189.68,15189.68,15185.66,15185.67,29
2026-07-23T12:15:00+00:00,15185.67,15189.17,15173.17,15174.68,272
2026-07-23T12:20:00+00:00,15174.68,15176.17,15169.68,15170.16,142
2026-07-23T12:25:00+00:00,15170.16,15174.18,15169.66,15172.18,87
2026-07-23T12:30:00+00:00,15172.18,15172.18,15165.17,15170.18,254
2026-07-23T12:35:00+00:00,15170.18,15170.18,15159.67,15163.66,189
2026-07-23T12:40:00+00:00,15163.66,15163.66,15154.68,15157.66,182
2026-07-23T12:45:00+00:00,15157.66,15158.68,15152.17,15158.17,259
2026-07-23T12:50:00+00:00,15158.17,15160.17,15153.66,15157.68,148
2026-07-23T12:55:00+00:00,15157.68,15158.67,15153.67,15154.68,125
2026-07-23T13:00:00+00:00,15154.68,15156.66,15152.18,15152.68,114
2026-07-23T13:05:00+00:00,15152.68,15152.68,15140.67,15143.66,239
2026-07-23T13:10:00+00:00,15143.66,15144.66,15138.66,15140.17,174
2026-07-23T13:15:00+00:00,15140.17,15143.68,15137.66,15138.67,156
2026-07-23T13:20:00+00:00,15138.67,15144.66,15137.68,15139.68,163
2026-07-23T13:25:00+00:00,15139.68,15143.67,15136.17,15142.67,136
2026-07-23T13:30:00+00:00,15142.67,15160.66,15140.68,15158.66,496
2026-07-23T13:35:00+00:00,15158.66,15159.18,15151.66,15153.66,323
2026-07-23T13:40:00+00:00,15153.66,15167.68,15151.66,15163.68,286
2026-07-23T13:45:00+00:00,15163.68,15164.67,15145.16,15148.68,358
2026-07-23T13:50:00+00:00,15148.68,15154.17,15137.67,15154.16,388
2026-07-23T13:55:00+00:00,15154.16,15155.68,15140.66,15142.66,340
2026-07-23T14:00:00+00:00,15142.66,15154.68,15142.66,15152.67,486
2026-07-23T14:05:00+00:00,15152.67,15155.67,15136.68,15144.16,440
2026-07-23T14:10:00+00:00,15144.16,15154.67,15140.17,15150.66,456
2026-07-23T14:15:00+00:00,15150.66,15154.18,15142.67,15145.66,474
2026-07-23T14:20:00+00:00,15145.66,15149.67,15140.67,15146.68,435
2026-07-23T14:25:00+00:00,15146.68,15154.66,15143.68,15153.66,271
2026-07-23T14:30:00+00:00,15153.66,15156.18,15141.67,15146.18,334
2026-07-23T14:35:00+00:00,15146.18,15153.18,15138.68,15151.67,466
2026-07-23T14:40:00+00:00,15151.67,15153.17,15137.68,15139.67,396
2026-07-23T14:45:00+00:00,15139.67,15145.68,15134.67,15136.66,282
2026-07-23T14:50:00+00:00,15136.66,15139.18,15124.66,15126.68,255
2026-07-23T14:55:00+00:00,15126.68,15138.68,15122.66,15138.67,255
2026-07-23T15:00:00+00:00,15138.67,15141.67,15133.66,15136.66,144
2026-07-23T15:05:00+00:00,15136.66,15137.67,15128.66,15129.67,180
2026-07-23T15:10:00+00:00,15129.67,15130.67,15121.66,15124.17,181
2026-07-23T15:15:00+00:00,15124.17,15128.18,15122.68,15123.67,242
2026-07-23T15:20:00+00:00,15123.67,15127.18,15114.68,15121.18,289
2026-07-23T15:25:00+00:00,15121.18,15121.68,15112.66,15113.68,203
2026-07-23T15:30:00+00:00,15113.68,15116.68,15111.16,15116.16,311
2026-07-23T15:35:00+00:00,15116.16,15124.18,15115.66,15121.68,328
2026-07-23T15:40:00+00:00,15121.68,15124.68,15118.68,15118.68,200
2026-07-23T15:45:00+00:00,15118.68,15120.67,15116.16,15118.67,208
2026-07-23T15:50:00+00:00,15118.67,15122.68,15116.66,15121.67,141
2026-07-23T15:55:00+00:00,15121.67,15127.66,15121.16,15125.67,163
2026-07-23T16:00:00+00:00,15125.67,15134.66,15123.66,15133.67,161
2026-07-23T16:05:00+00:00,15133.67,15136.67,15132.16,15135.68,126
2026-07-23T16:10:00+00:00,15135.68,15140.17,15133.66,15133.66,85
2026-07-23T16:15:00+00:00,15133.66,15136.68,15132.68,15136.67,113
2026-07-23T16:20:00+00:00,15136.67,15147.66,15136.67,15144.68,87
2026-07-23T16:25:00+00:00,15144.68,15147.68,15143.66,15146.67,88
2026-07-23T16:30:00+00:00,15146.67,15147.68,15143.16,15143.68,103
2026-07-23T16:35:00+00:00,15143.68,15148.66,15142.66,15147.68,106
2026-07-23T16:40:00+00:00,15147.68,15148.68,15143.66,15144.67,97
2026-07-23T16:45:00+00:00,15144.67,15144.68,15138.66,15139.67,107
2026-07-23T16:50:00+00:00,15139.67,15140.67,15136.16,15136.68,110
2026-07-23T16:55:00+00:00,15136.68,15143.68,15136.68,15143.66,123
2026-07-23T17:00:00+00:00,15143.66,15145.66,15138.18,15138.67,141
2026-07-23T17:05:00+00:00,15138.67,15142.68,15137.68,15142.68,103
2026-07-23T17:10:00+00:00,15142.68,15144.16,15140.67,15141.68,108
2026-07-23T17:15:00+00:00,15141.68,15144.67,15139.66,15143.68,139
2026-07-23T17:20:00+00:00,15143.68,15147.67,15142.66,15146.68,136
2026-07-23T17:25:00+00:00,15146.68,15147.68,15144.66,15144.66,120
2026-07-23T17:30:00+00:00,15144.66,15146.17,15140.66,15140.66,129
2026-07-23T17:35:00+00:00,15140.66,15140.67,15134.66,15135.68,148
2026-07-23T17:40:00+00:00,15135.68,15136.66,15128.66,15133.68,143
2026-07-23T17:45:00+00:00,15133.68,15138.68,15131.67,15137.67,178
2026-07-23T17:50:00+00:00,15137.67,15138.68,15125.17,15125.18,164
2026-07-23T17:55:00+00:00,15125.18,15125.68,15123.66,15123.68,80
2026-07-23T18:00:00+00:00,15123.68,15127.18,15120.17,15122.66,98
2026-07-23T18:05:00+00:00,15122.66,15125.68,15120.66,15123.68,115
2026-07-23T18:10:00+00:00,15123.68,15130.16,15122.66,15126.17,126
2026-07-23T18:15:00+00:00,15126.17,15127.68,15122.68,15125.18,101
2026-07-23T18:20:00+00:00,15125.18,15127.68,15124.18,15127.18,129
2026-07-23T18:25:00+00:00,15127.18,15129.68,15125.66,15129.66,105
2026-07-23T18:30:00+00:00,15129.66,15132.18,15127.67,15131.67,126
2026-07-23T18:35:00+00:00,15131.67,15132.68,15127.66,15129.66,73
2026-07-23T18:40:00+00:00,15129.66,15131.18,15126.66,15127.68,68
2026-07-23T18:45:00+00:00,15127.68,15132.68,15127.68,15131.67,69
2026-07-23T18:50:00+00:00,15131.67,15133.18,15128.18,15128.18,75
2026-07-23T18:55:00+00:00,15128.18,15130.67,15127.17,15130.67,42
2026-07-23T19:00:00+00:00,15130.67,15133.67,15124.68,15124.68,54
2026-07-23T19:05:00+00:00,15124.68,15127.68,15120.66,15122.18,55
2026-07-23T19:10:00+00:00,15122.18,15122.68,15119.68,15119.68,22
2026-07-23T19:15:00+00:00,15119.68,15126.18,15119.67,15123.67,56
2026-07-23T19:20:00+00:00,15123.67,15133.67,15123.67,15133.17,56
2026-07-23T19:25:00+00:00,15133.17,15135.67,15132.66,15133.67,82
2026-07-23T19:30:00+00:00,15133.67,15138.68,15129.16,15131.16,90
2026-07-23T19:35:00+00:00,15131.16,15133.67,15129.67,15131.66,74
2026-07-23T19:40:00+00:00,15131.66,15133.66,15128.68,15128.68,48
2026-07-23T19:45:00+00:00,15128.68,15128.68,15121.66,15123.66,111
2026-07-23T19:50:00+00:00,15123.66,15127.67,15122.66,15125.67,163
2026-07-23T19:55:00+00:00,15125.67,15140.16,15125.67,15135.68,141
2026-07-23T20:00:00+00:00,15135.68,15140.68,15135.67,15138.16,142
2026-07-23T20:05:00+00:00,15138.16,15139.67,15137.66,15139.66,53
2026-07-23T20:10:00+00:00,15139.66,15143.67,15139.66,15142.66,40
2026-07-23T20:15:00+00:00,15142.66,15145.17,15141.67,15142.67,30
2026-07-23T20:20:00+00:00,15142.67,15147.68,15141.66,15146.68,42
2026-07-23T20:25:00+00:00,15146.68,15146.68,15143.66,15144.66,20
2026-07-23T20:30:00+00:00,15144.66,15146.67,15144.66,15145.67,23.663090128755364
2026-07-23T20:35:00+00:00,15145.67,15148.68,15145.66,15148.66,10
2026-07-23T20:40:00+00:00,15148.66,15148.68,15142.66,15145.16,19
2026-07-24T01:00:00+00:00,15145.16,15150.16,15120.37,15141.85,226.95360262008734
2026-07-24T01:05:00+00:00,15141.85,15166.37,15138.86,15164.85,211
2026-07-24T01:10:00+00:00,15164.85,15164.85,15151.86,15156.35,134
2026-07-24T01:15:00+00:00,15156.35,15187.37,15104.86,15167.37,859
2026-07-24T01:20:00+00:00,15167.37,15180.86,15147.35,15173.37,887
2026-07-24T01:25:00+00:00,15173.37,15195.36,15153.37,15170.37,1222
2026-07-24T01:30:00+00:00,15170.37,15170.37,15090.37,15126.86,7240
2026-07-24T01:35:00+00:00,15126.86,15139.37,15099.86,15129.87,4500
2026-07-24T01:40:00+00:00,15129.87,15159.86,15117.37,15144.87,3407
2026-07-24T01:45:00+00:00,15144.87,15167.86,15130.37,15132.85,3144
2026-07-24T01:50:00+00:00,15132.85,15146.37,15112.85,15118.87,2581
2026-07-24T01:55:00+00:00,15118.87,15141.87,15109.85,15128.87,2404
2026-07-24T02:00:00+00:00,15128.87,15147.87,15121.37,15134.35,2399
2026-07-24T02:05:00+00:00,15134.35,15174.87,15127.85,15174.37,2231
2026-07-24T02:10:00+00:00,15174.37,15181.87,15158.36,15159.35,1979
2026-07-24T02:15:00+00:00,15159.35,15172.86,15149.85,15159.85,1841
2026-07-24T02:20:00+00:00,15159.85,15166.85,15141.37,15161.36,1627
2026-07-24T02:25:00+00:00,15161.36,15178.86,15157.85,15164.86,1893
2026-07-24T02:30:00+00:00,15164.86,15168.36,15139.85,15155.87,1556
2026-07-24T02:35:00+00:00,15155.87,15156.86,15124.85,15125.85,1527
2026-07-24T02:40:00+00:00,15125.85,15135.85,15100.85,15107.87,1448
2026-07-24T02:45:00+00:00,15107.87,15124.87,15099.85,15110.35,1355
2026-07-24T02:50:00+00:00,15110.35,15124.85,15101.85,15119.85,1335
2026-07-24T02:55:00+00:00,15119.85,15126.36,15095.87,15100.36,1212
2026-07-24T03:00:00+00:00,15100.36,15101.87,15079.86,15087.35,1247
2026-07-24T03:05:00+00:00,15087.35,15097.87,15072.36,15074.36,1207
2026-07-24T03:10:00+00:00,15074.36,15096.36,15071.85,15089.35,1165
2026-07-24T03:15:00+00:00,15089.35,15098.86,15080.35,15092.85,1084
2026-07-24T03:20:00+00:00,15092.85,15102.37,15076.35,15088.85,1188
2026-07-24T03:25:00+00:00,15088.85,15107.87,15078.36,15101.35,1255
2026-07-24T03:30:00+00:00,15101.35,15106.35,15092.87,15103.35,231
2026-07-24T03:35:00+00:00,15103.35,15111.86,15103.35,15108.37,201
2026-07-24T03:40:00+00:00,15108.37,15109.85,15104.85,15108.36,119
2026-07-24T03:45:00+00:00,15108.36,15112.37,15107.85,15108.37,135
2026-07-24T03:50:00+00:00,15108.37,15110.87,15106.86,15106.87,94
2026-07-24T03:55:00+00:00,15106.87,15106.87,15099.36,15102.35,95
2026-07-24T04:00:00+00:00,15102.35,15104.36,15096.86,15103.87,70
2026-07-24T04:05:00+00:00,15103.87,15114.87,15103.87,15114.37,85
2026-07-24T04:10:00+00:00,15114.37,15115.87,15110.35,15110.86,47
2026-07-24T04:15:00+00:00,15110.86,15115.87,15108.35,15115.87,66
2026-07-24T04:20:00+00:00,15115.87,15124.85,15111.85,15122.87,146
2026-07-24T04:25:00+00:00,15122.87,15130.86,15121.85,15129.86,83
2026-07-24T04:30:00+00:00,15129.86,15129.86,15121.87,15124.36,111
2026-07-24T04:35:00+00:00,15124.36,15125.87,15122.87,15123.37,72
2026-07-24T04:40:00+00:00,15123.37,15123.37,15117.85,15121.35,67
2026-07-24T04:45:00+00:00,15121.35,15121.87,15115.37,15116.87,81
2026-07-24T04:50:00+00:00,15116.87,15123.37,15115.87,15122.85,101
2026-07-24T04:55:00+00:00,15122.85,15124.37,15119.86,15122.85,127
2026-07-24T05:00:00+00:00,15122.85,15136.87,15099.86,15103.85,2546
2026-07-24T05:05:00+00:00,15103.85,15159.87,15103.36,15140.36,2061
2026-07-24T05:10:00+00:00,15140.36,15176.36,15129.85,15137.86,1893
2026-07-24T05:15:00+00:00,15137.86,15141.37,15124.35,15133.86,1665
2026-07-24T05:20:00+00:00,15133.86,15136.87,15101.85,15104.37,1245
2026-07-24T05:25:00+00:00,15104.37,15128.85,15100.85,15114.85,1435
2026-07-24T05:30:00+00:00,15114.85,15115.35,15086.86,15095.36,1273
2026-07-24T05:35:00+00:00,15095.36,15099.87,15069.35,15070.36,1124
2026-07-24T05:40:00+00:00,15070.36,15080.87,15052.35,15053.36,1590
2026-07-24T05:45:00+00:00,15053.36,15066.87,15047.85,15049.36,1534
2026-07-24T05:50:00+00:00,15049.36,15050.36,15025.86,15028.85,1466
2026-07-24T05:55:00+00:00,15028.85,15038.86,15022.87,15029.36,1246
2026-07-24T06:00:00+00:00,15029.36,15042.85,15017.36,15018.86,1378
2026-07-24T06:05:00+00:00,15018.86,15027.36,15001.36,15023.86,1665
2026-07-24T06:10:00+00:00,15023.86,15057.35,15014.85,15056.37,1558
2026-07-24T06:15:00+00:00,15056.37,15063.87,15037.85,15049.37,1469
2026-07-24T06:20:00+00:00,15049.37,15075.87,15049.37,15058.86,1686
2026-07-24T06:25:00+00:00,15058.86,15069.35,15052.37,15063.87,1270
2026-07-24T06:30:00+00:00,15063.87,15074.87,15019.35,15034.85,1358
2026-07-24T06:35:00+00:00,15034.85,15038.87,15004.36,15007.85,1137
2026-07-24T06:40:00+00:00,15007.85,15009.37,14993.85,14999.36,1133
2026-07-24T06:45:00+00:00,14999.36,14999.37,14977.86,14987.37,1166
2026-07-24T06:50:00+00:00,14987.37,14993.86,14976.87,14981.36,1102
2026-07-24T06:55:00+00:00,14981.36,14988.87,14969.36,14985.85,1117
2026-07-24T07:00:00+00:00,14985.85,15012.86,14979.86,15008.85,540
2026-07-24T07:05:00+00:00,15008.85,15015.87,15007.86,15015.37,310
2026-07-24T07:10:00+00:00,15015.37,15026.37,15014.85,15024.36,288
2026-07-24T07:15:00+00:00,15024.36,15032.87,15023.85,15031.87,199
2026-07-24T07:20:00+00:00,15031.87,15037.87,15031.85,15037.87,103
2026-07-24T07:25:00+00:00,15037.87,15046.87,15036.85,15037.36,180
2026-07-24T07:30:00+00:00,15037.36,15038.86,15028.85,15030.35,239
2026-07-24T07:35:00+00:00,15030.35,15034.87,15028.86,15028.86,222
2026-07-24T07:40:00+00:00,15028.86,15028.87,15021.35,15026.86,121
2026-07-24T07:45:00+00:00,15026.86,15026.87,15022.36,15023.87,79
2026-07-24T07:50:00+00:00,15023.87,15026.36,15019.86,15023.37,135
2026-07-24T07:55:00+00:00,15023.37,15025.86,15022.85,15024.85,105
2026-07-24T08:00:00+00:00,15024.85,15024.85,15005.86,15009.85,213
2026-07-24T08:05:00+00:00,15009.85,15018.87,15006.87,15016.86,192
2026-07-24T08:10:00+00:00,15016.86,15016.87,15010.87,15011.85,96
2026-07-24T08:15:00+00:00,15011.85,15016.37,15010.86,15014.86,145
2026-07-24T08:20:00+00:00,15014.86,15015.86,15009.85,15011.85,70
2026-07-24T08:25:00+00:00,15011.85,15022.36,15009.85,15020.36,191
2026-07-24T09:00:00+00:00,15020.36,15032.87,15016.35,15030.35,199
2026-07-24T09:05:00+00:00,15030.35,15042.37,15029.85,15041.85,72
2026-07-24T09:10:00+00:00,15041.85,15043.87,15037.87,15040.36,37
2026-07-24T09:15:00+00:00,15040.36,15043.37,15039.37,15043.37,65
2026-07-24T09:20:00+00:00,15043.37,15044.87,15040.86,15043.87,57
2026-07-24T09:25:00+00:00,15043.87,15049.37,15042.85,15042.86,107
2026-07-24T09:30:00+00:00,15042.86,15047.87,15040.36,15043.87,81
2026-07-24T09:35:00+00:00,15043.87,15045.37,15042.85,15044.86,28
2026-07-24T09:40:00+00:00,15044.86,15045.37,15040.87,15041.35,49
2026-07-24T09:45:00+00:00,15041.35,15042.87,15040.86,15041.37,34
2026-07-24T09:50:00+00:00,15041.37,15042.85,15040.35,15041.86,25
2026-07-24T09:55:00+00:00,15041.86,15042.87,15039.86,15040.37,42
2026-07-24T10:00:00+00:00,15040.37,15043.85,15039.85,15039.87,60.42536115569823
2026-07-24T10:05:00+00:00,15039.87,15040.87,15038.86,15039.35,20
2026-07-24T10:10:00+00:00,15039.35,15041.87,15039.35,15039.36,46
2026-07-24T10:15:00+00:00,15039.36,15039.36,15034.36,15034.86,45
2026-07-24T10:20:00+00:00,15034.86,15034.86,15028.85,15030.87,67
2026-07-24T10:25:00+00:00,15030.87,15036.87,15028.86,15036.87,47
2026-07-24T10:30:00+00:00,15036.87,15044.36,15036.87,15038.86,62
2026-07-24T10:35:00+00:00,15038.86,15038.86,15031.87,15036.37,43
2026-07-24T10:40:00+00:00,15036.37,15036.86,15034.36,15034.86,37
2026-07-24T10:45:00+00:00,15034.86,15035.35,15029.87,15030.85,44
2026-07-24T10:50:00+00:00,15030.85,15030.85,15024.86,15026.36,30
2026-07-24T10:55:00+00:00,15026.36,15032.87,15025.85,15031.85,37
2026-07-24T11:00:00+00:00,15031.85,15048.86,15031.37,15045.37,97
2026-07-24T11:05:00+00:00,15045.37,15045.86,15038.87,15038.87,49
2026-07-24T11:10:00+00:00,15038.87,15041.86,15038.86,15041.85,25.412862246923382
2026-07-24T11:15:00+00:00,15041.85,15047.86,15040.85,15044.85,48
2026-07-24T11:20:00+00:00,15044.85,15044.85,15040.86,15043.35,27
2026-07-24T11:25:00+00:00,15043.35,15043.87,15040.85,15041.85,38
2026-07-24T11:30:00+00:00,15041.85,15048.85,15041.37,15048.37,40
2026-07-24T11:35:00+00:00,15048.37,15051.37,15045.86,15047.87,87
2026-07-24T11:40:00+00:00,15047.87,15052.37,15046.85,15049.36,66
2026-07-24T11:45:00+00:00,15049.36,15050.86,15045.85,15047.35,31
2026-07-24T11:50:00+00:00,15047.35,15048.86,15046.85,15048.35,27
2026-07-24T11:55:00+00:00,15048.35,15065.85,15046.35,15058.36,317
2026-07-24T12:00:00+00:00,15058.36,15062.37,15055.86,15059.85,188
2026-07-24T12:05:00+00:00,15059.85,15063.87,15055.85,15062.86,77
2026-07-24T12:10:00+00:00,15062.86,15062.87,15058.85,15060.87,77
2026-07-24T12:15:00+00:00,15060.87,15060.87,15054.86,15054.87,75
2026-07-24T12:20:00+00:00,15054.87,15054.87,15050.35,15050.36,44
2026-07-24T12:25:00+00:00,15050.36,15051.86,15044.85,15051.35,86
2026-07-24T12:30:00+00:00,15051.35,15051.35,15045.35,15045.35,55
2026-07-24T12:35:00+00:00,15045.35,15049.87,15044.36,15049.85,42
2026-07-24T12:40:00+00:00,15049.85,15049.87,15042.36,15043.85,49
2026-07-24T12:45:00+00:00,15043.85,15049.87,15043.85,15048.37,58
2026-07-24T12:50:00+00:00,15048.37,15050.87,15045.86,15048.36,55
2026-07-24T12:55:00+00:00,15048.36,15048.36,15041.85,15044.37,60
2026-07-24T13:00:00+00:00,15044.37,15047.86,15043.85,15044.86,64.29124668435013
2026-07-24T13:05:00+00:00,15044.86,15045.87,15042.35,15044.87,48
2026-07-24T13:10:00+00:00,15044.87,15045.87,15043.85,15043.85,32
2026-07-24T13:15:00+00:00,15043.85,15048.37,15043.85,15048.37,36
2026-07-24T13:20:00+00:00,15048.37,15048.87,15045.86,15047.37,35
2026-07-24T13:25:00+00:00,15047.37,15051.37,15044.85,15049.87,101
2026-07-24T13:30:00+00:00,15049.87,15057.87,15045.86,15050.37,526
2026-07-24T13:35:00+00:00,15050.37,15055.87,15046.86,15055.35,348
2026-07-24T13:40:00+00:00,15055.35,15055.87,15046.85,15053.85,228
2026-07-24T13:45:00+00:00,15053.85,15056.36,15046.85,15051.87,368
2026-07-24T13:50:00+00:00,15051.87,15051.87,15030.85,15030.85,321
2026-07-24T13:55:00+00:00,15030.85,15035.37,15027.85,15028.87,252
2026-07-24T14:00:00+00:00,15028.87,15039.86,15026.86,15029.35,468
2026-07-24T14:05:00+00:00,15029.35,15038.87,15027.85,15038.86,319
2026-07-24T14:10:00+00:00,15038.86,15042.85,15033.86,15036.36,241
2026-07-24T14:15:00+00:00,15036.36,15037.36,15019.85,15024.87,281
2026-07-24T14:20:00+00:00,15024.87,15038.87,15020.86,15034.87,398
2026-07-24T14:25:00+00:00,15034.87,15035.87,15026.85,15028.37,344
2026-07-24T14:30:00+00:00,15028.37,15028.87,15021.85,15021.85,222
2026-07-24T14:35:00+00:00,15021.85,15024.86,15016.87,15017.86,213
2026-07-24T14:40:00+00:00,15017.86,15021.37,15013.87,15017.37,291
2026-07-24T14:45:00+00:00,15017.37,15026.87,15013.85,15026.86,248
2026-07-24T14:50:00+00:00,15026.86,15030.36,15024.85,15028.36,223
2026-07-24T14:55:00+00:00,15028.36,15046.85,15028.36,15044.87,209
2026-07-24T15:00:00+00:00,15044.87,15050.87,15039.85,15041.35,273
2026-07-24T15:05:00+00:00,15041.35,15046.87,15038.85,15041.35,194
2026-07-24T15:10:00+00:00,15041.35,15066.85,15040.87,15063.85,681
2026-07-24T15:15:00+00:00,15063.85,15075.87,15058.87,15060.36,581
2026-07-24T15:20:00+00:00,15060.36,15067.87,15059.35,15063.86,263
2026-07-24T15:25:00+00:00,15063.86,15071.87,15063.86,15066.37,251
2026-07-24T15:30:00+00:00,15066.37,15068.85,15061.85,15062.36,231
2026-07-24T15:35:00+00:00,15062.36,15071.85,15060.86,15070.87,197
2026-07-24T15:40:00+00:00,15070.87,15072.87,15062.86,15063.85,240
2026-07-24T15:45:00+00:00,15063.85,15067.86,15063.85,15066.86,171
2026-07-24T15:50:00+00:00,15066.86,15072.87,15066.86,15070.36,159
2026-07-24T15:55:00+00:00,15070.36,15074.87,15069.85,15072.87,88
2026-07-24T16:00:00+00:00,15072.87,15075.87,15070.85,15074.87,115
2026-07-24T16:05:00+00:00,15074.87,15077.87,15072.85,15076.85,64
2026-07-24T16:10:00+00:00,15076.85,15078.87,15073.85,15074.37,125
2026-07-24T16:15:00+00:00,15074.37,15076.37,15072.87,15073.87,93
2026-07-24T16:20:00+00:00,15073.87,15076.86,15071.87,15072.85,96
2026-07-24T16:25:00+00:00,15072.85,15072.87,15069.86,15069.86,68
2026-07-24T16:30:00+00:00,15069.86,15069.86,15061.85,15063.85,162
2026-07-24T16:35:00+00:00,15063.85,15063.87,15058.85,15060.87,143
2026-07-24T16:40:00+00:00,15060.87,15060.87,15052.85,15053.37,95
2026-07-24T16:45:00+00:00,15053.37,15054.87,15046.86,15047.87,139
2026-07-24T16:50:00+00:00,15047.87,15048.35,15044.85,15045.86,119
2026-07-24T16:55:00+00:00,15045.86,15052.86,15044.85,15050.86,81
2026-07-24T17:00:00+00:00,15050.86,15051.37,15045.85,15046.37,85
2026-07-24T17:05:00+00:00,15046.37,15046.86,15033.36,15033.87,241
2026-07-24T17:10:00+00:00,15033.87,15036.87,15032.85,15035.87,123
2026-07-24T17:15:00+00:00,15035.87,15038.86,15034.36,15038.86,157
2026-07-24T17:20:00+00:00,15038.86,15040.86,15033.85,15036.37,150
2026-07-24T17:25:00+00:00,15036.37,15040.87,15035.87,15040.85,90
2026-07-24T17:30:00+00:00,15040.85,15042.87,15038.85,15042.86,95
2026-07-24T17:35:00+00:00,15042.86,15042.87,15035.86,15036.85,85
2026-07-24T17:40:00+00:00,15036.85,15036.87,15033.36,15033.36,88
2026-07-24T17:45:00+00:00,15033.36,15035.87,15031.85,15035.86,100
2026-07-24T17:50:00+00:00,15035.86,15036.87,15033.85,15034.36,88
2026-07-24T17:55:00+00:00,15034.36,15037.87,15033.87,15033.87,113
2026-07-24T18:00:00+00:00,15033.87,15035.87,15030.85,15030.86,87
2026-07-24T18:05:00+00:00,15030.86,15036.87,15030.86,15034.85,80
2026-07-24T18:10:00+00:00,15034.85,15035.85,15030.37,15030.86,69
2026-07-24T18:15:00+00:00,15030.86,15032.86,15026.86,15027.86,107
2026-07-24T18:20:00+00:00,15027.86,15028.86,15024.87,15026.36,104
2026-07-24T18:25:00+00:00,15026.36,15026.86,15021.36,15022.86,91
2026-07-24T18:30:00+00:00,15022.86,15023.85,15012.85,15012.85,154
2026-07-24T18:35:00+00:00,15012.85,15014.37,15008.85,15011.87,178
2026-07-24T18:40:00+00:00,15011.87,15012.86,15006.36,15009.86,136
2026-07-24T18:45:00+00:00,15009.86,15019.85,15008.85,15017.36,152
2026-07-24T18:50:00+00:00,15017.36,15019.87,15013.86,15014.85,109
2026-07-24T18:55:00+00:00,15014.85,15017.87,15013.85,15015.86,101
2026-07-24T19:00:00+00:00,15015.86,15018.86,15012.36,15012.86,81
2026-07-24T19:05:00+00:00,15012.86,15014.36,15006.85,15008.37,99
2026-07-24T19:10:00+00:00,15008.37,15012.86,15006.86,15008.36,89
2026-07-24T19:15:00+00:00,15008.36,15012.87,15005.85,15010.35,108
2026-07-24T19:20:00+00:00,15010.35,15014.36,15007.86,15010.87,95
2026-07-24T19:25:00+00:00,15010.87,15011.86,15007.87,15010.35,92
2026-07-24T19:30:00+00:00,15010.35,15013.87,15009.85,15010.37,114
2026-07-24T19:35:00+00:00,15010.37,15014.85,15009.36,15013.35,120
2026-07-24T19:40:00+00:00,15013.35,15015.86,15012.85,15013.85,72
2026-07-24T19:45:00+00:00,15013.85,15015.86,15012.85,15015.86,89
2026-07-24T19:50:00+00:00,15015.86,15024.86,15012.85,15022.85,161
2026-07-24T19:55:00+00:00,15022.85,15022.85,15016.36,15021.87,98
2026-07-24T20:00:00+00:00,15021.87,15022.37,15016.86,15018.86,37
2026-07-24T20:05:00+00:00,15018.86,15018.86,15017.36,15017.85,11
2026-07-24T20:10:00+00:00,15017.85,15018.37,15017.35,15017.86,17
2026-07-24T20:15:00+00:00,15017.86,15019.85,15017.86,15019.36,13
2026-07-24T20:20:00+00:00,15019.36,15022.87,15019.36,15020.86,10
2026-07-24T20:25:00+00:00,15020.86,15021.85,15019.36,15019.36,27.718130311614733
2026-07-24T20:30:00+00:00,15019.36,15019.86,15018.36,15018.37,11.426946983234012
2026-07-24T20:35:00+00:00,15018.37,15020.87,15018.35,15020.85,12.144426998943045
2026-07-24T20:40:00+00:00,15020.85,15022.37,15020.85,15022.36,9.776699029126213
2026-07-27T01:00:00+00:00,15022.36,15070.2,15022.36,15052.2,204.00539772727274
2026-07-27T01:05:00+00:00,15052.2,15062.69,15048.7,15062.68,165
2026-07-27T01:10:00+00:00,15062.68,15067.18,15057.68,15066.18,142
2026-07-27T01:15:00+00:00,15066.18,15091.69,15056.68,15057.7,732
2026-07-27T01:20:00+00:00,15057.7,15117.7,15054.19,15107.19,850
2026-07-27T01:25:00+00:00,15107.19,15107.2,15056.2,15070.7,657
2026-07-27T01:30:00+00:00,15070.7,15091.2,15013.2,15056.69,3748
2026-07-27T01:35:00+00:00,15056.69,15056.7,14991.18,15036.2,2320
2026-07-27T01:40:00+00:00,15036.2,15069.2,15030.19,15058.2,1543
2026-07-27T01:45:00+00:00,15058.2,15082.2,15029.18,15075.68,2315
2026-07-27T01:50:00+00:00,15075.68,15098.19,15062.18,15074.19,1939
2026-07-27T01:55:00+00:00,15074.19,15100.7,15070.2,15094.19,1921
2026-07-27T02:00:00+00:00,15094.19,15105.7,15082.18,15089.2,1916
2026-07-27T02:05:00+00:00,15089.2,15124.2,15084.7,15107.69,1554
2026-07-27T02:10:00+00:00,15107.69,15112.19,15077.2,15079.7,1354
2026-07-27T02:15:00+00:00,15079.7,15091.2,15069.18,15089.2,1240
2026-07-27T02:20:00+00:00,15089.2,15099.68,15078.19,15090.19,1210
2026-07-27T02:25:00+00:00,15090.19,15113.2,15089.18,15096.2,886
2026-07-27T02:30:00+00:00,15096.2,15108.2,15086.18,15099.2,1143
2026-07-27T02:35:00+00:00,15099.2,15106.19,15090.19,15095.19,1156
2026-07-27T02:40:00+00:00,15095.19,15103.18,15086.2,15094.19,863
2026-07-27T02:45:00+00:00,15094.19,15101.19,15082.19,15089.19,784
2026-07-27T02:50:00+00:00,15089.19,15106.19,15087.18,15105.2,781
2026-07-27T02:55:00+00:00,15105.2,15108.2,15089.18,15089.2,814
2026-07-27T03:00:00+00:00,15089.2,15107.19,15084.18,15091.18,767
2026-07-27T03:05:00+00:00,15091.18,15102.2,15086.19,15088.2,739
2026-07-27T03:10:00+00:00,15088.2,15107.2,15087.18,15098.18,594
2026-07-27T03:15:00+00:00,15098.18,15102.69,15086.18,15092.7,639
2026-07-27T03:20:00+00:00,15092.7,15112.2,15086.18,15110.69,604
2026-07-27T03:25:00+00:00,15110.69,15116.68,15093.69,15094.19,584
2026-07-27T03:30:00+00:00,15094.19,15102.7,15090.19,15100.18,159
2026-07-27T03:35:00+00:00,15100.18,15100.18,15089.69,15092.18,97
2026-07-27T03:40:00+00:00,15092.18,15097.19,15090.2,15090.2,144
2026-07-27T03:45:00+00:00,15090.2,15090.2,15079.68,15083.19,104
2026-07-27T03:50:00+00:00,15083.19,15087.69,15079.68,15087.69,90
2026-07-27T03:55:00+00:00,15087.69,15090.19,15087.18,15088.69,90
2026-07-27T04:00:00+00:00,15088.69,15095.18,15088.69,15094.2,63
2026-07-27T04:05:00+00:00,15094.2,15099.18,15093.18,15096.18,54
2026-07-27T04:10:00+00:00,15096.18,15097.7,15094.69,15097.18,35
2026-07-27T04:15:00+00:00,15097.18,15101.19,15096.2,15100.68,51
2026-07-27T04:20:00+00:00,15100.68,15107.2,15099.19,15105.69,93
2026-07-27T04:25:00+00:00,15105.69,15110.69,15104.68,15110.2,123
2026-07-27T04:30:00+00:00,15110.2,15113.69,15105.18,15112.68,123
2026-07-27T04:35:00+00:00,15112.68,15115.2,15108.19,15112.69,117
2026-07-27T04:40:00+00:00,15112.69,15120.19,15112.2,15118.69,103
2026-07-27T04:45:00+00:00,15118.69,15123.19,15118.18,15119.68,98
2026-07-27T04:50:00+00:00,15119.68,15124.2,15119.18,15124.18,70
2026-07-27T04:55:00+00:00,15124.18,15132.2,15120.18,15130.2,111
2026-07-27T05:00:00+00:00,15130.2,15130.2,15106.7,15119.19,1558
2026-07-27T05:05:00+00:00,15119.19,15127.19,15108.7,15117.68,839
2026-07-27T05:10:00+00:00,15117.68,15124.19,15099.7,15117.18,993
2026-07-27T05:15:00+00:00,15117.18,15122.18,15100.69,15102.19,761
2026-07-27T05:20:00+00:00,15102.19,15106.2,15092.2,15092.2,547
2026-07-27T05:25:00+00:00,15092.2,15097.18,15084.19,15089.2,672
2026-07-27T05:30:00+00:00,15089.2,15092.19,15057.18,15070.18,846
2026-07-27T05:35:00+00:00,15070.18,15082.2,15063.7,15077.2,692
2026-07-27T05:40:00+00:00,15077.2,15089.68,15075.18,15085.19,565
2026-07-27T05:45:00+00:00,15085.19,15108.19,15073.2,15105.19,609
2026-07-27T05:50:00+00:00,15105.19,15120.18,15103.19,15108.18,637
2026-07-27T05:55:00+00:00,15108.18,15113.18,15101.68,15109.19,408
2026-07-27T06:00:00+00:00,15109.19,15119.19,15103.69,15118.69,602
2026-07-27T06:05:00+00:00,15118.69,15143.2,15118.68,15139.68,623
2026-07-27T06:10:00+00:00,15139.68,15150.19,15129.68,15137.18,570
2026-07-27T06:15:00+00:00,15137.18,15140.18,15127.7,15136.18,466
2026-07-27T06:20:00+00:00,15136.18,15145.2,15130.7,15144.2,453
2026-07-27T06:25:00+00:00,15144.2,15154.18,15139.18,15151.19,460
2026-07-27T06:30:00+00:00,15151.19,15190.2,15151.19,15189.19,710
2026-07-27T06:35:00+00:00,15189.19,15209.2,15175.18,15203.18,665
2026-07-27T06:40:00+00:00,15203.18,15208.2,15185.18,15192.18,659
2026-07-27T06:45:00+00:00,15192.18,15204.69,15186.18,15201.19,546
2026-07-27T06:50:00+00:00,15201.19,15208.69,15193.19,15205.2,626
2026-07-27T06:55:00+00:00,15205.2,15217.2,15204.19,15211.69,516
2026-07-27T07:00:00+00:00,15211.69,15231.7,15211.2,15225.68,330
2026-07-27T07:05:00+00:00,15225.68,15225.68,15211.18,15212.19,218
2026-07-27T07:10:00+00:00,15212.19,15218.2,15209.18,15217.18,176
2026-07-27T07:15:00+00:00,15217.18,15218.2,15214.18,15217.19,118
2026-07-27T07:20:00+00:00,15217.19,15221.19,15217.18,15221.18,61
2026-07-27T07:25:00+00:00,15221.18,15221.18,15212.18,15214.19,87
2026-07-27T07:30:00+00:00,15214.19,15214.2,15206.7,15212.2,61
2026-07-27T07:35:00+00:00,15212.2,15213.7,15204.69,15206.19,66
2026-07-27T07:40:00+00:00,15206.19,15209.7,15203.18,15209.18,73
2026-07-27T07:45:00+00:00,15209.18,15209.19,15204.18,15205.68,65
2026-07-27T07:50:00+00:00,15205.68,15205.68,15201.18,15203.18,49
2026-07-27T07:55:00+00:00,15203.18,15204.19,15196.18,15198.2,45
2026-07-27T08:00:00+00:00,15198.2,15199.19,15190.18,15190.69,227
2026-07-27T08:05:00+00:00,15190.69,15196.2,15189.19,15189.19,160
2026-07-27T08:10:00+00:00,15189.19,15195.2,15188.18,15194.2,128
2026-07-27T08:15:00+00:00,15194.2,15195.2,15191.18,15191.18,102
2026-07-27T08:20:00+00:00,15191.18,15193.68,15188.2,15190.19,105
2026-07-27T08:25:00+00:00,15190.19,15198.69,15189.18,15198.69,120
2026-07-27T09:00:00+00:00,15198.69,15203.69,15197.18,15202.19,68
2026-07-27T09:05:00+00:00,15202.19,15207.7,15196.68,15198.2,117
2026-07-27T09:10:00+00:00,15198.2,15201.7,15196.18,15196.18,33.551410963347394
2026-07-27T09:15:00+00:00,15196.18,15199.2,15194.69,15196.19,41
2026-07-27T09:20:00+00:00,15196.19,15196.2,15194.19,15195.2,29
2026-07-27T09:25:00+00:00,15195.2,15202.2,15195.2,15201.2,64
2026-07-27T09:30:00+00:00,15201.2,15201.2,15196.19,15198.2,55
2026-07-27T09:35:00+00:00,15198.2,15202.18,15198.2,15202.18,31
2026-07-27T09:40:00+00:00,15202.18,15202.19,15198.18,15199.68,21
2026-07-27T09:45:00+00:00,15199.68,15200.2,15196.2,15196.2,51
2026-07-27T09:50:00+00:00,15196.2,15197.2,15196.18,15197.18,9
2026-07-27T09:55:00+00:00,15197.18,15197.69,15194.19,15194.19,35
2026-07-27T10:00:00+00:00,15194.19,15195.18,15191.2,15193.7,42
2026-07-27T10:05:00+00:00,15193.7,15194.2,15192.19,15194.19,27
2026-07-27T10:10:00+00:00,15194.19,15194.19,15188.18,15192.19,43
2026-07-27T10:15:00+00:00,15192.19,15192.7,15189.19,15190.18,48
2026-07-27T10:20:00+00:00,15190.18,15191.2,15189.18,15189.18,33
2026-07-27T10:25:00+00:00,15189.18,15192.69,15189.18,15190.69,28
2026-07-27T10:30:00+00:00,15190.69,15192.2,15190.18,15191.18,30
2026-07-27T10:35:00+00:00,15191.18,15191.19,15188.2,15189.19,33
2026-07-27T10:40:00+00:00,15189.19,15194.2,15188.69,15192.18,23
2026-07-27T10:45:00+00:00,15192.18,15192.68,15190.68,15192.2,23
2026-07-27T10:50:00+00:00,15192.2,15193.18,15190.18,15191.68,34
2026-07-27T10:55:00+00:00,15191.68,15195.7,15191.19,15191.2,35
2026-07-27T11:00:00+00:00,15191.2,15193.19,15186.18,15187.2,50
2026-07-27T11:05:00+00:00,15187.2,15190.19,15184.18,15187.19,27
2026-07-27T11:10:00+00:00,15187.19,15190.2,15187.18,15189.7,17
2026-07-27T11:15:00+00:00,15189.7,15190.18,15186.18,15186.18,52
2026-07-27T11:20:00+00:00,15186.18,15187.19,15185.18,15185.18,39
2026-07-27T11:25:00+00:00,15185.18,15189.2,15180.19,15180.19,62
2026-07-27T11:30:00+00:00,15180.19,15188.2,15179.68,15180.7,114
2026-07-27T11:35:00+00:00,15180.7,15182.18,15179.68,15179.68,82
2026-07-27T11:40:00+00:00,15179.68,15184.69,15177.18,15183.19,70
2026-07-27T11:45:00+00:00,15183.19,15186.18,15182.7,15184.2,21
2026-07-27T11:50:00+00:00,15184.2,15184.2,15182.7,15183.2,13
2026-07-27T11:55:00+00:00,15183.2,15185.7,15182.68,15185.2,26
2026-07-27T12:00:00+00:00,15185.2,15188.2,15185.2,15187.18,43
2026-07-27T12:05:00+00:00,15187.18,15191.2,15186.2,15190.69,36
2026-07-27T12:10:00+00:00,15190.69,15195.2,15186.19,15187.18,105
2026-07-27T12:15:00+00:00,15187.18,15188.69,15184.68,15185.7,39.866301798279906
2026-07-27T12:20:00+00:00,15185.7,15186.19,15183.18,15183.68,44
2026-07-27T12:25:00+00:00,15183.68,15186.2,15183.19,15185.69,25
2026-07-27T12:30:00+00:00,15185.69,15186.7,15183.2,15186.69,40
2026-07-27T12:35:00+00:00,15186.69,15190.69,15186.69,15189.7,42
2026-07-27T12:40:00+00:00,15189.7,15190.18,15181.7,15189.18,55
2026-07-27T12:45:00+00:00,15189.18,15193.2,15189.18,15191.18,44
2026-07-27T12:50:00+00:00,15191.18,15195.19,15191.18,15194.69,53
2026-07-27T12:55:00+00:00,15194.69,15196.2,15193.18,15195.68,46
2026-07-27T13:00:00+00:00,15195.68,15197.18,15190.68,15193.2,62
2026-07-27T13:05:00+00:00,15193.2,15197.19,15191.68,15197.19,46
2026-07-27T13:10:00+00:00,15197.19,15203.7,15196.7,15201.19,33
2026-07-27T13:15:00+00:00,15201.19,15202.18,15197.19,15199.18,33
2026-07-27T13:20:00+00:00,15199.18,15201.7,15199.18,15199.18,32
2026-07-27T13:25:00+00:00,15199.18,15202.2,15197.18,15197.69,58
2026-07-27T13:30:00+00:00,15197.69,15202.2,15187.18,15192.19,226
2026-07-27T13:35:00+00:00,15192.19,15205.2,15191.19,15199.2,213
2026-07-27T13:40:00+00:00,15199.2,15200.2,15186.19,15191.19,233
2026-07-27T13:45:00+00:00,15191.19,15197.2,15187.18,15193.19,256
2026-07-27T13:50:00+00:00,15193.19,15199.18,15190.18,15190.2,219
2026-07-27T13:55:00+00:00,15190.2,15190.2,15175.19,15176.2,208
2026-07-27T14:00:00+00:00,15176.2,15183.2,15170.7,15182.2,234
2026-07-27T14:05:00+00:00,15182.2,15184.2,15173.18,15176.19,196
2026-07-27T14:10:00+00:00,15176.19,15176.2,15168.19,15172.68,208
2026-07-27T14:15:00+00:00,15172.68,15181.69,15172.68,15180.2,234
2026-07-27T14:20:00+00:00,15180.2,15180.2,15168.18,15169.7,201
2026-07-27T14:25:00+00:00,15169.7,15171.19,15155.7,15155.7,201
2026-07-27T14:30:00+00:00,15155.7,15158.2,15150.68,15155.68,302
2026-07-27T14:35:00+00:00,15155.68,15159.19,15148.69,15157.19,241
2026-07-27T14:40:00+00:00,15157.19,15158.2,15147.18,15148.18,257
2026-07-27T14:45:00+00:00,15148.18,15159.18,15148.18,15158.7,207
2026-07-27T14:50:00+00:00,15158.7,15169.2,15158.18,15168.2,238
2026-07-27T14:55:00+00:00,15168.2,15181.2,15167.68,15180.19,227
2026-07-27T15:00:00+00:00,15180.19,15191.2,15176.68,15190.18,270
2026-07-27T15:05:00+00:00,15190.18,15191.19,15178.68,15179.18,197
2026-07-27T15:10:00+00:00,15179.18,15188.69,15177.18,15188.2,215
2026-07-27T15:15:00+00:00,15188.2,15189.18,15177.18,15182.19,212
2026-07-27T15:20:00+00:00,15182.19,15199.2,15182.19,15190.68,279
2026-07-27T15:25:00+00:00,15190.68,15193.19,15188.18,15193.19,128
2026-07-27T15:30:00+00:00,15193.19,15193.19,15176.19,15177.18,180
2026-07-27T15:35:00+00:00,15177.18,15178.2,15173.19,15177.2,145
2026-07-27T15:40:00+00:00,15177.2,15180.19,15174.18,15175.2,148
2026-07-27T15:45:00+00:00,15175.2,15177.19,15168.18,15168.2,196
2026-07-27T15:50:00+00:00,15168.2,15172.69,15167.18,15169.18,199
2026-07-27T15:55:00+00:00,15169.18,15174.19,15168.19,15172.2,209
2026-07-27T16:00:00+00:00,15172.2,15174.2,15169.19,15173.19,218
2026-07-27T16:05:00+00:00,15173.19,15175.2,15168.18,15174.18,204
2026-07-27T16:10:00+00:00,15174.18,15177.2,15167.18,15169.18,211
2026-07-27T16:15:00+00:00,15169.18,15175.2,15166.18,15172.19,189
2026-07-27T16:20:00+00:00,15172.19,15176.2,15170.18,15173.2,161
2026-07-27T16:25:00+00:00,15173.2,15189.19,15172.18,15185.2,600
2026-07-27T16:30:00+00:00,15185.2,15190.19,15179.19,15180.18,253
2026-07-27T16:35:00+00:00,15180.18,15185.68,15177.19,15182.18,187
2026-07-27T16:40:00+00:00,15182.18,15182.2,15174.19,15174.2,122
2026-07-27T16:45:00+00:00,15174.2,15179.7,15173.18,15174.18,224
2026-07-27T16:50:00+00:00,15174.18,15175.2,15168.19,15170.18,223
2026-07-27T16:55:00+00:00,15170.18,15171.2,15166.18,15168.18,169
2026-07-27T17:00:00+00:00,15168.18,15168.18,15156.18,15157.19,162
2026-07-27T17:05:00+00:00,15157.19,15159.2,15155.2,15158.18,158
2026-07-27T17:10:00+00:00,15158.18,15161.2,15155.19,15159.2,95
2026-07-27T17:15:00+00:00,15159.2,15160.2,15152.18,15154.18,144
2026-07-27T17:20:00+00:00,15154.18,15162.2,15153.68,15155.69,138
2026-07-27T17:25:00+00:00,15155.69,15161.2,15155.18,15156.18,128
2026-07-27T17:30:00+00:00,15156.18,15166.2,15155.19,15166.2,110
2026-07-27T17:35:00+00:00,15166.2,15166.2,15161.19,15162.19,141
2026-07-27T17:40:00+00:00,15162.19,15165.19,15160.18,15162.18,121
2026-07-27T17:45:00+00:00,15162.18,15164.2,15159.2,15160.18,100
2026-07-27T17:50:00+00:00,15160.18,15167.18,15159.19,15167.18,123
2026-07-27T17:55:00+00:00,15167.18,15167.68,15163.7,15166.18,105
2026-07-27T18:00:00+00:00,15166.18,15167.2,15163.18,15163.18,135
2026-07-27T18:05:00+00:00,15163.18,15166.2,15162.18,15163.19,117
2026-07-27T18:10:00+00:00,15163.19,15165.2,15162.18,15163.18,121
2026-07-27T18:15:00+00:00,15163.18,15164.2,15156.7,15160.19,144
2026-07-27T18:20:00+00:00,15160.19,15164.2,15158.19,15162.18,106
2026-07-27T18:25:00+00:00,15162.18,15164.2,15161.19,15163.19,74
2026-07-27T18:30:00+00:00,15163.19,15163.19,15159.18,15161.19,74
2026-07-27T18:35:00+00:00,15161.19,15162.2,15157.18,15157.2,87
2026-07-27T18:40:00+00:00,15157.2,15165.7,15155.18,15162.2,291
2026-07-27T18:45:00+00:00,15162.2,15164.2,15161.7,15163.2,105
2026-07-27T18:50:00+00:00,15163.2,15175.2,15162.19,15173.69,156
2026-07-27T18:55:00+00:00,15173.69,15176.2,15171.18,15174.2,170
2026-07-27T19:00:00+00:00,15174.2,15178.19,15172.18,15176.19,103
2026-07-27T19:05:00+00:00,15176.19,15181.19,15174.18,15181.18,57
2026-07-27T19:10:00+00:00,15181.18,15183.2,15178.19,15179.18,54
2026-07-27T19:15:00+00:00,15179.18,15182.2,15178.69,15181.7,57
2026-07-27T19:20:00+00:00,15181.7,15183.69,15180.68,15183.2,49
2026-07-27T19:25:00+00:00,15183.2,15185.2,15180.2,15183.19,61
2026-07-27T19:30:00+00:00,15183.19,15187.19,15182.18,15185.2,85
2026-07-27T19:35:00+00:00,15185.2,15187.2,15184.18,15184.19,62
2026-07-27T19:40:00+00:00,15184.19,15186.19,15182.68,15185.19,38
2026-07-27T19:45:00+00:00,15185.19,15189.7,15183.2,15189.18,64
2026-07-27T19:50:00+00:00,15189.18,15189.69,15184.18,15187.2,101
2026-07-27T19:55:00+00:00,15187.2,15192.2,15185.68,15190.19,98
2026-07-27T20:00:00+00:00,15190.19,15193.18,15189.68,15192.7,41
2026-07-27T20:05:00+00:00,15192.7,15192.7,15187.18,15188.18,17
2026-07-27T20:10:00+00:00,15188.18,15188.19,15185.18,15188.19,14
2026-07-27T20:15:00+00:00,15188.19,15189.7,15187.68,15189.7,10.824893516327496
2026-07-27T20:20:00+00:00,15189.7,15189.7,15188.18,15189.2,16
2026-07-27T20:25:00+00:00,15189.2,15190.7,15189.2,15190.7,8
2026-07-27T20:30:00+00:00,15190.7,15192.69,15190.69,15192.69,9.899073120494336
2026-07-27T20:35:00+00:00,15192.69,15194.7,15192.69,15193.18,14.819327731092438
2026-07-27T20:40:00+00:00,15193.18,15194.19,15193.18,15193.69,11.90840108401084
2026-07-28T01:00:00+00:00,15193.69,15193.69,15117.210000000001,15117.210000000001,328.94757609921083
2026-07-28T01:05:00+00:00,15117.210000000001,15117.210000000001,15094.210000000001,15095.22,387
2026-07-28T01:10:00+00:00,15095.22,15096.210000000001,15075.710000000001,15084.23,461
2026-07-28T01:15:00+00:00,15084.23,15087.73,15044.72,15057.210000000001,1328
2026-07-28T01:20:00+00:00,15057.210000000001,15057.73,15009.22,15033.73,1053
2026-07-28T01:25:00+00:00,15033.73,15042.710000000001,15009.22,15016.72,974
2026-07-28T01:30:00+00:00,15016.72,15034.23,14955.22,15021.73,6629
2026-07-28T01:35:00+00:00,15021.73,15025.23,14952.710000000001,14952.710000000001,3776
2026-07-28T01:40:00+00:00,14952.710000000001,14986.22,14952.23,14966.710000000001,3280
2026-07-28T01:45:00+00:00,14966.710000000001,14995.710000000001,14956.210000000001,14957.23,3181
2026-07-28T01:50:00+00:00,14957.23,15005.710000000001,14940.72,15001.72,3389
2026-07-28T01:55:00+00:00,15001.72,15005.22,14966.23,14975.710000000001,2790
2026-07-28T02:00:00+00:00,14975.710000000001,14991.73,14964.72,14968.23,2818
2026-07-28T02:05:00+00:00,14968.23,14993.710000000001,14957.210000000001,14976.73,2417
2026-07-28T02:10:00+00:00,14976.73,14990.72,14941.72,14953.72,2180
2026-07-28T02:15:00+00:00,14953.72,14954.22,14910.23,14911.22,2517
2026-07-28T02:20:00+00:00,14911.22,14917.72,14868.22,14872.23,1890
2026-07-28T02:25:00+00:00,14872.23,14872.23,14841.22,14856.73,1951
2026-07-28T02:30:00+00:00,14856.73,14861.72,14837.22,14840.22,1992
2026-07-28T02:35:00+00:00,14840.22,14844.710000000001,14813.210000000001,14824.710000000001,1621
2026-07-28T02:40:00+00:00,14824.710000000001,14834.22,14802.710000000001,14810.72,1653
2026-07-28T02:45:00+00:00,14810.72,14821.710000000001,14782.710000000001,14794.23,2035
2026-07-28T02:50:00+00:00,14794.23,14826.23,14790.72,14808.210000000001,2225
2026-07-28T02:55:00+00:00,14808.210000000001,14815.73,14792.22,14798.710000000001,1694
2026-07-28T03:00:00+00:00,14798.710000000001,14809.23,14767.22,14771.710000000001,1760
2026-07-28T03:05:00+00:00,14771.710000000001,14779.72,14761.210000000001,14770.210000000001,1682
2026-07-28T03:10:00+00:00,14770.210000000001,14832.73,14766.22,14831.210000000001,2163
2026-07-28T03:15:00+00:00,14831.210000000001,14875.210000000001,14817.710000000001,14858.23,2315
2026-07-28T03:20:00+00:00,14858.23,14894.73,14856.22,14883.710000000001,2160
2026-07-28T03:25:00+00:00,14883.710000000001,14903.22,14854.22,14863.210000000001,2006
2026-07-28T03:30:00+00:00,14863.210000000001,14885.210000000001,14863.210000000001,14879.72,750
2026-07-28T03:35:00+00:00,14879.72,14896.72,14879.210000000001,14892.23,364
2026-07-28T03:40:00+00:00,14892.23,14899.710000000001,14888.22,14894.23,406
2026-07-28T03:45:00+00:00,14894.23,14900.22,14891.22,14893.210000000001,266
2026-07-28T03:50:00+00:00,14893.210000000001,14895.23,14887.210000000001,14894.23,251
2026-07-28T03:55:00+00:00,14894.23,14896.23,14890.23,14892.72,193
2026-07-28T04:00:00+00:00,14892.72,14899.23,14892.23,14897.22,126
2026-07-28T04:05:00+00:00,14897.22,14897.22,14889.210000000001,14891.23,137
2026-07-28T04:10:00+00:00,14891.23,14891.23,14879.73,14881.22,128
2026-07-28T04:15:00+00:00,14881.22,14888.23,14880.72,14888.23,110
2026-07-28T04:20:00+00:00,14888.23,14888.23,14883.210000000001,14886.73,82
2026-07-28T04:25:00+00:00,14886.73,14894.22,14886.210000000001,14893.210000000001,111
2026-07-28T04:30:00+00:00,14893.210000000001,14893.23,14888.210000000001,14890.73,116
2026-07-28T04:35:00+00:00,14890.73,14896.22,14889.710000000001,14895.23,82
2026-07-28T04:40:00+00:00,14895.23,14897.73,14892.72,14897.73,100
2026-07-28T04:45:00+00:00,14897.73,14902.210000000001,14895.23,14895.23,70
2026-07-28T04:50:00+00:00,14895.23,14896.73,14893.210000000001,14894.23,96
2026-07-28T04:55:00+00:00,14894.23,14896.23,14889.23,14890.710000000001,120
2026-07-28T05:00:00+00:00,14890.710000000001,14890.710000000001,14820.210000000001,14835.23,3690
2026-07-28T05:05:00+00:00,14835.23,14852.73,14822.23,14852.73,2391
2026-07-28T05:10:00+00:00,14852.73,14863.22,14833.72,14847.710000000001,2083
2026-07-28T05:15:00+00:00,14847.710000000001,14863.23,14823.72,14827.22,1647
2026-07-28T05:20:00+00:00,14827.22,14834.23,14813.210000000001,14815.22,1760
2026-07-28T05:25:00+00:00,14815.22,14821.23,14801.210000000001,14812.73,1528
2026-07-28T05:30:00+00:00,14812.73,14815.22,14770.710000000001,14774.710000000001,1720
2026-07-28T05:35:00+00:00,14774.710000000001,14818.72,14770.72,14813.23,1910
2026-07-28T05:40:00+00:00,14813.23,14827.23,14800.22,14819.73,1798
2026-07-28T05:45:00+00:00,14819.73,14826.22,14764.23,14768.73,1644
2026-07-28T05:50:00+00:00,14768.73,14781.23,14756.210000000001,14760.73,1558
2026-07-28T05:55:00+00:00,14760.73,14781.710000000001,14759.210000000001,14774.710000000001,1338
2026-07-28T06:00:00+00:00,14774.710000000001,14792.73,14767.72,14777.710000000001,1756
2026-07-28T06:05:00+00:00,14777.710000000001,14780.23,14767.22,14771.72,1324
2026-07-28T06:10:00+00:00,14771.72,14785.73,14756.72,14764.73,1034
2026-07-28T06:15:00+00:00,14764.73,14771.72,14741.210000000001,14767.210000000001,1520
2026-07-28T06:20:00+00:00,14767.210000000001,14785.22,14750.710000000001,14764.72,1687
2026-07-28T06:25:00+00:00,14764.72,14773.72,14749.72,14773.23,1397
2026-07-28T06:30:00+00:00,14773.23,14774.72,14731.72,14736.210000000001,1767
2026-07-28T06:35:00+00:00,14736.210000000001,14743.72,14717.23,14738.210000000001,1978
2026-07-28T06:40:00+00:00,14738.210000000001,14753.72,14724.22,14728.210000000001,1854
2026-07-28T06:45:00+00:00,14728.210000000001,14754.73,14723.210000000001,14752.23,1893
2026-07-28T06:50:00+00:00,14752.23,14773.23,14746.710000000001,14762.23,2160
2026-07-28T06:55:00+00:00,14762.23,14797.23,14760.73,14796.210000000001,1194
2026-07-28T07:00:00+00:00,14796.210000000001,14800.73,14785.22,14788.210000000001,642
2026-07-28T07:05:00+00:00,14788.210000000001,14791.23,14783.710000000001,14786.22,250
2026-07-28T07:10:00+00:00,14786.22,14788.22,14778.710000000001,14779.210000000001,254
2026-07-28T07:15:00+00:00,14779.210000000001,14789.210000000001,14775.210000000001,14775.210000000001,178
2026-07-28T07:20:00+00:00,14775.210000000001,14787.22,14774.73,14784.73,93
2026-07-28T07:25:00+00:00,14784.73,14790.210000000001,14783.23,14786.210000000001,147
2026-07-28T07:30:00+00:00,14786.210000000001,14796.23,14786.210000000001,14791.710000000001,148
2026-07-28T07:35:00+00:00,14791.710000000001,14793.22,14788.710000000001,14791.72,100
2026-07-28T07:40:00+00:00,14791.72,14796.22,14791.23,14796.22,97
2026-07-28T07:45:00+00:00,14796.22,14797.23,14789.210000000001,14789.72,110
2026-07-28T07:50:00+00:00,14789.72,14794.22,14789.22,14791.73,103
2026-07-28T07:55:00+00:00,14791.73,14795.73,14791.73,14794.210000000001,62
2026-07-28T08:00:00+00:00,14794.210000000001,14794.23,14785.22,14791.710000000001,419
2026-07-28T08:05:00+00:00,14791.710000000001,14795.73,14788.210000000001,14789.210000000001,279
2026-07-28T08:10:00+00:00,14789.210000000001,14789.23,14777.72,14783.73,206
2026-07-28T08:15:00+00:00,14783.73,14795.23,14783.22,14792.23,200
2026-07-28T08:20:00+00:00,14792.23,14802.23,14790.23,14800.22,134
2026-07-28T08:25:00+00:00,14800.22,14802.23,14797.210000000001,14801.72,153
2026-07-28T09:00:00+00:00,14801.72,14807.73,14798.210000000001,14805.710000000001,159
2026-07-28T09:05:00+00:00,14805.710000000001,14809.23,14803.73,14808.22,51
2026-07-28T09:10:00+00:00,14808.22,14810.210000000001,14806.23,14806.72,40
2026-07-28T09:15:00+00:00,14806.72,14818.23,14806.72,14817.72,73
2026-07-28T09:20:00+00:00,14817.72,14822.73,14817.210000000001,14819.22,71
2026-07-28T09:25:00+00:00,14819.22,14819.73,14813.72,14817.23,49
2026-07-28T09:30:00+00:00,14817.23,14817.23,14810.710000000001,14810.710000000001,47
2026-07-28T09:35:00+00:00,14810.710000000001,14811.22,14808.210000000001,14808.210000000001,52
2026-07-28T09:40:00+00:00,14808.210000000001,14812.210000000001,14806.72,14807.23,39
2026-07-28T09:45:00+00:00,14807.23,14807.73,14805.23,14807.210000000001,26
2026-07-28T09:50:00+00:00,14807.210000000001,14809.22,14802.710000000001,14802.710000000001,36
2026-07-28T09:55:00+00:00,14802.710000000001,14802.73,14794.23,14797.22,38
2026-07-28T10:00:00+00:00,14797.22,14801.23,14793.23,14800.210000000001,47
2026-07-28T10:05:00+00:00,14800.210000000001,14806.22,14799.710000000001,14805.710000000001,46
2026-07-28T10:10:00+00:00,14805.710000000001,14806.23,14801.23,14802.23,50
2026-07-28T10:15:00+00:00,14802.23,14803.23,14799.22,14803.22,61
2026-07-28T10:20:00+00:00,14803.22,14803.710000000001,14800.22,14802.22,48
2026-07-28T10:25:00+00:00,14802.22,14806.22,14798.210000000001,14806.22,55
2026-07-28T10:30:00+00:00,14806.22,14807.23,14801.210000000001,14801.22,68
2026-07-28T10:35:00+00:00,14801.22,14801.22,14788.22,14788.22,171
2026-07-28T10:40:00+00:00,14788.22,14788.23,14785.73,14788.22,69
2026-07-28T10:45:00+00:00,14788.22,14790.23,14786.23,14787.22,56
2026-07-28T10:50:00+00:00,14787.22,14793.710000000001,14787.22,14793.23,46
2026-07-28T10:55:00+00:00,14793.23,14796.23,14791.22,14795.22,82
2026-07-28T11:00:00+00:00,14795.22,14796.23,14785.22,14786.22,138
2026-07-28T11:05:00+00:00,14786.22,14787.23,14780.22,14782.73,73
2026-07-28T11:10:00+00:00,14782.73,14783.23,14778.22,14779.22,51
2026-07-28T11:15:00+00:00,14779.22,14802.23,14778.73,14799.210000000001,314
2026-07-28T11:20:00+00:00,14799.210000000001,14801.210000000001,14790.210000000001,14790.210000000001,144
2026-07-28T11:25:00+00:00,14790.210000000001,14794.210000000001,14787.710000000001,14791.710000000001,65
2026-07-28T11:30:00+00:00,14791.710000000001,14794.710000000001,14789.710000000001,14791.73,60
2026-07-28T11:35:00+00:00,14791.73,14801.72,14790.22,14790.22,125
2026-07-28T11:40:00+00:00,14790.22,14790.22,14781.210000000001,14787.22,79
2026-07-28T11:45:00+00:00,14787.22,14792.22,14785.210000000001,14789.23,81
2026-07-28T11:50:00+00:00,14789.23,14794.23,14787.22,14794.23,88
2026-07-28T11:55:00+00:00,14794.23,14803.22,14794.210000000001,14800.73,97
2026-07-28T12:00:00+00:00,14800.73,14806.72,14799.210000000001,14806.23,110
2026-07-28T12:05:00+00:00,14806.23,14807.23,14800.710000000001,14803.22,123
2026-07-28T12:10:00+00:00,14803.22,14804.23,14801.23,14802.72,102
2026-07-28T12:15:00+00:00,14802.72,14803.72,14799.710000000001,14802.210000000001,111
2026-07-28T12:20:00+00:00,14802.210000000001,14804.23,14800.210000000001,14802.72,114
2026-07-28T12:25:00+00:00,14802.72,14806.72,14802.72,14805.72,78
2026-07-28T12:30:00+00:00,14805.72,14808.210000000001,14800.710000000001,14801.23,156
2026-07-28T12:35:00+00:00,14801.23,14804.23,14798.210000000001,14798.710000000001,135
2026-07-28T12:40:00+00:00,14798.710000000001,14806.23,14798.710000000001,14805.73,147
2026-07-28T12:45:00+00:00,14805.73,14810.710000000001,14805.210000000001,14809.210000000001,121
2026-07-28T12:50:00+00:00,14809.210000000001,14810.23,14804.23,14807.22,113
2026-07-28T12:55:00+00:00,14807.22,14808.23,14804.23,14804.73,67
2026-07-28T13:00:00+00:00,14804.73,14804.73,14800.210000000001,14803.22,114
2026-07-28T13:05:00+00:00,14803.22,14805.23,14799.710000000001,14805.210000000001,108
2026-07-28T13:10:00+00:00,14805.210000000001,14805.73,14801.22,14802.23,61
2026-07-28T13:15:00+00:00,14802.23,14806.22,14802.23,14804.22,87
2026-07-28T13:20:00+00:00,14804.22,14809.73,14804.22,14809.73,93
2026-07-28T13:25:00+00:00,14809.73,14812.23,14805.73,14808.710000000001,99
2026-07-28T13:30:00+00:00,14808.710000000001,14814.23,14800.22,14803.72,395
2026-07-28T13:35:00+00:00,14803.72,14807.210000000001,14786.210000000001,14786.210000000001,329
2026-07-28T13:40:00+00:00,14786.210000000001,14793.22,14781.73,14788.23,270
2026-07-28T13:45:00+00:00,14788.23,14791.210000000001,14771.210000000001,14790.23,399
2026-07-28T13:50:00+00:00,14790.23,14797.23,14783.710000000001,14794.22,517
2026-07-28T13:55:00+00:00,14794.22,14797.210000000001,14788.72,14793.710000000001,336
2026-07-28T14:00:00+00:00,14793.710000000001,14806.23,14793.710000000001,14805.23,500
2026-07-28T14:05:00+00:00,14805.23,14813.72,14801.210000000001,14804.23,355
2026-07-28T14:10:00+00:00,14804.23,14815.23,14798.23,14799.23,282
2026-07-28T14:15:00+00:00,14799.23,14807.22,14796.23,14802.72,339
2026-07-28T14:20:00+00:00,14802.72,14816.710000000001,14801.23,14814.23,555
2026-07-28T14:25:00+00:00,14814.23,14822.23,14811.72,14821.210000000001,458
2026-07-28T14:30:00+00:00,14821.210000000001,14830.210000000001,14819.210000000001,14825.210000000001,435
2026-07-28T14:35:00+00:00,14825.210000000001,14837.210000000001,14824.710000000001,14831.72,360
2026-07-28T14:40:00+00:00,14831.72,14839.23,14829.22,14836.22,332
2026-07-28T14:45:00+00:00,14836.22,14843.22,14832.710000000001,14842.72,295
2026-07-28T14:50:00+00:00,14842.72,14843.23,14836.210000000001,14836.22,219
2026-07-28T14:55:00+00:00,14836.22,14839.23,14833.210000000001,14833.210000000001,149
2026-07-28T15:00:00+00:00,14833.210000000001,14838.22,14824.710000000001,14826.23,226
2026-07-28T15:05:00+00:00,14826.23,14828.22,14819.22,14824.72,153
2026-07-28T15:10:00+00:00,14824.72,14837.23,14823.210000000001,14832.22,404
2026-07-28T15:15:00+00:00,14832.22,14836.73,14827.22,14835.210000000001,264
2026-07-28T15:20:00+00:00,14835.210000000001,14842.22,14835.210000000001,14841.22,165
2026-07-28T15:25:00+00:00,14841.22,14847.210000000001,14839.210000000001,14840.210000000001,180
2026-07-28T15:30:00+00:00,14840.210000000001,14843.23,14836.210000000001,14836.710000000001,166
2026-07-28T15:35:00+00:00,14836.710000000001,14845.23,14836.22,14842.72,108
2026-07-28T15:40:00+00:00,14842.72,14849.73,14841.210000000001,14849.23,89
2026-07-28T15:45:00+00:00,14849.23,14854.23,14848.23,14851.72,99
2026-07-28T15:50:00+00:00,14851.72,14856.22,14850.710000000001,14855.22,68
2026-07-28T15:55:00+00:00,14855.22,14859.22,14852.210000000001,14856.72,88
2026-07-28T16:00:00+00:00,14856.72,14860.23,14854.710000000001,14855.73,82
2026-07-28T16:05:00+00:00,14855.73,14856.23,14851.22,14851.22,51
2026-07-28T16:10:00+00:00,14851.22,14853.23,14849.22,14850.72,72
2026-07-28T16:15:00+00:00,14850.72,14853.23,14847.210000000001,14853.210000000001,69
2026-07-28T16:20:00+00:00,14853.210000000001,14854.23,14848.73,14851.23,81
2026-07-28T16:25:00+00:00,14851.23,14852.23,14849.23,14850.22,74
2026-07-28T16:30:00+00:00,14850.22,14853.210000000001,14847.210000000001,14851.22,77
2026-07-28T16:35:00+00:00,14851.22,14856.22,14850.22,14854.22,78
2026-07-28T16:40:00+00:00,14854.22,14856.23,14849.210000000001,14850.23,100
2026-07-28T16:45:00+00:00,14850.23,14851.73,14845.72,14848.73,88
2026-07-28T16:50:00+00:00,14848.73,14855.23,14848.23,14854.210000000001,70
2026-07-28T16:55:00+00:00,14854.210000000001,14856.73,14854.210000000001,14855.22,43
2026-07-28T17:00:00+00:00,14855.22,14856.23,14851.210000000001,14852.23,71
2026-07-28T17:05:00+00:00,14852.23,14852.23,14846.23,14846.710000000001,144
2026-07-28T17:10:00+00:00,14846.710000000001,14848.72,14845.210000000001,14847.22,103
2026-07-28T17:15:00+00:00,14847.22,14851.23,14846.210000000001,14850.210000000001,81
2026-07-28T17:20:00+00:00,14850.210000000001,14857.22,14848.72,14849.22,164
2026-07-28T17:25:00+00:00,14849.22,14852.23,14847.710000000001,14847.72,81
2026-07-28T17:30:00+00:00,14847.72,14850.23,14846.72,14849.22,78
2026-07-28T17:35:00+00:00,14849.22,14850.710000000001,14844.22,14844.22,64
2026-07-28T17:40:00+00:00,14844.22,14846.22,14840.210000000001,14840.710000000001,85
2026-07-28T17:45:00+00:00,14840.710000000001,14842.210000000001,14838.210000000001,14838.710000000001,99
2026-07-28T17:50:00+00:00,14838.710000000001,14839.210000000001,14834.210000000001,14835.22,103
2026-07-28T17:55:00+00:00,14835.22,14839.23,14833.22,14839.23,71
2026-07-28T18:00:00+00:00,14839.23,14842.22,14837.22,14838.710000000001,102
2026-07-28T18:05:00+00:00,14838.710000000001,14839.73,14836.210000000001,14836.210000000001,78
2026-07-28T18:10:00+00:00,14836.210000000001,14836.23,14832.210000000001,14833.210000000001,52
2026-07-28T18:15:00+00:00,14833.210000000001,14837.210000000001,14833.210000000001,14834.210000000001,105
2026-07-28T18:20:00+00:00,14834.210000000001,14835.22,14828.22,14829.23,58
2026-07-28T18:25:00+00:00,14829.23,14830.210000000001,14826.22,14827.710000000001,65
2026-07-28T18:30:00+00:00,14827.710000000001,14832.210000000001,14827.710000000001,14831.23,84
2026-07-28T18:35:00+00:00,14831.23,14833.22,14830.210000000001,14831.22,61
2026-07-28T18:40:00+00:00,14831.22,14833.73,14829.22,14833.210000000001,73
2026-07-28T18:45:00+00:00,14833.210000000001,14836.23,14831.73,14833.210000000001,61
2026-07-28T18:50:00+00:00,14833.210000000001,14835.23,14830.710000000001,14832.23,40
2026-07-28T18:55:00+00:00,14832.23,14834.710000000001,14830.210000000001,14832.210000000001,121
2026-07-28T19:00:00+00:00,14832.210000000001,14839.22,14832.210000000001,14838.72,86
2026-07-28T19:05:00+00:00,14838.72,14840.210000000001,14836.210000000001,14837.23,71
2026-07-28T19:10:00+00:00,14837.23,14838.73,14834.73,14837.210000000001,57
2026-07-28T19:15:00+00:00,14837.210000000001,14840.23,14835.23,14840.23,56
2026-07-28T19:20:00+00:00,14840.23,14845.210000000001,14839.23,14844.22,54
2026-07-28T19:25:00+00:00,14844.22,14845.22,14842.210000000001,14844.22,75
2026-07-28T19:30:00+00:00,14844.22,14845.23,14842.210000000001,14842.710000000001,63
2026-07-28T19:35:00+00:00,14842.710000000001,14842.710000000001,14834.210000000001,14834.710000000001,58
2026-07-28T19:40:00+00:00,14834.710000000001,14837.22,14833.710000000001,14836.210000000001,52
2026-07-28T19:45:00+00:00,14836.210000000001,14836.23,14833.210000000001,14835.210000000001,40
2026-07-28T19:50:00+00:00,14835.210000000001,14837.72,14832.72,14836.72,75
2026-07-28T19:55:00+00:00,14836.72,14837.22,14830.23,14832.210000000001,74
2026-07-28T20:00:00+00:00,14832.210000000001,14833.22,14829.710000000001,14830.710000000001,47
2026-07-28T20:05:00+00:00,14830.710000000001,14832.73,14826.73,14827.710000000001,51
2026-07-28T20:10:00+00:00,14827.710000000001,14831.210000000001,14827.710000000001,14829.23,11
2026-07-28T20:15:00+00:00,14829.23,14829.23,14825.210000000001,14828.22,21
2026-07-28T20:20:00+00:00,14828.22,14830.23,14827.22,14830.22,10
2026-07-28T20:25:00+00:00,14830.22,14839.23,14830.22,14838.73,21
2026-07-28T20:30:00+00:00,14838.73,14838.73,14836.22,14836.72,14.404140786749483
2026-07-28T20:35:00+00:00,14836.72,14837.72,14834.710000000001,14834.710000000001,14
2026-07-28T20:40:00+00:00,14834.710000000001,14836.73,14833.73,14834.72,16.6794682422452
2026-07-29T01:00:00+00:00,14834.72,14859.65,14834.72,14859.130000000001,275.8680164979378
2026-07-29T01:05:00+00:00,14859.130000000001,14859.630000000001,14823.630000000001,14827.15,435
2026-07-29T01:10:00+00:00,14827.15,14827.15,14795.630000000001,14796.14,386
2026-07-29T01:15:00+00:00,14796.14,14797.630000000001,14740.130000000001,14758.15,1566
2026-07-29T01:20:00+00:00,14758.15,14815.15,14755.64,14813.14,1047
2026-07-29T01:25:00+00:00,14813.14,14830.130000000001,14802.64,14828.64,1286
2026-07-29T01:30:00+00:00,14828.64,14852.130000000001,14741.15,14771.15,6915
2026-07-29T01:35:00+00:00,14771.15,14793.14,14769.630000000001,14781.15,4965
2026-07-29T01:40:00+00:00,14781.15,14789.64,14719.14,14736.64,4049
2026-07-29T01:45:00+00:00,14736.64,14744.15,14710.65,14714.15,4243
2026-07-29T01:50:00+00:00,14714.15,14717.630000000001,14680.65,14686.65,3082
2026-07-29T01:55:00+00:00,14686.65,14687.65,14667.630000000001,14669.64,2751
2026-07-29T02:00:00+00:00,14669.64,14677.64,14653.64,14656.15,2804
2026-07-29T02:05:00+00:00,14656.15,14673.65,14636.14,14670.130000000001,3052
2026-07-29T02:10:00+00:00,14670.130000000001,14754.14,14667.130000000001,14730.15,3087
2026-07-29T02:15:00+00:00,14730.15,14740.15,14703.630000000001,14713.15,3104
2026-07-29T02:20:00+00:00,14713.15,14744.14,14699.15,14740.64,2431
2026-07-29T02:25:00+00:00,14740.64,14792.64,14739.65,14791.130000000001,3617
2026-07-29T02:30:00+00:00,14791.130000000001,14816.65,14786.130000000001,14805.630000000001,3285
2026-07-29T02:35:00+00:00,14805.630000000001,14809.14,14761.130000000001,14781.630000000001,2852
2026-07-29T02:40:00+00:00,14781.630000000001,14797.15,14776.64,14781.130000000001,2548
2026-07-29T02:45:00+00:00,14781.130000000001,14781.65,14739.64,14743.14,1852
2026-07-29T02:50:00+00:00,14743.14,14748.65,14720.65,14724.14,1660
2026-07-29T02:55:00+00:00,14724.14,14758.14,14722.15,14758.130000000001,1610
2026-07-29T03:00:00+00:00,14758.130000000001,14798.65,14756.65,14796.630000000001,1726
2026-07-29T03:05:00+00:00,14796.630000000001,14832.65,14766.64,14832.64,2199
2026-07-29T03:10:00+00:00,14832.64,14851.130000000001,14807.630000000001,14814.14,2644
2026-07-29T03:15:00+00:00,14814.14,14832.65,14798.130000000001,14803.130000000001,1898
2026-07-29T03:20:00+00:00,14803.130000000001,14811.630000000001,14762.130000000001,14765.630000000001,1645
2026-07-29T03:25:00+00:00,14765.630000000001,14774.14,14759.15,14766.15,1451
2026-07-29T03:30:00+00:00,14766.15,14766.15,14751.130000000001,14752.14,415
2026-07-29T03:35:00+00:00,14752.14,14752.14,14741.14,14745.14,172
2026-07-29T03:40:00+00:00,14745.14,14745.14,14739.130000000001,14743.64,141
2026-07-29T03:45:00+00:00,14743.64,14748.130000000001,14742.130000000001,14744.15,184
2026-07-29T03:50:00+00:00,14744.15,14744.15,14734.15,14735.14,110
2026-07-29T03:55:00+00:00,14735.14,14735.65,14732.14,14735.14,72
2026-07-29T04:00:00+00:00,14735.14,14737.630000000001,14722.130000000001,14724.15,120
2026-07-29T04:05:00+00:00,14724.15,14724.65,14710.14,14717.15,111
2026-07-29T04:10:00+00:00,14717.15,14722.65,14710.14,14714.15,245
2026-07-29T04:15:00+00:00,14714.15,14716.15,14692.130000000001,14698.130000000001,241
2026-07-29T04:20:00+00:00,14698.130000000001,14701.65,14693.15,14698.130000000001,382
2026-07-29T04:25:00+00:00,14698.130000000001,14700.15,14692.130000000001,14695.15,263
2026-07-29T04:30:00+00:00,14695.15,14702.65,14693.130000000001,14699.65,334
2026-07-29T04:35:00+00:00,14699.65,14707.15,14697.630000000001,14706.15,240
2026-07-29T04:40:00+00:00,14706.15,14707.130000000001,14693.130000000001,14693.130000000001,198
2026-07-29T04:45:00+00:00,14693.130000000001,14703.65,14688.130000000001,14703.14,328
2026-07-29T04:50:00+00:00,14703.14,14723.14,14703.14,14719.630000000001,231
2026-07-29T04:55:00+00:00,14719.630000000001,14723.130000000001,14711.130000000001,14719.15,271
2026-07-29T05:00:00+00:00,14719.15,14800.65,14703.14,14795.15,3868
2026-07-29T05:05:00+00:00,14795.15,14817.15,14781.130000000001,14811.15,2985
2026-07-29T05:10:00+00:00,14811.15,14850.15,14802.64,14845.14,2746
2026-07-29T05:15:00+00:00,14845.14,14849.630000000001,14814.130000000001,14823.64,2834
2026-07-29T05:20:00+00:00,14823.64,14861.130000000001,14810.15,14861.130000000001,2783
2026-07-29T05:25:00+00:00,14861.130000000001,14872.630000000001,14849.130000000001,14860.65,2518
2026-07-29T05:30:00+00:00,14860.65,14892.64,14851.630000000001,14888.65,2582
2026-07-29T05:35:00+00:00,14888.65,14926.630000000001,14884.14,14918.15,2491
2026-07-29T05:40:00+00:00,14918.15,14939.130000000001,14913.630000000001,14930.65,2737
2026-07-29T05:45:00+00:00,14930.65,14937.14,14874.630000000001,14875.14,2353
2026-07-29T05:50:00+00:00,14875.14,14879.64,14843.130000000001,14850.15,2145
2026-07-29T05:55:00+00:00,14850.15,14858.64,14840.130000000001,14852.64,1726
2026-07-29T06:00:00+00:00,14852.64,14871.15,14825.130000000001,14826.64,1550
2026-07-29T06:05:00+00:00,14826.64,14835.15,14819.130000000001,14833.630000000001,1316
2026-07-29T06:10:00+00:00,14833.630000000001,14853.14,14825.15,14851.64,1082
2026-07-29T06:15:00+00:00,14851.64,14872.65,14847.14,14859.15,1277
2026-07-29T06:20:00+00:00,14859.15,14868.15,14839.14,14842.15,1127
2026-07-29T06:25:00+00:00,14842.15,14871.14,14836.65,14865.130000000001,1080
2026-07-29T06:30:00+00:00,14865.130000000001,14875.65,14858.130000000001,14858.14,1087
2026-07-29T06:35:00+00:00,14858.14,14872.65,14835.130000000001,14839.130000000001,837
2026-07-29T06:40:00+00:00,14839.130000000001,14869.14,14833.14,14863.130000000001,875
2026-07-29T06:45:00+00:00,14863.130000000001,14893.15,14861.14,14887.15,917
2026-07-29T06:50:00+00:00,14887.15,14893.65,14877.630000000001,14891.15,889
2026-07-29T06:55:00+00:00,14891.15,14902.630000000001,14886.65,14898.130000000001,783
2026-07-29T07:00:00+00:00,14898.130000000001,14899.65,14881.130000000001,14882.130000000001,441
2026-07-29T07:05:00+00:00,14882.130000000001,14888.15,14880.130000000001,14888.15,208
2026-07-29T07:10:00+00:00,14888.15,14893.15,14884.130000000001,14885.15,183
2026-07-29T07:15:00+00:00,14885.15,14886.15,14881.14,14883.14,91
2026-07-29T07:20:00+00:00,14883.14,14889.65,14883.130000000001,14886.15,76
2026-07-29T07:25:00+00:00,14886.15,14887.630000000001,14883.130000000001,14887.630000000001,71
2026-07-29T07:30:00+00:00,14887.630000000001,14891.15,14885.14,14888.64,68
2026-07-29T07:35:00+00:00,14888.64,14891.15,14887.64,14890.130000000001,55
2026-07-29T07:40:00+00:00,14890.130000000001,14894.14,14890.130000000001,14891.630000000001,50
2026-07-29T07:45:00+00:00,14891.630000000001,14892.15,14888.14,14892.15,93
2026-07-29T07:50:00+00:00,14892.15,14894.130000000001,14889.630000000001,14890.130000000001,112
2026-07-29T07:55:00+00:00,14890.130000000001,14893.130000000001,14888.130000000001,14890.15,76
2026-07-29T08:00:00+00:00,14890.15,14892.630000000001,14887.14,14888.130000000001,139
2026-07-29T08:05:00+00:00,14888.130000000001,14893.15,14885.64,14891.130000000001,159
2026-07-29T08:10:00+00:00,14891.130000000001,14893.14,14883.64,14884.14,171
2026-07-29T08:15:00+00:00,14884.14,14887.64,14877.14,14885.14,221
2026-07-29T08:20:00+00:00,14885.14,14885.15,14875.15,14877.14,184
2026-07-29T08:25:00+00:00,14877.14,14882.15,14875.130000000001,14881.630000000001,202
2026-07-29T09:00:00+00:00,14881.630000000001,14881.630000000001,14842.130000000001,14855.15,279
2026-07-29T09:05:00+00:00,14855.15,14863.15,14851.65,14862.64,74
2026-07-29T09:10:00+00:00,14862.64,14863.64,14860.14,14863.130000000001,33
2026-07-29T09:15:00+00:00,14863.130000000001,14865.65,14857.14,14862.130000000001,54
2026-07-29T09:20:00+00:00,14862.130000000001,14862.630000000001,14860.14,14862.130000000001,31
2026-07-29T09:25:00+00:00,14862.130000000001,14866.65,14861.630000000001,14861.64,47
2026-07-29T09:30:00+00:00,14861.64,14862.65,14855.630000000001,14857.64,62
2026-07-29T09:35:00+00:00,14857.64,14861.630000000001,14857.130000000001,14857.64,65
2026-07-29T09:40:00+00:00,14857.64,14872.15,14857.64,14869.630000000001,53
2026-07-29T09:45:00+00:00,14869.630000000001,14872.65,14868.630000000001,14872.65,36
2026-07-29T09:50:00+00:00,14872.65,14875.14,14871.630000000001,14872.630000000001,60
2026-07-29T09:55:00+00:00,14872.630000000001,14873.130000000001,14866.630000000001,14866.630000000001,62
2026-07-29T10:00:00+00:00,14866.630000000001,14869.14,14864.14,14866.65,71
2026-07-29T10:05:00+00:00,14866.65,14873.130000000001,14865.630000000001,14872.14,105
2026-07-29T10:10:00+00:00,14872.14,14875.65,14871.65,14873.15,59
2026-07-29T10:15:00+00:00,14873.15,14874.15,14867.65,14869.14,62
2026-07-29T10:20:00+00:00,14869.14,14873.15,14867.15,14867.15,29
2026-07-29T10:25:00+00:00,14867.15,14868.630000000001,14863.630000000001,14868.15,56
2026-07-29T10:30:00+00:00,14868.15,14869.65,14864.64,14866.64,66
2026-07-29T10:35:00+00:00,14866.64,14867.15,14861.65,14863.630000000001,72
2026-07-29T10:40:00+00:00,14863.630000000001,14865.14,14859.14,14861.64,68
2026-07-29T10:45:00+00:00,14861.64,14861.64,14855.64,14858.64,61
2026-07-29T10:50:00+00:00,14858.64,14859.14,14852.14,14853.130000000001,86
2026-07-29T10:55:00+00:00,14853.130000000001,14855.65,14851.65,14854.15,75
2026-07-29T11:00:00+00:00,14854.15,14859.15,14853.130000000001,14856.65,125
2026-07-29T11:05:00+00:00,14856.65,14857.65,14851.130000000001,14857.130000000001,80
2026-07-29T11:10:00+00:00,14857.130000000001,14861.630000000001,14855.65,14860.130000000001,62
2026-07-29T11:15:00+00:00,14860.130000000001,14865.15,14858.64,14865.15,60
2026-07-29T11:20:00+00:00,14865.15,14865.64,14862.130000000001,14863.130000000001,45
2026-07-29T11:25:00+00:00,14863.130000000001,14866.15,14861.130000000001,14862.130000000001,80
2026-07-29T11:30:00+00:00,14862.130000000001,14864.630000000001,14860.130000000001,14860.65,65
2026-07-29T11:35:00+00:00,14860.65,14862.130000000001,14858.14,14858.14,37
2026-07-29T11:40:00+00:00,14858.14,14860.15,14857.14,14860.130000000001,56
2026-07-29T11:45:00+00:00,14860.130000000001,14870.130000000001,14859.15,14868.130000000001,119
2026-07-29T11:50:00+00:00,14868.130000000001,14869.130000000001,14864.15,14865.14,69
2026-07-29T11:55:00+00:00,14865.14,14871.14,14864.15,14871.14,55
2026-07-29T12:00:00+00:00,14871.14,14871.64,14866.630000000001,14868.14,68
2026-07-29T12:05:00+00:00,14868.14,14872.64,14863.130000000001,14865.130000000001,88
2026-07-29T12:10:00+00:00,14865.130000000001,14866.14,14858.64,14859.15,82
2026-07-29T12:15:00+00:00,14859.15,14861.15,14838.65,14841.14,479
2026-07-29T12:20:00+00:00,14841.14,14845.65,14833.14,14833.65,214
2026-07-29T12:25:00+00:00,14833.65,14840.15,14833.14,14835.65,142
2026-07-29T12:30:00+00:00,14835.65,14841.15,14828.130000000001,14841.15,162
2026-07-29T12:35:00+00:00,14841.15,14844.15,14839.130000000001,14841.15,78
2026-07-29T12:40:00+00:00,14841.15,14844.15,14839.130000000001,14843.15,70
2026-07-29T12:45:00+00:00,14843.15,14846.130000000001,14841.14,14845.14,48
2026-07-29T12:50:00+00:00,14845.14,14848.14,14844.130000000001,14847.65,70
2026-07-29T12:55:00+00:00,14847.65,14848.15,14845.65,14847.130000000001,49
2026-07-29T13:00:00+00:00,14847.130000000001,14848.15,14839.130000000001,14840.14,80
2026-07-29T13:05:00+00:00,14840.14,14842.15,14837.15,14840.130000000001,60
2026-07-29T13:10:00+00:00,14840.130000000001,14841.15,14835.15,14835.65,78
2026-07-29T13:15:00+00:00,14835.65,14838.15,14834.130000000001,14835.64,88
2026-07-29T13:20:00+00:00,14835.64,14841.14,14834.130000000001,14838.15,101
2026-07-29T13:25:00+00:00,14838.15,14844.15,14837.14,14838.130000000001,108
2026-07-29T13:30:00+00:00,14838.130000000001,14851.64,14835.630000000001,14849.15,528
2026-07-29T13:35:00+00:00,14849.15,14850.14,14837.130000000001,14841.64,434
2026-07-29T13:40:00+00:00,14841.64,14845.65,14838.130000000001,14845.15,341
2026-07-29T13:45:00+00:00,14845.15,14848.15,14834.14,14838.630000000001,350
2026-07-29T13:50:00+00:00,14838.630000000001,14838.630000000001,14824.130000000001,14831.64,257
2026-07-29T13:55:00+00:00,14831.64,14831.64,14819.130000000001,14829.130000000001,296
2026-07-29T14:00:00+00:00,14829.130000000001,14837.14,14827.130000000001,14836.130000000001,382
2026-07-29T14:05:00+00:00,14836.130000000001,14841.14,14813.64,14814.65,399
2026-07-29T14:10:00+00:00,14814.65,14816.15,14801.15,14804.130000000001,353
2026-07-29T14:15:00+00:00,14804.130000000001,14810.15,14801.130000000001,14807.15,384
2026-07-29T14:20:00+00:00,14807.15,14816.130000000001,14805.15,14810.64,292
2026-07-29T14:25:00+00:00,14810.64,14810.64,14795.130000000001,14800.15,334
2026-07-29T14:30:00+00:00,14800.15,14816.14,14799.14,14810.14,282
2026-07-29T14:35:00+00:00,14810.14,14811.15,14800.130000000001,14801.14,250
2026-07-29T14:40:00+00:00,14801.14,14803.64,14784.130000000001,14788.64,227
2026-07-29T14:45:00+00:00,14788.64,14794.15,14784.15,14794.130000000001,269
2026-07-29T14:50:00+00:00,14794.130000000001,14796.15,14789.64,14796.15,248
2026-07-29T14:55:00+00:00,14796.15,14798.15,14792.130000000001,14796.14,218
2026-07-29T15:00:00+00:00,14796.14,14804.15,14793.130000000001,14803.65,186
2026-07-29T15:05:00+00:00,14803.65,14804.15,14798.15,14804.130000000001,193
2026-07-29T15:10:00+00:00,14804.130000000001,14804.630000000001,14797.130000000001,14803.630000000001,141
2026-07-29T15:15:00+00:00,14803.630000000001,14810.15,14802.130000000001,14803.14,157
2026-07-29T15:20:00+00:00,14803.14,14808.15,14801.14,14807.64,213
2026-07-29T15:25:00+00:00,14807.64,14810.130000000001,14804.15,14808.15,170
2026-07-29T15:30:00+00:00,14808.15,14808.15,14799.630000000001,14800.14,195
2026-07-29T15:35:00+00:00,14800.14,14813.15,14800.14,14800.65,198
2026-07-29T15:40:00+00:00,14800.65,14803.15,14797.15,14799.130000000001,164
2026-07-29T15:45:00+00:00,14799.130000000001,14804.130000000001,14796.65,14803.630000000001,177
2026-07-29T15:50:00+00:00,14803.630000000001,14806.15,14798.14,14799.130000000001,257
2026-07-29T15:55:00+00:00,14799.130000000001,14799.14,14791.130000000001,14797.15,132
2026-07-29T16:00:00+00:00,14797.15,14799.14,14784.130000000001,14785.630000000001,146
2026-07-29T16:05:00+00:00,14785.630000000001,14787.15,14781.130000000001,14787.130000000001,182
2026-07-29T16:10:00+00:00,14787.130000000001,14787.14,14780.64,14781.130000000001,118
2026-07-29T16:15:00+00:00,14781.130000000001,14787.14,14779.130000000001,14783.65,124
2026-07-29T16:20:00+00:00,14783.65,14792.130000000001,14782.130000000001,14787.130000000001,183
2026-07-29T16:25:00+00:00,14787.130000000001,14792.15,14787.130000000001,14791.130000000001,118
2026-07-29T16:30:00+00:00,14791.130000000001,14794.15,14787.130000000001,14787.15,132
2026-07-29T16:35:00+00:00,14787.15,14788.15,14785.130000000001,14787.14,90
2026-07-29T16:40:00+00:00,14787.14,14788.15,14781.15,14784.14,87
2026-07-29T16:45:00+00:00,14784.14,14788.15,14782.130000000001,14787.15,120
2026-07-29T16:50:00+00:00,14787.15,14793.15,14786.130000000001,14791.130000000001,144
2026-07-29T16:55:00+00:00,14791.130000000001,14798.130000000001,14790.65,14798.130000000001,110
2026-07-29T17:00:00+00:00,14798.130000000001,14812.14,14798.130000000001,14810.14,156
2026-07-29T17:05:00+00:00,14810.14,14811.15,14807.15,14809.65,150
2026-07-29T17:10:00+00:00,14809.65,14820.15,14809.130000000001,14820.15,144
2026-07-29T17:15:00+00:00,14820.15,14823.15,14818.65,14822.15,156
2026-07-29T17:20:00+00:00,14822.15,14826.15,14817.14,14817.14,143
2026-07-29T17:25:00+00:00,14817.14,14818.14,14808.130000000001,14808.630000000001,123
2026-07-29T17:30:00+00:00,14808.630000000001,14815.14,14806.15,14811.14,124
2026-07-29T17:35:00+00:00,14811.14,14812.14,14807.130000000001,14807.14,91
2026-07-29T17:40:00+00:00,14807.14,14811.130000000001,14806.130000000001,14809.130000000001,158
2026-07-29T17:45:00+00:00,14809.130000000001,14812.14,14806.130000000001,14811.630000000001,121
2026-07-29T17:50:00+00:00,14811.630000000001,14816.14,14811.15,14813.15,109
2026-07-29T17:55:00+00:00,14813.15,14815.65,14810.130000000001,14815.65,26
2026-07-29T18:00:00+00:00,14815.65,14870.64,14815.14,14851.14,911
2026-07-29T18:05:00+00:00,14851.14,14860.65,14846.14,14849.64,528
2026-07-29T18:10:00+00:00,14849.64,14856.65,14844.64,14849.14,467
2026-07-29T18:15:00+00:00,14849.14,14855.14,14842.15,14845.14,364
2026-07-29T18:20:00+00:00,14845.14,14845.15,14837.130000000001,14839.14,306
2026-07-29T18:25:00+00:00,14839.14,14842.65,14836.130000000001,14840.64,239
2026-07-29T18:30:00+00:00,14840.64,14850.64,14829.130000000001,14839.14,847
2026-07-29T18:35:00+00:00,14839.14,14858.14,14832.14,14854.630000000001,475
2026-07-29T18:40:00+00:00,14854.630000000001,14881.15,14854.14,14880.15,592
2026-07-29T18:45:00+00:00,14880.15,14895.15,14878.630000000001,14893.130000000001,578
2026-07-29T18:50:00+00:00,14893.130000000001,14900.14,14885.630000000001,14898.14,404.9914730334683
2026-07-29T18:55:00+00:00,14898.14,14907.15,14894.130000000001,14907.130000000001,420
2026-07-29T19:00:00+00:00,14907.130000000001,14917.15,14889.64,14894.15,614
2026-07-29T19:05:00+00:00,14894.15,14894.15,14871.64,14872.14,598
2026-07-29T19:10:00+00:00,14872.14,14880.630000000001,14864.64,14875.14,603
2026-07-29T19:15:00+00:00,14875.14,14883.15,14862.130000000001,14864.630000000001,454
2026-07-29T19:20:00+00:00,14864.630000000001,14865.15,14837.14,14841.15,707
2026-07-29T19:25:00+00:00,14841.15,14845.630000000001,14828.14,14838.14,564
2026-07-29T19:30:00+00:00,14838.14,14846.15,14816.130000000001,14824.14,610
2026-07-29T19:35:00+00:00,14824.14,14827.130000000001,14806.14,14808.15,639
2026-07-29T19:40:00+00:00,14808.15,14809.15,14788.64,14791.130000000001,725
2026-07-29T19:45:00+00:00,14791.130000000001,14793.65,14782.130000000001,14793.14,666
2026-07-29T19:50:00+00:00,14793.14,14795.14,14774.130000000001,14780.14,618
2026-07-29T19:55:00+00:00,14780.14,14783.630000000001,14770.130000000001,14780.14,391
2026-07-29T20:00:00+00:00,14780.14,14787.64,14772.14,14778.14,610
2026-07-29T20:05:00+00:00,14778.14,14788.15,14766.14,14766.630000000001,378
2026-07-29T20:10:00+00:00,14766.630000000001,14777.630000000001,14764.130000000001,14775.15,369
2026-07-29T20:15:00+00:00,14775.15,14782.65,14772.130000000001,14773.14,170
2026-07-29T20:20:00+00:00,14773.14,14779.65,14769.14,14776.130000000001,118
2026-07-29T20:25:00+00:00,14776.130000000001,14777.64,14766.630000000001,14774.15,127
2026-07-29T20:30:00+00:00,14774.15,14781.15,14765.130000000001,14779.15,117
2026-07-29T20:35:00+00:00,14779.15,14786.64,14777.130000000001,14786.15,119
2026-07-29T20:40:00+00:00,14786.15,14790.15,14782.64,14787.64,76
2026-07-30T01:00:00+00:00,14787.64,14788.64,14754,14780.5,242.97196796338673
2026-07-30T01:05:00+00:00,14780.5,14823.52,14776.5,14805.02,492
2026-07-30T01:10:00+00:00,14805.02,14818.02,14794,14795.02,281
2026-07-30T01:15:00+00:00,14795.02,14811.51,14764.5,14767,1204
2026-07-30T01:20:00+00:00,14767,14793.01,14743.02,14786.5,1183
2026-07-30T01:25:00+00:00,14786.5,14807.51,14770.5,14793.01,915
2026-07-30T01:30:00+00:00,14793.01,14836.52,14762,14809.01,6190
2026-07-30T01:35:00+00:00,14809.01,14827.5,14780.52,14787.51,3762
2026-07-30T01:40:00+00:00,14787.51,14795.02,14747,14753,2970
2026-07-30T01:45:00+00:00,14753,14760.02,14719.01,14748.5,2895
2026-07-30T01:50:00+00:00,14748.5,14778.52,14745.5,14778.51,2543
2026-07-30T01:55:00+00:00,14778.51,14782.01,14725.5,14728.01,2747
2026-07-30T02:00:00+00:00,14728.01,14755.02,14722.02,14731.5,2371
2026-07-30T02:05:00+00:00,14731.5,14736.02,14683.5,14695.52,2615
2026-07-30T02:10:00+00:00,14695.52,14699.5,14629.51,14633.51,2536
2026-07-30T02:15:00+00:00,14633.51,14653.02,14625.5,14652,2683
2026-07-30T02:20:00+00:00,14652,14673.52,14643.5,14655.02,2551
2026-07-30T02:25:00+00:00,14655.02,14676.52,14652,14663.5,2388
2026-07-30T02:30:00+00:00,14663.5,14674.51,14627,14634.5,2404
2026-07-30T02:35:00+00:00,14634.5,14639.52,14602.01,14616.51,2494
2026-07-30T02:40:00+00:00,14616.51,14647,14610,14617.51,2408
2026-07-30T02:45:00+00:00,14617.51,14634.51,14606.5,14612,2605
2026-07-30T02:50:00+00:00,14612,14613.02,14568.5,14570.01,1825
2026-07-30T02:55:00+00:00,14570.01,14572.52,14540.01,14552.01,1832
2026-07-30T03:00:00+00:00,14552.01,14586.02,14534,14585.02,1987
2026-07-30T03:05:00+00:00,14585.02,14624.52,14576.52,14584.02,2554
2026-07-30T03:10:00+00:00,14584.02,14591.02,14550.5,14554.5,2086
2026-07-30T03:15:00+00:00,14554.5,14564.51,14525.5,14535.52,1791
2026-07-30T03:20:00+00:00,14535.52,14561.52,14521.51,14558.52,1842
2026-07-30T03:25:00+00:00,14558.52,14566.52,14526.5,14536.02,1975
2026-07-30T03:30:00+00:00,14536.02,14559.02,14518.51,14557.5,454
2026-07-30T03:35:00+00:00,14557.5,14562.02,14539,14541.01,435
2026-07-30T03:40:00+00:00,14541.01,14562.02,14539.52,14556.52,384
2026-07-30T03:45:00+00:00,14556.52,14559.52,14552,14556.5,280
2026-07-30T03:50:00+00:00,14556.5,14565.52,14556.5,14563.51,247
2026-07-30T03:55:00+00:00,14563.51,14565.52,14552.5,14554.51,212
2026-07-30T04:00:00+00:00,14554.51,14561.02,14548.52,14561.02,212
2026-07-30T04:05:00+00:00,14561.02,14564.02,14550.5,14552.5,284
2026-07-30T04:10:00+00:00,14552.5,14556.51,14546,14552.51,223
2026-07-30T04:15:00+00:00,14552.51,14557.01,14552,14553.01,107
2026-07-30T04:20:00+00:00,14553.01,14555.52,14551.01,14551.5,87
2026-07-30T04:25:00+00:00,14551.5,14566.52,14551.5,14566,185
2026-07-30T04:30:00+00:00,14566,14569.51,14561.52,14567.51,196
2026-07-30T04:35:00+00:00,14567.51,14570.52,14551.5,14553.51,182
2026-07-30T04:40:00+00:00,14553.51,14555.51,14547.01,14548.01,142
2026-07-30T04:45:00+00:00,14548.01,14562.01,14548,14560,175
2026-07-30T04:50:00+00:00,14560,14560.02,14545.01,14548.52,150
2026-07-30T04:55:00+00:00,14548.52,14548.52,14538.51,14538.52,207
2026-07-30T05:00:00+00:00,14538.52,14538.52,14454.52,14467.5,3966
2026-07-30T05:05:00+00:00,14467.5,14562.01,14467.02,14551.51,4269
2026-07-30T05:10:00+00:00,14551.51,14563.5,14513.5,14557.02,3240
2026-07-30T05:15:00+00:00,14557.02,14575.52,14510.02,14555.02,3325
2026-07-30T05:20:00+00:00,14555.02,14626.52,14542.51,14624.51,3801
2026-07-30T05:25:00+00:00,14624.51,14663.52,14598,14649,4416
2026-07-30T05:30:00+00:00,14649,14649.52,14613.51,14627.52,3697
2026-07-30T05:35:00+00:00,14627.52,14638,14589.01,14607.51,3092
2026-07-30T05:40:00+00:00,14607.51,14659.52,14603.52,14656.5,3206
2026-07-30T05:45:00+00:00,14656.5,14711,14656.5,14679.52,3184
2026-07-30T05:50:00+00:00,14679.52,14726.5,14651.52,14726.5,3150
2026-07-30T05:55:00+00:00,14726.5,14731.51,14682.52,14717.51,3622
2026-07-30T06:00:00+00:00,14717.51,14761.52,14703.02,14761.5,3192
2026-07-30T06:05:00+00:00,14761.5,14787.02,14736.01,14737,2453
2026-07-30T06:10:00+00:00,14737,14767.5,14725.52,14735.01,3157
2026-07-30T06:15:00+00:00,14735.01,14779.51,14722.02,14779.02,2217
2026-07-30T06:20:00+00:00,14779.02,14807.02,14775.02,14795.5,2587
2026-07-30T06:25:00+00:00,14795.5,14800.52,14758,14798,2425
2026-07-30T06:30:00+00:00,14798,14820.51,14769.52,14785.52,2828
2026-07-30T06:35:00+00:00,14785.52,14787.52,14735.51,14747.01,2685
2026-07-30T06:40:00+00:00,14747.01,14753.52,14720,14736.02,2279
2026-07-30T06:45:00+00:00,14736.02,14746.51,14713.01,14715.51,2086
2026-07-30T06:50:00+00:00,14715.51,14743.52,14714.5,14729.02,2192
2026-07-30T06:55:00+00:00,14729.02,14736.01,14714.01,14735.01,1876
2026-07-30T07:00:00+00:00,14735.01,14735.01,14709.02,14729.01,1185
2026-07-30T07:05:00+00:00,14729.01,14732.52,14720.5,14724.52,326
2026-07-30T07:10:00+00:00,14724.52,14731.5,14721,14722.52,259
2026-07-30T07:15:00+00:00,14722.52,14723.02,14716.5,14719.5,311
2026-07-30T07:20:00+00:00,14719.5,14719.52,14714,14718.01,171
2026-07-30T07:25:00+00:00,14718.01,14719.52,14712.5,14717.02,143
2026-07-30T07:30:00+00:00,14717.02,14723.52,14715.51,14720,187
2026-07-30T07:35:00+00:00,14720,14727.52,14718.51,14727.5,114
2026-07-30T07:40:00+00:00,14727.5,14739.01,14726.02,14736.02,102
2026-07-30T07:45:00+00:00,14736.02,14740.52,14733.02,14736.51,112
2026-07-30T07:50:00+00:00,14736.51,14736.51,14728.5,14731.52,234
2026-07-30T07:55:00+00:00,14731.52,14734.5,14729.5,14731.51,267
2026-07-30T08:00:00+00:00,14731.51,14740.52,14730.5,14737.51,390
2026-07-30T08:05:00+00:00,14737.51,14752.02,14736.51,14744.5,337
2026-07-30T08:10:00+00:00,14744.5,14748.5,14742.5,14743,181
2026-07-30T08:15:00+00:00,14743,14743,14737.5,14738.52,121
2026-07-30T08:20:00+00:00,14738.52,14743.52,14737.5,14739.04,78
2026-07-30T08:25:00+00:00,14739.04,14747.54,14739.04,14743.52,181
2026-07-30T09:00:00+00:00,14743.52,14749.54,14729.03,14747.54,288
2026-07-30T09:05:00+00:00,14747.54,14748.03,14739.53,14741.03,64
2026-07-30T09:10:00+00:00,14741.03,14746.03,14732.53,14742.54,82
2026-07-30T09:15:00+00:00,14742.54,14745.53,14738.04,14742.02,76
2026-07-30T09:20:00+00:00,14742.02,14754.54,14742.02,14754.03,83
2026-07-30T09:25:00+00:00,14754.03,14758.03,14751.52,14753.53,74
2026-07-30T09:30:00+00:00,14753.53,14756.54,14745.03,14755.54,86
2026-07-30T09:35:00+00:00,14755.54,14766.54,14755.54,14759.53,61
2026-07-30T09:40:00+00:00,14759.53,14761.02,14756.04,14760.04,46
2026-07-30T09:45:00+00:00,14760.04,14764.53,14758.53,14761.53,52
2026-07-30T09:50:00+00:00,14761.53,14761.53,14757.52,14759.03,33
2026-07-30T09:55:00+00:00,14759.03,14759.03,14743.04,14743.52,43
2026-07-30T10:00:00+00:00,14743.52,14748.04,14741.53,14745.53,42
2026-07-30T10:05:00+00:00,14745.53,14752.54,14745.52,14752.54,49
2026-07-30T10:10:00+00:00,14752.54,14755.02,14745.53,14747.04,61
2026-07-30T10:15:00+00:00,14747.04,14763.52,14747.04,14761.52,112
2026-07-30T10:20:00+00:00,14761.52,14764.54,14757.02,14761.54,99
2026-07-30T10:25:00+00:00,14761.54,14765.54,14759.53,14760.53,110
2026-07-30T10:30:00+00:00,14760.53,14766.04,14759.53,14763.52,105
2026-07-30T10:35:00+00:00,14763.52,14766.52,14763.52,14764.52,86
2026-07-30T10:40:00+00:00,14764.52,14773.54,14764.52,14765.02,190
2026-07-30T10:45:00+00:00,14765.02,14768.54,14763.54,14765.03,105
2026-07-30T10:50:00+00:00,14765.03,14768.54,14758.52,14758.52,175
2026-07-30T10:55:00+00:00,14758.52,14759.04,14743.54,14743.54,66
2026-07-30T11:00:00+00:00,14743.54,14757.53,14743.54,14753.52,156
2026-07-30T11:05:00+00:00,14753.52,14758.04,14752.52,14754.54,94
2026-07-30T11:10:00+00:00,14754.54,14756.54,14748.54,14749.53,122
2026-07-30T11:15:00+00:00,14749.53,14758.53,14747.54,14749.54,147
2026-07-30T11:20:00+00:00,14749.54,14750.53,14741.54,14747.54,79
2026-07-30T11:25:00+00:00,14747.54,14752.54,14746.54,14750.03,74
2026-07-30T11:30:00+00:00,14750.03,14751.03,14746.53,14748.53,86
2026-07-30T11:35:00+00:00,14748.53,14757.04,14748.53,14753.02,72
2026-07-30T11:40:00+00:00,14753.02,14756.54,14751.52,14753.03,80
2026-07-30T11:45:00+00:00,14753.03,14760.54,14751.53,14760.54,95
2026-07-30T11:50:00+00:00,14760.54,14763.54,14756.54,14762.03,102
2026-07-30T11:55:00+00:00,14762.03,14762.52,14758.52,14758.53,72
2026-07-30T12:00:00+00:00,14758.53,14766.52,14756.52,14765.02,155
2026-07-30T12:05:00+00:00,14765.02,14767.03,14762.03,14763.53,85
2026-07-30T12:10:00+00:00,14763.53,14768.03,14759.03,14766.53,74
2026-07-30T12:15:00+00:00,14766.53,14769.54,14763.52,14764.04,91
2026-07-30T12:20:00+00:00,14764.04,14775.54,14762.52,14774.02,114
2026-07-30T12:25:00+00:00,14774.02,14780.03,14774.02,14774.52,76
2026-07-30T12:30:00+00:00,14774.52,14780.52,14765.52,14768.54,373
2026-07-30T12:35:00+00:00,14768.54,14773.03,14762.52,14767.52,169
2026-07-30T12:40:00+00:00,14767.52,14767.52,14757.53,14759.52,242
2026-07-30T12:45:00+00:00,14759.52,14760.54,14755.52,14760.04,172
2026-07-30T12:50:00+00:00,14760.04,14760.04,14753.54,14758.04,162
2026-07-30T12:55:00+00:00,14758.04,14762.54,14754.53,14758.02,149
2026-07-30T13:00:00+00:00,14758.02,14764.54,14757.52,14762.02,187
2026-07-30T13:05:00+00:00,14762.02,14773.04,14761.52,14761.53,184
2026-07-30T13:10:00+00:00,14761.53,14769.03,14757.52,14763.54,121
2026-07-30T13:15:00+00:00,14763.54,14765.54,14761.53,14765.52,111
2026-07-30T13:20:00+00:00,14765.52,14773.53,14761.53,14772.52,98
2026-07-30T13:25:00+00:00,14772.52,14783.04,14772.52,14781.54,201
2026-07-30T13:30:00+00:00,14781.54,14784.54,14768.52,14773.03,512
2026-07-30T13:35:00+00:00,14773.03,14785.02,14770.54,14782.03,605
2026-07-30T13:40:00+00:00,14782.03,14801.53,14776.02,14798.53,481
2026-07-30T13:45:00+00:00,14798.53,14811.53,14796.54,14807.53,285
2026-07-30T13:50:00+00:00,14807.53,14826.53,14807.52,14826.04,389
2026-07-30T13:55:00+00:00,14826.04,14840.54,14823.54,14836.52,256
2026-07-30T14:00:00+00:00,14836.52,14846.52,14833.54,14844.54,308
2026-07-30T14:05:00+00:00,14844.54,14852.04,14841.53,14850.04,363
2026-07-30T14:10:00+00:00,14850.04,14855.52,14841.53,14850.53,361
2026-07-30T14:15:00+00:00,14850.53,14854.53,14847.53,14854.03,293
2026-07-30T14:20:00+00:00,14854.03,14860.54,14849.52,14850.54,389
2026-07-30T14:25:00+00:00,14850.54,14861.52,14842.53,14859.54,255
2026-07-30T14:30:00+00:00,14859.54,14871.53,14857.52,14868.52,279
2026-07-30T14:35:00+00:00,14868.52,14877.53,14864.53,14866.53,262
2026-07-30T14:40:00+00:00,14866.53,14871.04,14860.52,14864.54,205
2026-07-30T14:45:00+00:00,14864.54,14865.53,14850.03,14859.53,343
2026-07-30T14:50:00+00:00,14859.53,14860.52,14839.52,14840.02,260
2026-07-30T14:55:00+00:00,14840.02,14840.54,14829.52,14838.04,248
2026-07-30T15:00:00+00:00,14838.04,14840.03,14827.52,14837.53,277
2026-07-30T15:05:00+00:00,14837.53,14850.54,14837.52,14849.52,312
2026-07-30T15:10:00+00:00,14849.52,14850.54,14836.52,14837.53,344
2026-07-30T15:15:00+00:00,14837.53,14849.52,14834.52,14849.02,279
2026-07-30T15:20:00+00:00,14849.02,14854.04,14843.52,14848.52,225
2026-07-30T15:25:00+00:00,14848.52,14853.54,14842.52,14850.02,310
2026-07-30T15:30:00+00:00,14850.02,14856.54,14847.02,14856.02,230
2026-07-30T15:35:00+00:00,14856.02,14860.52,14855.52,14859.52,169
2026-07-30T15:40:00+00:00,14859.52,14867.02,14857.52,14866.53,151
2026-07-30T15:45:00+00:00,14866.53,14875.54,14866.52,14869.04,194
2026-07-30T15:50:00+00:00,14869.04,14872.02,14864.03,14872.02,151
2026-07-30T15:55:00+00:00,14872.02,14877.52,14870.54,14871.54,133
2026-07-30T16:00:00+00:00,14871.54,14882.53,14869.52,14881.53,162
2026-07-30T16:05:00+00:00,14881.53,14882.04,14876.52,14878.54,99
2026-07-30T16:10:00+00:00,14878.54,14882.54,14875.52,14879.53,130
2026-07-30T16:15:00+00:00,14879.53,14883.52,14879.52,14880.53,81
2026-07-30T16:20:00+00:00,14880.53,14883.54,14878.52,14882.53,135
2026-07-30T16:25:00+00:00,14882.53,14886.54,14879.52,14886.02,95
2026-07-30T16:30:00+00:00,14886.02,14889.53,14885.02,14888.52,117
2026-07-30T16:35:00+00:00,14888.52,14891.53,14887.52,14890.02,133
2026-07-30T16:40:00+00:00,14890.02,14890.02,14875.53,14876.54,126
2026-07-30T16:45:00+00:00,14876.54,14884.54,14876.54,14883.04,144
2026-07-30T16:50:00+00:00,14883.04,14887.52,14879.53,14882.52,84
2026-07-30T16:55:00+00:00,14882.52,14887.54,14882.52,14887.04,92
2026-07-30T17:00:00+00:00,14887.04,14894.53,14887.04,14891.53,140
2026-07-30T17:05:00+00:00,14891.53,14895.54,14890.52,14891.54,67
2026-07-30T17:10:00+00:00,14891.54,14893.04,14889.53,14890.53,103
2026-07-30T17:15:00+00:00,14890.53,14894.52,14889.53,14893.54,64
2026-07-30T17:20:00+00:00,14893.54,14894.54,14892.04,14892.54,57
2026-07-30T17:25:00+00:00,14892.54,14893.54,14890.52,14890.53,81
2026-07-30T17:30:00+00:00,14890.53,14890.54,14884.54,14885.52,81
2026-07-30T17:35:00+00:00,14885.52,14891.04,14884.53,14890.03,100
2026-07-30T17:40:00+00:00,14890.03,14893.54,14890.03,14893.54,78
2026-07-30T17:45:00+00:00,14893.54,14897.52,14892.53,14892.53,82
2026-07-30T17:50:00+00:00,14892.53,14895.54,14890.52,14890.52,86
2026-07-30T17:55:00+00:00,14890.52,14893.54,14889.52,14892.53,66
2026-07-30T18:00:00+00:00,14892.53,14895.53,14890.54,14890.54,86
2026-07-30T18:05:00+00:00,14890.54,14893.54,14888.54,14893.54,70
2026-07-30T18:10:00+00:00,14893.54,14893.54,14890.52,14892.02,68
2026-07-30T18:15:00+00:00,14892.02,14893.53,14889.52,14889.54,59
2026-07-30T18:20:00+00:00,14889.54,14892.53,14889.54,14891.53,51
2026-07-30T18:25:00+00:00,14891.53,14893.03,14890.53,14891.52,47
2026-07-30T18:30:00+00:00,14891.52,14893.54,14891.52,14892.53,64
2026-07-30T18:35:00+00:00,14892.53,14892.54,14889.54,14890.03,56
2026-07-30T18:40:00+00:00,14890.03,14893.53,14889.52,14893.53,46
2026-07-30T18:45:00+00:00,14893.53,14893.54,14891.53,14892.52,53
2026-07-30T18:50:00+00:00,14892.52,14897.04,14892.52,14897.03,38
2026-07-30T18:55:00+00:00,14897.03,14898.54,14896.02,14898.04,54
2026-07-30T19:00:00+00:00,14898.04,14901.54,14897.52,14901.03,63
2026-07-30T19:05:00+00:00,14901.03,14903.54,14900.52,14903.53,38.36532507739938
2026-07-30T19:10:00+00:00,14903.53,14909.53,14903.53,14904.54,102
2026-07-30T19:15:00+00:00,14904.54,14910.54,14902.02,14910.04,55
2026-07-30T19:20:00+00:00,14910.04,14911.53,14908.54,14911.03,39
2026-07-30T19:25:00+00:00,14911.03,14911.03,14906.03,14906.54,40
2026-07-30T19:30:00+00:00,14906.54,14907.03,14902.54,14905.54,85
2026-07-30T19:35:00+00:00,14905.54,14906.03,14903.53,14905.53,40
2026-07-30T19:40:00+00:00,14905.53,14905.53,14901.52,14905.02,56
2026-07-30T19:45:00+00:00,14905.02,14908.53,14904.52,14908.53,56
2026-07-30T19:50:00+00:00,14908.53,14908.53,14906.52,14907.53,78
2026-07-30T19:55:00+00:00,14907.53,14913.52,14904.52,14912.02,76
2026-07-30T20:00:00+00:00,14912.02,14930.53,14912.02,14930.02,295
2026-07-30T20:05:00+00:00,14930.02,14930.54,14926.52,14927.54,73
2026-07-30T20:10:00+00:00,14927.54,14929.54,14926.52,14929.53,83
2026-07-30T20:15:00+00:00,14929.53,14932.04,14927.03,14929.03,101
2026-07-30T20:20:00+00:00,14929.03,14930.54,14928.52,14929.53,50
2026-07-30T20:25:00+00:00,14929.53,14930.53,14927.52,14927.52,22
2026-07-30T20:30:00+00:00,14927.52,14929.03,14921.03,14925.02,129
2026-07-30T20:35:00+00:00,14925.02,14925.02,14917.53,14922.04,53
2026-07-30T20:40:00+00:00,14922.04,14922.04,14919.52,14920.52,58
2026-07-31T01:00:00+00:00,14920.52,15051.550000000001,14920.52,15034.03,611.9947534102832
2026-07-31T01:05:00+00:00,15034.03,15045.550000000001,15017.04,15037.53,566
2026-07-31T01:10:00+00:00,15037.53,15054.53,15035.54,15053.53,480
2026-07-31T01:15:00+00:00,15053.53,15054.050000000001,15009.53,15049.03,1867
2026-07-31T01:20:00+00:00,15049.03,15061.03,15003.550000000001,15003.550000000001,1016
2026-07-31T01:25:00+00:00,15003.550000000001,15040.04,14988.53,15025.550000000001,1425
2026-07-31T01:30:00+00:00,15025.550000000001,15025.550000000001,14893.53,14904.54,8404
2026-07-31T01:35:00+00:00,14904.54,14945.54,14879.03,14935.53,4758
2026-07-31T01:40:00+00:00,14935.53,14941.04,14911.03,14922.050000000001,4444
2026-07-31T01:45:00+00:00,14922.050000000001,14976.050000000001,14913.04,14950.03,3544
2026-07-31T01:50:00+00:00,14950.03,14967.04,14935.03,14951.03,2304
2026-07-31T01:55:00+00:00,14951.03,14963.04,14922.050000000001,14962.53,2067
2026-07-31T02:00:00+00:00,14962.53,14971.050000000001,14938.04,14941.550000000001,2543
2026-07-31T02:05:00+00:00,14941.550000000001,14967.54,14936.050000000001,14951.550000000001,2313
2026-07-31T02:10:00+00:00,14951.550000000001,14957.050000000001,14924.03,14929.050000000001,1964
2026-07-31T02:15:00+00:00,14929.050000000001,14933.04,14898.03,14927.53,1986
2026-07-31T02:20:00+00:00,14927.53,14938.050000000001,14895.03,14907.04,2123
2026-07-31T02:25:00+00:00,14907.04,14912.04,14882.050000000001,14891.03,1971
2026-07-31T02:30:00+00:00,14891.03,14899.53,14867.54,14867.54,1787
2026-07-31T02:35:00+00:00,14867.54,14874.53,14837.53,14843.03,1539
2026-07-31T02:40:00+00:00,14843.03,14882.04,14843.03,14875.550000000001,1748
2026-07-31T02:45:00+00:00,14875.550000000001,14882.050000000001,14832.54,14833.53,1736
2026-07-31T02:50:00+00:00,14833.53,14850.050000000001,14824.53,14833.04,1527
2026-07-31T02:55:00+00:00,14833.04,14869.050000000001,14833.03,14854.03,1319
2026-07-31T03:00:00+00:00,14854.03,14862.050000000001,14826.54,14827.53,1659
2026-07-31T03:05:00+00:00,14827.53,14834.03,14809.03,14809.050000000001,1510
2026-07-31T03:10:00+00:00,14809.050000000001,14826.54,14795.550000000001,14803.03,1461
2026-07-31T03:15:00+00:00,14803.03,14835.04,14800.03,14829.54,1458
2026-07-31T03:20:00+00:00,14829.54,14836.54,14798.03,14807.050000000001,1462
2026-07-31T03:25:00+00:00,14807.050000000001,14840.54,14807.03,14832.04,1127
2026-07-31T03:30:00+00:00,14832.04,14843.050000000001,14826.53,14832.53,357
2026-07-31T03:35:00+00:00,14832.53,14841.050000000001,14829.04,14840.04,121
2026-07-31T03:40:00+00:00,14840.04,14840.04,14835.550000000001,14837.050000000001,123
2026-07-31T03:45:00+00:00,14837.050000000001,14840.04,14832.54,14834.050000000001,116
2026-07-31T03:50:00+00:00,14834.050000000001,14847.050000000001,14833.54,14847.050000000001,120
2026-07-31T03:55:00+00:00,14847.050000000001,14847.050000000001,14838.53,14841.050000000001,113
2026-07-31T04:00:00+00:00,14841.050000000001,14844.050000000001,14834.550000000001,14841.03,91
2026-07-31T04:05:00+00:00,14841.03,14846.050000000001,14841.03,14845.54,77
2026-07-31T04:10:00+00:00,14845.54,14851.050000000001,14845.050000000001,14850.04,75
2026-07-31T04:15:00+00:00,14850.04,14858.050000000001,14849.04,14857.53,57
2026-07-31T04:20:00+00:00,14857.53,14862.050000000001,14856.550000000001,14862.050000000001,79
2026-07-31T04:25:00+00:00,14862.050000000001,14864.550000000001,14861.54,14864.050000000001,65
2026-07-31T04:30:00+00:00,14864.050000000001,14872.53,14860.04,14869.03,122
2026-07-31T04:35:00+00:00,14869.03,14877.550000000001,14868.54,14877.550000000001,84
2026-07-31T04:40:00+00:00,14877.550000000001,14884.050000000001,14877.04,14884.03,131
2026-07-31T04:45:00+00:00,14884.03,14890.04,14883.53,14889.53,81
2026-07-31T04:50:00+00:00,14889.53,14890.53,14887.04,14890.53,92
2026-07-31T04:55:00+00:00,14890.53,14898.54,14890.03,14898.54,160
2026-07-31T05:00:00+00:00,14898.54,14907.050000000001,14827.53,14849.54,2872
2026-07-31T05:05:00+00:00,14849.54,14857.54,14813.04,14817.04,1663
2026-07-31T05:10:00+00:00,14817.04,14824.54,14805.03,14821.53,1201
2026-07-31T05:15:00+00:00,14821.53,14855.03,14818.03,14851.050000000001,1545
2026-07-31T05:20:00+00:00,14851.050000000001,14862.050000000001,14838.550000000001,14840.050000000001,1423
2026-07-31T05:25:00+00:00,14840.050000000001,14843.050000000001,14821.04,14826.03,1243
2026-07-31T05:30:00+00:00,14826.03,14830.54,14812.54,14817.03,1179
2026-07-31T05:35:00+00:00,14817.03,14837.050000000001,14814.04,14831.03,1200
2026-07-31T05:40:00+00:00,14831.03,14847.550000000001,14829.050000000001,14844.050000000001,982
2026-07-31T05:45:00+00:00,14844.050000000001,14854.050000000001,14837.03,14845.550000000001,916
2026-07-31T05:50:00+00:00,14845.550000000001,14851.54,14830.03,14847.53,911
2026-07-31T05:55:00+00:00,14847.53,14859.050000000001,14840.53,14854.03,976
2026-07-31T06:00:00+00:00,14854.03,14856.050000000001,14843.54,14851.050000000001,979
2026-07-31T06:05:00+00:00,14851.050000000001,14855.03,14841.54,14846.550000000001,858
2026-07-31T06:10:00+00:00,14846.550000000001,14850.04,14835.04,14840.54,856
2026-07-31T06:15:00+00:00,14840.54,14853.54,14829.03,14853.050000000001,720
2026-07-31T06:20:00+00:00,14853.050000000001,14877.04,14851.03,14874.53,792
2026-07-31T06:25:00+00:00,14874.53,14894.050000000001,14869.04,14884.550000000001,822
2026-07-31T06:30:00+00:00,14884.550000000001,14887.54,14839.53,14862.04,1029
2026-07-31T06:35:00+00:00,14862.04,14882.54,14860.550000000001,14878.050000000001,822
2026-07-31T06:40:00+00:00,14878.050000000001,14883.050000000001,14842.03,14853.54,1007
2026-07-31T06:45:00+00:00,14853.54,14858.03,14838.03,14845.04,1229
2026-07-31T06:50:00+00:00,14845.04,14847.050000000001,14836.54,14843.53,713
2026-07-31T06:55:00+00:00,14843.53,14871.050000000001,14839.03,14870.03,1233
2026-07-31T07:00:00+00:00,14870.03,14871.53,14840.54,14845.54,565
2026-07-31T07:05:00+00:00,14845.54,14855.550000000001,14844.04,14854.53,354
2026-07-31T07:10:00+00:00,14854.53,14858.54,14854.04,14855.050000000001,108
2026-07-31T07:15:00+00:00,14855.050000000001,14861.04,14852.54,14861.04,51
2026-07-31T07:20:00+00:00,14861.04,14862.050000000001,14851.03,14852.54,70
2026-07-31T07:25:00+00:00,14852.54,14857.04,14851.53,14854.050000000001,128
2026-07-31T07:30:00+00:00,14854.050000000001,14858.04,14851.04,14855.03,216
2026-07-31T07:35:00+00:00,14855.03,14856.53,14850.050000000001,14853.53,216
2026-07-31T07:40:00+00:00,14853.53,14859.53,14853.050000000001,14855.54,251
2026-07-31T07:45:00+00:00,14855.54,14859.54,14851.03,14853.53,151
2026-07-31T07:50:00+00:00,14853.53,14854.54,14849.03,14853.050000000001,220
2026-07-31T07:55:00+00:00,14853.050000000001,14854.550000000001,14848.550000000001,14851.53,374
2026-07-31T08:00:00+00:00,14851.53,14853.050000000001,14834.03,14838.550000000001,446
2026-07-31T08:05:00+00:00,14838.550000000001,14846.03,14830.03,14841.54,376
2026-07-31T08:10:00+00:00,14841.54,14841.54,14835.03,14840.03,249
2026-07-31T08:15:00+00:00,14840.03,14845.53,14836.03,14844.53,226
2026-07-31T08:20:00+00:00,14844.53,14844.53,14838.550000000001,14841.04,195
2026-07-31T08:25:00+00:00,14841.04,14851.04,14835.04,14851.04,208
2026-07-31T09:00:00+00:00,14851.04,14869.050000000001,14851.04,14861.54,253
2026-07-31T09:05:00+00:00,14861.54,14867.03,14859.03,14864.03,112
2026-07-31T09:10:00+00:00,14864.03,14869.550000000001,14862.04,14864.04,112
2026-07-31T09:15:00+00:00,14864.04,14866.050000000001,14860.04,14862.53,94
2026-07-31T09:20:00+00:00,14862.53,14868.050000000001,14860.03,14861.050000000001,73
2026-07-31T09:25:00+00:00,14861.050000000001,14862.050000000001,14858.03,14861.050000000001,83
2026-07-31T09:30:00+00:00,14861.050000000001,14864.550000000001,14858.54,14864.03,126
2026-07-31T09:35:00+00:00,14864.03,14864.550000000001,14859.03,14861.03,109
2026-07-31T09:40:00+00:00,14861.03,14868.53,14861.03,14864.53,89
2026-07-31T09:45:00+00:00,14864.53,14867.050000000001,14863.03,14866.050000000001,78
2026-07-31T09:50:00+00:00,14866.050000000001,14869.050000000001,14865.03,14865.04,75
2026-07-31T09:55:00+00:00,14865.04,14866.550000000001,14860.03,14860.04,78
2026-07-31T10:00:00+00:00,14860.04,14863.04,14858.04,14860.04,96
2026-07-31T10:05:00+00:00,14860.04,14865.050000000001,14859.53,14864.03,99
2026-07-31T10:10:00+00:00,14864.03,14869.04,14863.03,14867.53,60
2026-07-31T10:15:00+00:00,14867.53,14871.050000000001,14867.03,14871.050000000001,53
2026-07-31T10:20:00+00:00,14871.050000000001,14872.03,14867.050000000001,14867.050000000001,58
2026-07-31T10:25:00+00:00,14867.050000000001,14870.550000000001,14867.03,14868.04,56
2026-07-31T10:30:00+00:00,14868.04,14871.03,14866.53,14867.53,70
2026-07-31T10:35:00+00:00,14867.53,14870.04,14865.03,14867.03,51
2026-07-31T10:40:00+00:00,14867.03,14869.050000000001,14866.03,14869.03,38
2026-07-31T10:45:00+00:00,14869.03,14870.54,14867.04,14867.050000000001,43
2026-07-31T10:50:00+00:00,14867.050000000001,14870.53,14866.03,14868.04,59
2026-07-31T10:55:00+00:00,14868.04,14868.04,14862.53,14864.04,60
2026-07-31T11:00:00+00:00,14864.04,14866.550000000001,14862.03,14865.04,76
2026-07-31T11:05:00+00:00,14865.04,14866.050000000001,14862.04,14865.050000000001,67
2026-07-31T11:10:00+00:00,14865.050000000001,14865.050000000001,14862.03,14863.050000000001,76
2026-07-31T11:15:00+00:00,14863.050000000001,14863.050000000001,14854.54,14860.04,140
2026-07-31T11:20:00+00:00,14860.04,14861.050000000001,14858.04,14860.04,88
2026-07-31T11:25:00+00:00,14860.04,14861.050000000001,14856.03,14857.04,70
2026-07-31T11:30:00+00:00,14857.04,14857.04,14850.54,14852.04,85
2026-07-31T11:35:00+00:00,14852.04,14855.53,14851.03,14852.050000000001,93
2026-07-31T11:40:00+00:00,14852.050000000001,14853.54,14850.03,14850.03,95
2026-07-31T11:45:00+00:00,14850.03,14853.050000000001,14849.04,14852.050000000001,95
2026-07-31T11:50:00+00:00,14852.050000000001,14860.050000000001,14852.03,14858.04,60
2026-07-31T11:55:00+00:00,14858.04,14860.050000000001,14857.050000000001,14857.050000000001,62
2026-07-31T12:00:00+00:00,14857.050000000001,14858.04,14849.04,14849.53,85
2026-07-31T12:05:00+00:00,14849.53,14853.03,14849.03,14850.050000000001,92
2026-07-31T12:10:00+00:00,14850.050000000001,14850.050000000001,14846.54,14848.050000000001,65
2026-07-31T12:15:00+00:00,14848.050000000001,14849.03,14843.04,14846.03,160
2026-07-31T12:20:00+00:00,14846.03,14851.550000000001,14845.03,14850.04,139
2026-07-31T12:25:00+00:00,14850.04,14852.03,14844.53,14844.53,72
2026-07-31T12:30:00+00:00,14844.53,14848.050000000001,14832.550000000001,14842.050000000001,242
2026-07-31T12:35:00+00:00,14842.050000000001,14844.050000000001,14838.03,14838.050000000001,92
2026-07-31T12:40:00+00:00,14838.050000000001,14843.04,14836.03,14840.04,104
2026-07-31T12:45:00+00:00,14840.04,14841.550000000001,14837.03,14838.04,89
2026-07-31T12:50:00+00:00,14838.04,14847.050000000001,14837.04,14846.04,72
2026-07-31T12:55:00+00:00,14846.04,14847.050000000001,14841.03,14843.03,71
2026-07-31T13:00:00+00:00,14843.03,14849.050000000001,14840.54,14848.050000000001,97
2026-07-31T13:05:00+00:00,14848.050000000001,14850.53,14847.04,14847.04,58
2026-07-31T13:10:00+00:00,14847.04,14849.050000000001,14842.050000000001,14846.03,82
2026-07-31T13:15:00+00:00,14846.03,14850.050000000001,14844.550000000001,14850.04,48
2026-07-31T13:20:00+00:00,14850.04,14861.050000000001,14846.54,14861.050000000001,146
2026-07-31T13:25:00+00:00,14861.050000000001,14865.04,14850.04,14853.550000000001,171
2026-07-31T13:30:00+00:00,14853.550000000001,14857.550000000001,14845.04,14850.53,501
2026-07-31T13:35:00+00:00,14850.53,14854.04,14830.03,14830.54,430
2026-07-31T13:40:00+00:00,14830.54,14834.050000000001,14821.54,14825.550000000001,597
2026-07-31T13:45:00+00:00,14825.550000000001,14830.04,14812.03,14817.050000000001,640
2026-07-31T13:50:00+00:00,14817.050000000001,14822.04,14804.53,14806.54,690
2026-07-31T13:55:00+00:00,14806.54,14811.03,14800.03,14800.050000000001,470
2026-07-31T14:00:00+00:00,14800.050000000001,14806.050000000001,14795.04,14796.03,715
2026-07-31T14:05:00+00:00,14796.03,14800.54,14777.03,14783.050000000001,506
2026-07-31T14:10:00+00:00,14783.050000000001,14785.03,14770.54,14777.550000000001,545
2026-07-31T14:15:00+00:00,14777.550000000001,14793.550000000001,14770.050000000001,14787.03,554
2026-07-31T14:20:00+00:00,14787.03,14797.54,14786.04,14794.03,483
2026-07-31T14:25:00+00:00,14794.03,14804.550000000001,14793.03,14804.550000000001,386
2026-07-31T14:30:00+00:00,14804.550000000001,14810.04,14802.550000000001,14806.03,369
2026-07-31T14:35:00+00:00,14806.03,14815.550000000001,14803.550000000001,14810.050000000001,318
2026-07-31T14:40:00+00:00,14810.050000000001,14813.050000000001,14806.03,14812.04,339
2026-07-31T14:45:00+00:00,14812.04,14824.04,14810.050000000001,14822.54,331
2026-07-31T14:50:00+00:00,14822.54,14827.04,14818.04,14820.04,261
2026-07-31T14:55:00+00:00,14820.04,14825.050000000001,14815.03,14823.04,308
2026-07-31T15:00:00+00:00,14823.04,14824.050000000001,14816.04,14822.550000000001,278
2026-07-31T15:05:00+00:00,14822.550000000001,14825.03,14812.04,14813.54,275
2026-07-31T15:10:00+00:00,14813.54,14816.050000000001,14806.03,14812.050000000001,274
2026-07-31T15:15:00+00:00,14812.050000000001,14821.550000000001,14804.04,14805.04,366
2026-07-31T15:20:00+00:00,14805.04,14806.53,14799.53,14802.03,236
2026-07-31T15:25:00+00:00,14802.03,14803.550000000001,14792.04,14799.03,341
2026-07-31T15:30:00+00:00,14799.03,14803.03,14786.04,14793.04,314
2026-07-31T15:35:00+00:00,14793.04,14810.050000000001,14792.53,14805.050000000001,233
2026-07-31T15:40:00+00:00,14805.050000000001,14807.050000000001,14796.050000000001,14799.53,251
2026-07-31T15:45:00+00:00,14799.53,14801.53,14792.050000000001,14798.050000000001,268
2026-07-31T15:50:00+00:00,14798.050000000001,14808.050000000001,14797.04,14807.050000000001,213
2026-07-31T15:55:00+00:00,14807.050000000001,14809.050000000001,14804.03,14806.03,125
2026-07-31T16:00:00+00:00,14806.03,14809.04,14802.03,14804.04,189
2026-07-31T16:05:00+00:00,14804.04,14808.050000000001,14799.03,14806.03,183
2026-07-31T16:10:00+00:00,14806.03,14814.050000000001,14805.53,14810.53,218
2026-07-31T16:15:00+00:00,14810.53,14815.04,14808.050000000001,14812.54,196
2026-07-31T16:20:00+00:00,14812.54,14819.04,14812.03,14817.050000000001,140
2026-07-31T16:25:00+00:00,14817.050000000001,14818.050000000001,14813.03,14818.050000000001,125
2026-07-31T16:30:00+00:00,14818.050000000001,14824.04,14818.050000000001,14821.550000000001,106
2026-07-31T16:35:00+00:00,14821.550000000001,14822.050000000001,14809.050000000001,14811.04,159
2026-07-31T16:40:00+00:00,14811.04,14811.53,14798.03,14798.550000000001,229
2026-07-31T16:45:00+00:00,14798.550000000001,14801.050000000001,14796.53,14799.54,221
2026-07-31T16:50:00+00:00,14799.54,14802.550000000001,14795.050000000001,14796.050000000001,154
2026-07-31T16:55:00+00:00,14796.050000000001,14800.03,14794.550000000001,14794.550000000001,119
2026-07-31T17:00:00+00:00,14794.550000000001,14800.050000000001,14793.03,14794.04,100
2026-07-31T17:05:00+00:00,14794.04,14796.03,14787.03,14791.04,110
2026-07-31T17:10:00+00:00,14791.04,14793.050000000001,14789.04,14791.04,119
2026-07-31T17:15:00+00:00,14791.04,14794.54,14791.03,14793.050000000001,80
2026-07-31T17:20:00+00:00,14793.050000000001,14804.050000000001,14791.050000000001,14803.53,88
2026-07-31T17:25:00+00:00,14803.53,14806.050000000001,14800.03,14805.04,131
2026-07-31T17:30:00+00:00,14805.04,14806.050000000001,14802.04,14802.04,129
2026-07-31T17:35:00+00:00,14802.04,14804.050000000001,14794.53,14794.54,98
2026-07-31T17:40:00+00:00,14794.54,14797.050000000001,14790.54,14792.03,117
2026-07-31T17:45:00+00:00,14792.03,14794.550000000001,14782.04,14783.550000000001,178
2026-07-31T17:50:00+00:00,14783.550000000001,14790.03,14782.03,14787.04,171
2026-07-31T17:55:00+00:00,14787.04,14794.050000000001,14786.03,14793.03,132
2026-07-31T18:00:00+00:00,14793.03,14807.04,14793.03,14804.03,139
2026-07-31T18:05:00+00:00,14804.03,14815.050000000001,14803.550000000001,14813.03,126
2026-07-31T18:10:00+00:00,14813.03,14813.04,14804.04,14805.04,117
2026-07-31T18:15:00+00:00,14805.04,14814.050000000001,14804.03,14811.550000000001,117
2026-07-31T18:20:00+00:00,14811.550000000001,14814.550000000001,14810.050000000001,14814.04,98
2026-07-31T18:25:00+00:00,14814.04,14815.54,14811.03,14814.03,98
2026-07-31T18:30:00+00:00,14814.03,14816.050000000001,14813.550000000001,14815.03,79
2026-07-31T18:35:00+00:00,14815.03,14817.04,14812.04,14815.54,89
2026-07-31T18:40:00+00:00,14815.54,14816.050000000001,14812.03,14813.050000000001,88
2026-07-31T18:45:00+00:00,14813.050000000001,14814.53,14809.53,14813.03,48
2026-07-31T18:50:00+00:00,14813.03,14816.050000000001,14813.03,14815.04,42
2026-07-31T18:55:00+00:00,14815.04,14817.04,14812.54,14817.04,62
2026-07-31T19:00:00+00:00,14817.04,14819.03,14812.04,14813.03,57
2026-07-31T19:05:00+00:00,14813.03,14816.54,14812.04,14816.53,63
2026-07-31T19:10:00+00:00,14816.53,14818.04,14814.550000000001,14816.03,43
2026-07-31T19:15:00+00:00,14816.03,14821.050000000001,14815.03,14820.050000000001,73
2026-07-31T19:20:00+00:00,14820.050000000001,14822.050000000001,14819.550000000001,14820.04,77
2026-07-31T19:25:00+00:00,14820.04,14820.050000000001,14815.04,14816.550000000001,29
2026-07-31T19:30:00+00:00,14816.550000000001,14820.050000000001,14815.03,14818.050000000001,75
2026-07-31T19:35:00+00:00,14818.050000000001,14821.03,14817.050000000001,14818.04,70
2026-07-31T19:40:00+00:00,14818.04,14826.050000000001,14817.03,14825.03,81
2026-07-31T19:45:00+00:00,14825.03,14834.03,14824.050000000001,14834.03,104
2026-07-31T19:50:00+00:00,14834.03,14837.550000000001,14830.04,14836.03,138
2026-07-31T19:55:00+00:00,14836.03,14836.03,14827.050000000001,14828.050000000001,164
2026-07-31T20:00:00+00:00,14828.050000000001,14828.53,14817.53,14818.03,109
2026-07-31T20:05:00+00:00,14818.03,14821.03,14817.04,14820.54,40
2026-07-31T20:10:00+00:00,14820.54,14821.050000000001,14818.03,14819.03,43
2026-07-31T20:15:00+00:00,14819.03,14820.04,14813.03,14813.050000000001,47
2026-07-31T20:20:00+00:00,14813.050000000001,14813.550000000001,14811.050000000001,14812.53,17
2026-07-31T20:25:00+00:00,14812.53,14813.050000000001,14811.04,14812.04,23
2026-07-31T20:30:00+00:00,14812.04,14820.050000000001,14811.03,14820.050000000001,40
2026-07-31T20:35:00+00:00,14820.050000000001,14821.050000000001,14818.03,14821.03,47
2026-07-31T20:40:00+00:00,14821.03,14821.04,14816.54,14819.03,49
2026-08-03T01:00:00+00:00,14819.03,14837.7,14819.03,14829.68,179.1697880931668
2026-08-03T01:05:00+00:00,14829.68,14839.2,14828.2,14835.69,171
2026-08-03T01:10:00+00:00,14835.69,14841.7,14821.68,14825.69,152
2026-08-03T01:15:00+00:00,14825.69,14825.69,14792.7,14792.7,524
2026-08-03T01:20:00+00:00,14792.7,14808.7,14761.18,14779.18,770
2026-08-03T01:25:00+00:00,14779.18,14803.69,14779.18,14782.18,1004
2026-08-03T01:30:00+00:00,14782.18,14787.69,14723.2,14727.18,6762
2026-08-03T01:35:00+00:00,14727.18,14745.2,14683.2,14684.69,3741
2026-08-03T01:40:00+00:00,14684.69,14689.2,14641.7,14645.2,3322
2026-08-03T01:45:00+00:00,14645.2,14690.19,14630.19,14675.7,2957
2026-08-03T01:50:00+00:00,14675.7,14696.68,14660.18,14676.68,2219
2026-08-03T01:55:00+00:00,14676.68,14701.68,14664.7,14685.2,2789
2026-08-03T02:00:00+00:00,14685.2,14701.69,14679.68,14684.68,2397
2026-08-03T02:05:00+00:00,14684.68,14687.68,14650.18,14660.68,2082
2026-08-03T02:10:00+00:00,14660.68,14680.7,14637.69,14650.69,2431
2026-08-03T02:15:00+00:00,14650.69,14671.19,14630.68,14668.7,1716
2026-08-03T02:20:00+00:00,14668.7,14682.69,14648.18,14649.69,1712
2026-08-03T02:25:00+00:00,14649.69,14654.7,14611.18,14616.69,1734
2026-08-03T02:30:00+00:00,14616.69,14645.18,14608.7,14642.2,1521
2026-08-03T02:35:00+00:00,14642.2,14663.7,14634.18,14637.19,1626
2026-08-03T02:40:00+00:00,14637.19,14671.7,14633.68,14657.69,1428
2026-08-03T02:45:00+00:00,14657.69,14668.19,14646.68,14654.68,1563
2026-08-03T02:50:00+00:00,14654.68,14666.69,14642.7,14665.69,1315
2026-08-03T02:55:00+00:00,14665.69,14711.7,14653.68,14710.2,1460
2026-08-03T03:00:00+00:00,14710.2,14726.69,14695.18,14697.2,1994
2026-08-03T03:05:00+00:00,14697.2,14700.7,14672.68,14676.18,1283
2026-08-03T03:10:00+00:00,14676.18,14690.69,14670.68,14680.19,1294
2026-08-03T03:15:00+00:00,14680.19,14690.2,14671.18,14690.2,1087
2026-08-03T03:20:00+00:00,14690.2,14694.19,14677.18,14691.7,1219
2026-08-03T03:25:00+00:00,14691.7,14705.7,14685.68,14696.2,1346
2026-08-03T03:30:00+00:00,14696.2,14707.2,14696.18,14701.2,194
2026-08-03T03:35:00+00:00,14701.2,14703.69,14697.69,14699.69,138
2026-08-03T03:40:00+00:00,14699.69,14702.69,14696.69,14700.68,109
2026-08-03T03:45:00+00:00,14700.68,14703.68,14698.69,14703.68,88
2026-08-03T03:50:00+00:00,14703.68,14707.68,14701.7,14704.7,70
2026-08-03T03:55:00+00:00,14704.7,14707.18,14698.2,14699.19,77
2026-08-03T04:00:00+00:00,14699.19,14701.7,14698.68,14701.69,32
2026-08-03T04:05:00+00:00,14701.69,14705.69,14699.7,14702.69,36
2026-08-03T04:10:00+00:00,14702.69,14705.69,14700.68,14705.69,41
2026-08-03T04:15:00+00:00,14705.69,14710.69,14705.2,14710.18,30.573387872954765
2026-08-03T04:20:00+00:00,14710.18,14716.7,14710.18,14716.7,32
2026-08-03T04:25:00+00:00,14716.7,14719.7,14715.69,14715.69,34
2026-08-03T04:30:00+00:00,14715.69,14718.2,14711.69,14713.68,120
2026-08-03T04:35:00+00:00,14713.68,14716.69,14711.69,14713.69,63
2026-08-03T04:40:00+00:00,14713.69,14713.7,14711.68,14712.18,56
2026-08-03T04:45:00+00:00,14712.18,14717.18,14711.7,14715.2,55
2026-08-03T04:50:00+00:00,14715.2,14715.2,14707.18,14707.18,38
2026-08-03T04:55:00+00:00,14707.18,14707.18,14701.19,14701.69,70
2026-08-03T05:00:00+00:00,14701.69,14717.69,14697.18,14698.19,1818
2026-08-03T05:05:00+00:00,14698.19,14700.18,14679.68,14685.2,1343
2026-08-03T05:10:00+00:00,14685.2,14698.69,14674.69,14685.18,1127
2026-08-03T05:15:00+00:00,14685.18,14687.18,14659.18,14660.68,866
2026-08-03T05:20:00+00:00,14660.68,14674.7,14655.7,14665.18,717
2026-08-03T05:25:00+00:00,14665.18,14670.2,14657.18,14664.18,633
2026-08-03T05:30:00+00:00,14664.18,14669.7,14644.69,14645.7,744
2026-08-03T05:35:00+00:00,14645.7,14645.7,14625.18,14626.68,911
2026-08-03T05:40:00+00:00,14626.68,14645.7,14619.68,14636.19,935
2026-08-03T05:45:00+00:00,14636.19,14646.69,14635.68,14635.69,611
2026-08-03T05:50:00+00:00,14635.69,14644.7,14633.68,14636.18,650
2026-08-03T05:55:00+00:00,14636.18,14641.19,14628.2,14629.69,480
2026-08-03T06:00:00+00:00,14629.69,14632.19,14617.69,14620.69,740
2026-08-03T06:05:00+00:00,14620.69,14627.7,14617.68,14621.7,756
2026-08-03T06:10:00+00:00,14621.7,14664.69,14621.7,14662.7,940
2026-08-03T06:15:00+00:00,14662.7,14664.18,14648.18,14655.18,764
2026-08-03T06:20:00+00:00,14655.18,14693.7,14653.68,14684.19,788
2026-08-03T06:25:00+00:00,14684.19,14689.7,14668.69,14668.69,862
2026-08-03T06:30:00+00:00,14668.69,14676.7,14647.18,14653.18,900
2026-08-03T06:35:00+00:00,14653.18,14656.19,14636.69,14642.19,835
2026-08-03T06:40:00+00:00,14642.19,14648.7,14631.68,14645.7,762
2026-08-03T06:45:00+00:00,14645.7,14658.69,14644.69,14655.2,568
2026-08-03T06:50:00+00:00,14655.2,14664.7,14650.7,14651.69,625
2026-08-03T06:55:00+00:00,14651.69,14664.2,14647.68,14662.68,861
2026-08-03T07:00:00+00:00,14662.68,14664.2,14649.68,14654.18,533
2026-08-03T07:05:00+00:00,14654.18,14665.2,14652.2,14659.68,208
2026-08-03T07:10:00+00:00,14659.68,14662.69,14657.68,14660.2,137
2026-08-03T07:15:00+00:00,14660.2,14666.68,14651.68,14656.69,310
2026-08-03T07:20:00+00:00,14656.69,14665.2,14653.68,14663.7,136
2026-08-03T07:25:00+00:00,14663.7,14675.18,14663.68,14673.19,139
2026-08-03T07:30:00+00:00,14673.19,14673.69,14666.18,14670.69,135
2026-08-03T07:35:00+00:00,14670.69,14672.7,14664.68,14666.7,142
2026-08-03T07:40:00+00:00,14666.7,14666.7,14658.68,14662.68,210
2026-08-03T07:45:00+00:00,14662.68,14666.19,14658.69,14663.68,179
2026-08-03T07:50:00+00:00,14663.68,14665.7,14660.68,14663.69,123
2026-08-03T07:55:00+00:00,14663.69,14666.7,14663.68,14665.68,236
2026-08-03T08:00:00+00:00,14665.68,14665.69,14656.68,14657.7,353
2026-08-03T08:05:00+00:00,14657.7,14659.7,14654.68,14659.68,148
2026-08-03T08:10:00+00:00,14659.68,14667.68,14659.68,14665.69,71
2026-08-03T08:15:00+00:00,14665.69,14665.69,14655.7,14656.7,64
2026-08-03T08:20:00+00:00,14656.7,14660.2,14654.18,14657.7,89
2026-08-03T08:25:00+00:00,14657.7,14659.18,14655.18,14659.18,89
2026-08-03T09:00:00+00:00,14659.18,14660.7,14651.68,14658.2,179
2026-08-03T09:05:00+00:00,14658.2,14661.7,14657.2,14657.7,40
2026-08-03T09:10:00+00:00,14657.7,14665.7,14654.68,14664.18,71
2026-08-03T09:15:00+00:00,14664.18,14665.68,14660.18,14664.69,64
2026-08-03T09:20:00+00:00,14664.69,14669.7,14663.18,14668.69,66
2026-08-03T09:25:00+00:00,14668.69,14669.2,14665.19,14665.69,46
2026-08-03T09:30:00+00:00,14665.69,14665.69,14662.68,14662.69,67
2026-08-03T09:35:00+00:00,14662.69,14665.2,14661.68,14663.7,49
2026-08-03T09:40:00+00:00,14663.7,14664.7,14662.18,14663.18,50
2026-08-03T09:45:00+00:00,14663.18,14666.7,14662.7,14663.68,41
2026-08-03T09:50:00+00:00,14663.68,14664.7,14662.18,14664.68,47
2026-08-03T09:55:00+00:00,14664.68,14666.69,14659.69,14660.68,44
2026-08-03T10:00:00+00:00,14660.68,14660.7,14656.68,14660.68,94
2026-08-03T10:05:00+00:00,14660.68,14663.68,14658.68,14660.7,61
2026-08-03T10:10:00+00:00,14660.7,14660.7,14658.69,14659.69,60
2026-08-03T10:15:00+00:00,14659.69,14663.2,14659.68,14660.7,95
2026-08-03T10:20:00+00:00,14660.7,14661.2,14655.18,14657.68,84
2026-08-03T10:25:00+00:00,14657.68,14659.68,14656.68,14658.19,54
2026-08-03T10:30:00+00:00,14658.19,14661.7,14656.19,14661.7,54
2026-08-03T10:35:00+00:00,14661.7,14661.7,14658.69,14659.68,66
2026-08-03T10:40:00+00:00,14659.68,14660.7,14658.69,14660.68,56
2026-08-03T10:45:00+00:00,14660.68,14660.69,14658.68,14658.69,58
2026-08-03T10:50:00+00:00,14658.69,14661.69,14658.69,14661.69,52
2026-08-03T10:55:00+00:00,14661.69,14662.7,14660.7,14662.7,31
2026-08-03T11:00:00+00:00,14662.7,14664.7,14656.68,14659.69,96
2026-08-03T11:05:00+00:00,14659.69,14660.2,14654.68,14655.7,83
2026-08-03T11:10:00+00:00,14655.7,14656.2,14653.68,14655.18,71
2026-08-03T11:15:00+00:00,14655.18,14657.69,14654.68,14656.69,61
2026-08-03T11:20:00+00:00,14656.69,14656.7,14654.68,14655.2,32
2026-08-03T11:25:00+00:00,14655.2,14657.69,14653.69,14654.69,47
2026-08-03T11:30:00+00:00,14654.69,14660.7,14653.69,14660.68,71
2026-08-03T11:35:00+00:00,14660.68,14660.7,14654.68,14654.69,65
2026-08-03T11:40:00+00:00,14654.69,14657.69,14652.7,14657.68,67
2026-08-03T11:45:00+00:00,14657.68,14657.68,14651.69,14655.2,82
2026-08-03T11:50:00+00:00,14655.2,14656.19,14652.68,14652.7,62
2026-08-03T11:55:00+00:00,14652.7,14654.7,14651.68,14654.19,59
2026-08-03T12:00:00+00:00,14654.19,14654.7,14650.69,14650.69,83
2026-08-03T12:05:00+00:00,14650.69,14651.7,14647.68,14651.69,60
2026-08-03T12:10:00+00:00,14651.69,14651.7,14648.68,14651.2,63
2026-08-03T12:15:00+00:00,14651.2,14652.7,14646.18,14646.68,85
2026-08-03T12:20:00+00:00,14646.68,14647.19,14642.69,14644.7,82
2026-08-03T12:25:00+00:00,14644.7,14646.7,14642.68,14643.68,63
2026-08-03T12:30:00+00:00,14643.68,14648.68,14643.68,14648.68,47
2026-08-03T12:35:00+00:00,14648.68,14651.7,14647.68,14651.68,69
2026-08-03T12:40:00+00:00,14651.68,14652.2,14646.68,14647.69,59
2026-08-03T12:45:00+00:00,14647.69,14648.7,14645.68,14646.19,45
2026-08-03T12:50:00+00:00,14646.19,14650.69,14644.68,14649.69,53
2026-08-03T12:55:00+00:00,14649.69,14650.7,14648.69,14650.2,40
2026-08-03T13:00:00+00:00,14650.2,14652.7,14647.68,14650.69,86
2026-08-03T13:05:00+00:00,14650.69,14653.69,14650.68,14650.7,58
2026-08-03T13:10:00+00:00,14650.7,14651.7,14646.68,14647.68,75
2026-08-03T13:15:00+00:00,14647.68,14648.7,14642.68,14645.18,60
2026-08-03T13:20:00+00:00,14645.18,14647.7,14644.18,14647.68,73
2026-08-03T13:25:00+00:00,14647.68,14647.69,14642.18,14644.7,151
2026-08-03T13:30:00+00:00,14644.7,14646.2,14632.69,14633.2,440
2026-08-03T13:35:00+00:00,14633.2,14653.68,14630.68,14640.7,310
2026-08-03T13:40:00+00:00,14640.7,14643.69,14637.18,14641.18,265
2026-08-03T13:45:00+00:00,14641.18,14647.7,14638.19,14638.19,377
2026-08-03T13:50:00+00:00,14638.19,14649.7,14637.7,14649.2,329
2026-08-03T13:55:00+00:00,14649.2,14655.2,14647.68,14655.2,252
2026-08-03T14:00:00+00:00,14655.2,14659.68,14648.68,14650.69,330
2026-08-03T14:05:00+00:00,14650.69,14654.2,14648.68,14651.69,237
2026-08-03T14:10:00+00:00,14651.69,14656.7,14651.19,14653.68,196
2026-08-03T14:15:00+00:00,14653.68,14662.69,14652.68,14657.68,153
2026-08-03T14:20:00+00:00,14657.68,14666.7,14657.68,14666.7,171
2026-08-03T14:25:00+00:00,14666.7,14667.7,14663.7,14666.19,151
2026-08-03T14:30:00+00:00,14666.19,14673.19,14665.68,14673.19,154
2026-08-03T14:35:00+00:00,14673.19,14676.2,14670.18,14672.68,132
2026-08-03T14:40:00+00:00,14672.68,14674.2,14671.69,14673.68,94
2026-08-03T14:45:00+00:00,14673.68,14677.2,14670.68,14675.7,141
2026-08-03T14:50:00+00:00,14675.7,14680.7,14674.18,14679.69,64
2026-08-03T14:55:00+00:00,14679.69,14686.7,14678.7,14685.68,96
2026-08-03T15:00:00+00:00,14685.68,14687.2,14679.68,14683.7,98
2026-08-03T15:05:00+00:00,14683.7,14683.7,14677.69,14678.68,87
2026-08-03T15:10:00+00:00,14678.68,14680.7,14676.69,14678.19,82
2026-08-03T15:15:00+00:00,14678.19,14680.7,14677.7,14678.68,90
2026-08-03T15:20:00+00:00,14678.68,14681.68,14677.68,14677.68,82
2026-08-03T15:25:00+00:00,14677.68,14680.18,14674.68,14678.69,169
2026-08-03T15:30:00+00:00,14678.69,14685.18,14678.68,14683.68,148
2026-08-03T15:35:00+00:00,14683.68,14684.7,14677.68,14682.7,133
2026-08-03T15:40:00+00:00,14682.7,14683.7,14681.68,14682.68,76
2026-08-03T15:45:00+00:00,14682.68,14687.19,14682.68,14686.2,86
2026-08-03T15:50:00+00:00,14686.2,14688.2,14685.19,14687.19,54
2026-08-03T15:55:00+00:00,14687.19,14687.69,14685.18,14686.7,81
2026-08-03T16:00:00+00:00,14686.7,14688.7,14685.68,14687.7,81
2026-08-03T16:05:00+00:00,14687.7,14688.69,14685.68,14686.69,48
2026-08-03T16:10:00+00:00,14686.69,14688.7,14685.68,14688.7,36
2026-08-03T16:15:00+00:00,14688.7,14690.2,14686.7,14689.69,37
2026-08-03T16:20:00+00:00,14689.69,14690.19,14687.69,14690.19,33
2026-08-03T16:25:00+00:00,14690.19,14690.69,14687.7,14689.68,71
2026-08-03T16:30:00+00:00,14689.68,14690.7,14686.69,14689.68,57
2026-08-03T16:35:00+00:00,14689.68,14690.2,14688.68,14689.7,37
2026-08-03T16:40:00+00:00,14689.7,14692.18,14689.69,14691.7,36
2026-08-03T16:45:00+00:00,14691.7,14692.2,14690.18,14690.18,18
2026-08-03T16:50:00+00:00,14690.18,14690.7,14686.68,14687.7,45
2026-08-03T16:55:00+00:00,14687.7,14689.7,14685.68,14686.68,52
2026-08-03T17:00:00+00:00,14686.68,14687.18,14684.19,14685.2,82
2026-08-03T17:05:00+00:00,14685.2,14687.69,14684.68,14687.69,35
2026-08-03T17:10:00+00:00,14687.69,14690.7,14687.69,14690.68,36
2026-08-03T17:15:00+00:00,14690.68,14692.7,14690.68,14691.68,41
2026-08-03T17:20:00+00:00,14691.68,14693.7,14690.68,14693.69,31
2026-08-03T17:25:00+00:00,14693.69,14695.18,14693.68,14693.69,12
2026-08-03T17:30:00+00:00,14693.69,14696.7,14693.69,14696.7,43
2026-08-03T17:35:00+00:00,14696.7,14697.7,14696.2,14697.68,60
2026-08-03T17:40:00+00:00,14697.68,14700.18,14697.68,14699.7,42
2026-08-03T17:45:00+00:00,14699.7,14701.7,14699.68,14700.68,27
2026-08-03T17:50:00+00:00,14700.68,14702.69,14700.68,14701.69,33
2026-08-03T17:55:00+00:00,14701.69,14703.69,14701.69,14702.69,33
2026-08-03T18:00:00+00:00,14702.69,14708.19,14702.68,14706.18,34
2026-08-03T18:05:00+00:00,14706.18,14712.7,14706.18,14712.7,37
2026-08-03T18:10:00+00:00,14712.7,14714.68,14710.68,14710.68,51
2026-08-03T18:15:00+00:00,14710.68,14714.68,14710.68,14710.69,36
2026-08-03T18:20:00+00:00,14710.69,14713.2,14709.68,14711.68,56
2026-08-03T18:25:00+00:00,14711.68,14712.7,14707.68,14708.7,40
2026-08-03T18:30:00+00:00,14708.7,14711.7,14708.68,14710.7,77
2026-08-03T18:35:00+00:00,14710.7,14712.69,14708.69,14708.69,56
2026-08-03T18:40:00+00:00,14708.69,14712.7,14708.69,14712.7,32
2026-08-03T18:45:00+00:00,14712.7,14713.18,14710.68,14713.18,47
2026-08-03T18:50:00+00:00,14713.18,14713.68,14710.68,14712.7,41
2026-08-03T18:55:00+00:00,14712.7,14714.19,14710.68,14711.7,44
2026-08-03T19:00:00+00:00,14711.7,14714.7,14710.68,14714.7,52
2026-08-03T19:05:00+00:00,14714.7,14714.7,14709.68,14710.2,59
2026-08-03T19:10:00+00:00,14710.2,14711.7,14707.69,14707.69,28
2026-08-03T19:15:00+00:00,14707.69,14711.18,14707.69,14710.68,28
2026-08-03T19:20:00+00:00,14710.68,14710.7,14709.18,14709.18,22
2026-08-03T19:25:00+00:00,14709.18,14710.7,14708.68,14708.69,26
2026-08-03T19:30:00+00:00,14708.69,14710.7,14706.68,14706.69,58
2026-08-03T19:35:00+00:00,14706.69,14707.7,14705.68,14706.69,57
2026-08-03T19:40:00+00:00,14706.69,14706.7,14704.68,14705.69,44
2026-08-03T19:45:00+00:00,14705.69,14707.18,14704.69,14705.69,56
2026-08-03T19:50:00+00:00,14705.69,14708.7,14704.69,14705.7,104
2026-08-03T19:55:00+00:00,14705.7,14708.7,14704.18,14707.2,71
2026-08-03T20:00:00+00:00,14707.2,14710.68,14706.68,14709.7,42
2026-08-03T20:05:00+00:00,14709.7,14711.7,14709.68,14710.68,33
2026-08-03T20:10:00+00:00,14710.68,14711.2,14709.68,14709.68,14
2026-08-03T20:15:00+00:00,14709.68,14711.7,14709.68,14711.2,31.804503582395085
2026-08-03T20:20:00+00:00,14711.2,14711.69,14710.18,14711.19,25.535246892088395
2026-08-03T20:25:00+00:00,14711.19,14711.7,14709.68,14709.68,17.693133047210303
2026-08-03T20:30:00+00:00,14709.68,14711.7,14709.68,14711.69,13.853231106243154
2026-08-03T20:35:00+00:00,14711.69,14722.68,14711.69,14717.68,34
2026-08-03T20:40:00+00:00,14717.68,14719.7,14717.68,14719.2,8
2026-08-04T01:00:00+00:00,14719.2,14719.2,14651.2,14659.69,278.88758782201404
2026-08-04T01:05:00+00:00,14659.69,14669.2,14653.18,14667.19,273
2026-08-04T01:10:00+00:00,14667.19,14686.2,14664.19,14675.69,227
2026-08-04T01:15:00+00:00,14675.69,14727.19,14674.7,14714.69,890
2026-08-04T01:20:00+00:00,14714.69,14727.2,14701.18,14705.69,634
2026-08-04T01:25:00+00:00,14705.69,14747.19,14703.7,14746.69,827
2026-08-04T01:30:00+00:00,14746.69,14746.69,14683.18,14706.69,5792
2026-08-04T01:35:00+00:00,14706.69,14743.2,14702.18,14715.18,3382
2026-08-04T01:40:00+00:00,14715.18,14720.69,14690.2,14698.19,2815
2026-08-04T01:45:00+00:00,14698.19,14708.2,14685.19,14698.69,2666
2026-08-04T01:50:00+00:00,14698.69,14756.19,14698.19,14749.68,2083
2026-08-04T01:55:00+00:00,14749.68,14756.7,14718.2,14720.2,2011
2026-08-04T02:00:00+00:00,14720.2,14724.7,14675.7,14677.7,2013
2026-08-04T02:05:00+00:00,14677.7,14728.2,14670.69,14714.2,2026
2026-08-04T02:10:00+00:00,14714.2,14714.7,14683.19,14693.7,1901
2026-08-04T02:15:00+00:00,14693.7,14711.19,14681.68,14705.68,1366
2026-08-04T02:20:00+00:00,14705.68,14712.68,14675.18,14676.19,1350
2026-08-04T02:25:00+00:00,14676.19,14702.2,14669.69,14687.69,1218
2026-08-04T02:30:00+00:00,14687.69,14704.2,14686.68,14697.2,1356
2026-08-04T02:35:00+00:00,14697.2,14713.19,14695.18,14703.2,1135
2026-08-04T02:40:00+00:00,14703.2,14715.18,14682.18,14715.18,1199
2026-08-04T02:45:00+00:00,14715.18,14715.7,14691.2,14691.2,1177
2026-08-04T02:50:00+00:00,14691.2,14696.2,14678.19,14683.2,1004
2026-08-04T02:55:00+00:00,14683.2,14701.2,14678.68,14679.18,904
2026-08-04T03:00:00+00:00,14679.18,14684.18,14670.2,14676.19,997
2026-08-04T03:05:00+00:00,14676.19,14705.2,14669.68,14703.7,949
2026-08-04T03:10:00+00:00,14703.7,14715.2,14696.18,14714.68,883
2026-08-04T03:15:00+00:00,14714.68,14719.7,14703.7,14719.68,834
2026-08-04T03:20:00+00:00,14719.68,14729.69,14716.18,14727.2,934
2026-08-04T03:25:00+00:00,14727.2,14740.7,14722.18,14735.69,894
2026-08-04T03:30:00+00:00,14735.69,14744.69,14730.68,14740.68,268
2026-08-04T03:35:00+00:00,14740.68,14741.19,14732.2,14735.19,140
2026-08-04T03:40:00+00:00,14735.19,14735.2,14723.69,14727.68,153
2026-08-04T03:45:00+00:00,14727.68,14727.68,14718.18,14719.69,155
2026-08-04T03:50:00+00:00,14719.69,14723.19,14718.18,14722.19,163
2026-08-04T03:55:00+00:00,14722.19,14725.2,14719.19,14720.19,115
2026-08-04T04:00:00+00:00,14720.19,14722.2,14711.19,14711.19,81
2026-08-04T04:05:00+00:00,14711.19,14711.19,14700.19,14704.68,126
2026-08-04T04:10:00+00:00,14704.68,14704.7,14697.69,14703.69,94
2026-08-04T04:15:00+00:00,14703.69,14711.7,14703.69,14711.7,69
2026-08-04T04:20:00+00:00,14711.7,14714.2,14709.2,14714.2,95
2026-08-04T04:25:00+00:00,14714.2,14717.2,14711.18,14715.7,101
2026-08-04T04:30:00+00:00,14715.7,14721.68,14715.68,14720.18,169
2026-08-04T04:35:00+00:00,14720.18,14720.18,14713.19,14713.19,70
2026-08-04T04:40:00+00:00,14713.19,14714.18,14711.18,14712.18,63
2026-08-04T04:45:00+00:00,14712.18,14721.68,14711.18,14721.68,122
2026-08-04T04:50:00+00:00,14721.68,14730.2,14721.18,14730.2,96
2026-08-04T04:55:00+00:00,14730.2,14731.69,14718.68,14721.7,152
2026-08-04T05:00:00+00:00,14721.7,14779.69,14721.7,14779.2,2810
2026-08-04T05:05:00+00:00,14779.2,14785.2,14761.2,14767.69,1634
2026-08-04T05:10:00+00:00,14767.69,14767.69,14739.69,14759.18,1189
2026-08-04T05:15:00+00:00,14759.18,14768.19,14735.68,14744.69,940
2026-08-04T05:20:00+00:00,14744.69,14767.18,14741.68,14763.7,908
2026-08-04T05:25:00+00:00,14763.7,14788.19,14763.2,14788.19,715
2026-08-04T05:30:00+00:00,14788.19,14803.2,14785.68,14797.68,934
2026-08-04T05:35:00+00:00,14797.68,14807.69,14794.68,14802.2,1012
2026-08-04T05:40:00+00:00,14802.2,14825.69,14799.7,14816.19,895
2026-08-04T05:45:00+00:00,14816.19,14828.2,14810.19,14815.7,747
2026-08-04T05:50:00+00:00,14815.7,14828.2,14808.69,14815.18,895
2026-08-04T05:55:00+00:00,14815.18,14825.2,14810.18,14824.7,601
2026-08-04T06:00:00+00:00,14824.7,14829.2,14820.19,14828.19,756
2026-08-04T06:05:00+00:00,14828.19,14838.7,14820.18,14837.69,518
2026-08-04T06:10:00+00:00,14837.69,14845.2,14820.68,14820.68,616
2026-08-04T06:15:00+00:00,14820.68,14820.68,14805.68,14812.69,1173
2026-08-04T06:20:00+00:00,14812.69,14818.2,14808.18,14814.19,830
2026-08-04T06:25:00+00:00,14814.19,14822.7,14811.69,14816.69,710
2026-08-04T06:30:00+00:00,14816.69,14822.19,14796.19,14798.18,1079
2026-08-04T06:35:00+00:00,14798.18,14807.18,14795.2,14799.2,768
2026-08-04T06:40:00+00:00,14799.2,14799.68,14776.18,14777.18,744
2026-08-04T06:45:00+00:00,14777.18,14784.2,14770.18,14780.69,649
2026-08-04T06:50:00+00:00,14780.69,14787.19,14778.18,14782.68,674
2026-08-04T06:55:00+00:00,14782.68,14794.18,14781.2,14787.7,752
2026-08-04T07:00:00+00:00,14787.7,14799.19,14787.69,14797.2,401
2026-08-04T07:05:00+00:00,14797.2,14799.19,14789.68,14790.7,166
2026-08-04T07:10:00+00:00,14790.7,14791.7,14786.18,14788.2,106
2026-08-04T07:15:00+00:00,14788.2,14793.2,14787.7,14791.2,97
2026-08-04T07:20:00+00:00,14791.2,14791.2,14788.18,14791.2,47
2026-08-04T07:25:00+00:00,14791.2,14794.2,14790.2,14791.69,70
2026-08-04T07:30:00+00:00,14791.69,14796.69,14791.18,14793.68,79
2026-08-04T07:35:00+00:00,14793.68,14794.2,14791.18,14792.18,86
2026-08-04T07:40:00+00:00,14792.18,14793.18,14786.2,14786.2,47
2026-08-04T07:45:00+00:00,14786.2,14787.2,14782.2,14786.19,81
2026-08-04T07:50:00+00:00,14786.19,14789.19,14785.18,14787.19,97
2026-08-04T07:55:00+00:00,14787.19,14788.19,14786.18,14787.68,73
2026-08-04T08:00:00+00:00,14787.68,14801.2,14787.68,14799.2,287
2026-08-04T08:05:00+00:00,14799.2,14802.69,14795.7,14799.18,154
2026-08-04T08:10:00+00:00,14799.18,14801.19,14797.18,14800.7,190
2026-08-04T08:15:00+00:00,14800.7,14800.7,14795.18,14795.18,132
2026-08-04T08:20:00+00:00,14795.18,14796.19,14786.68,14790.69,105
2026-08-04T08:25:00+00:00,14790.69,14794.19,14789.2,14793.68,152
2026-08-04T09:00:00+00:00,14793.68,14793.68,14776.7,14781.2,103
2026-08-04T09:05:00+00:00,14781.2,14782.19,14779.19,14781.19,50
2026-08-04T09:10:00+00:00,14781.19,14783.18,14778.19,14783.18,56
2026-08-04T09:15:00+00:00,14783.18,14783.2,14776.19,14781.69,68
2026-08-04T09:20:00+00:00,14781.69,14782.2,14778.18,14782.19,72
2026-08-04T09:25:00+00:00,14782.19,14784.69,14780.7,14784.69,30
2026-08-04T09:30:00+00:00,14784.69,14785.18,14782.18,14783.19,36
2026-08-04T09:35:00+00:00,14783.19,14786.19,14783.18,14785.69,29
2026-08-04T09:40:00+00:00,14785.69,14788.19,14785.69,14786.18,22
2026-08-04T09:45:00+00:00,14786.18,14786.69,14782.18,14784.2,63
2026-08-04T09:50:00+00:00,14784.2,14784.2,14781.69,14782.19,32
2026-08-04T09:55:00+00:00,14782.19,14782.19,14780.19,14780.68,32
2026-08-04T10:00:00+00:00,14780.68,14781.18,14774.68,14776.7,98
2026-08-04T10:05:00+00:00,14776.7,14780.2,14776.18,14778.2,73
2026-08-04T10:10:00+00:00,14778.2,14778.68,14752.18,14753.69,120
2026-08-04T10:15:00+00:00,14753.69,14761.69,14750.68,14752.7,113
2026-08-04T10:20:00+00:00,14752.7,14760.69,14749.19,14749.7,118
2026-08-04T10:25:00+00:00,14749.7,14752.2,14747.18,14747.18,76
2026-08-04T10:30:00+00:00,14747.18,14752.69,14746.18,14750.18,122
2026-08-04T10:35:00+00:00,14750.18,14751.19,14742.68,14744.19,81
2026-08-04T10:40:00+00:00,14744.19,14752.2,14741.18,14749.19,152
2026-08-04T10:45:00+00:00,14749.19,14761.7,14749.19,14756.19,218
2026-08-04T10:50:00+00:00,14756.19,14756.2,14747.69,14750.19,93
2026-08-04T10:55:00+00:00,14750.19,14752.2,14746.2,14746.2,110
2026-08-04T11:00:00+00:00,14746.2,14747.2,14738.18,14742.2,154
2026-08-04T11:05:00+00:00,14742.2,14742.2,14734.2,14738.68,102
2026-08-04T11:10:00+00:00,14738.68,14743.2,14736.68,14740.2,76
2026-08-04T11:15:00+00:00,14740.2,14743.7,14740.2,14742.69,51
2026-08-04T11:20:00+00:00,14742.69,14747.19,14738.19,14740.18,71
2026-08-04T11:25:00+00:00,14740.18,14744.2,14738.18,14744.2,60
2026-08-04T11:30:00+00:00,14744.2,14746.7,14737.18,14737.18,79
2026-08-04T11:35:00+00:00,14737.18,14737.19,14723.68,14725.7,145
2026-08-04T11:40:00+00:00,14725.7,14726.68,14717.19,14725.69,191
2026-08-04T11:45:00+00:00,14725.69,14727.2,14720.19,14724.2,191
2026-08-04T11:50:00+00:00,14724.2,14728.2,14721.7,14722.19,156
2026-08-04T11:55:00+00:00,14722.19,14723.69,14719.68,14721.2,88
2026-08-04T12:00:00+00:00,14721.2,14721.2,14716.69,14719.7,105
2026-08-04T12:05:00+00:00,14719.7,14719.7,14712.18,14713.19,58
2026-08-04T12:10:00+00:00,14713.19,14722.2,14710.18,14719.2,48
2026-08-04T12:15:00+00:00,14719.2,14719.7,14714.19,14717.18,69
2026-08-04T12:20:00+00:00,14717.18,14722.18,14716.18,14720.2,55
2026-08-04T12:25:00+00:00,14720.2,14722.2,14720.18,14721.68,27.54854854854855
2026-08-04T12:30:00+00:00,14721.68,14726.7,14721.18,14722.2,47
2026-08-04T12:35:00+00:00,14722.2,14724.7,14721.2,14723.18,35
2026-08-04T12:40:00+00:00,14723.18,14723.18,14717.2,14717.2,51
2026-08-04T12:45:00+00:00,14717.2,14718.2,14706.69,14712.7,73
2026-08-04T12:50:00+00:00,14712.7,14712.7,14708.2,14709.19,45
2026-08-04T12:55:00+00:00,14709.19,14709.2,14703.7,14703.7,21
2026-08-04T13:00:00+00:00,14703.7,14704.19,14699.68,14699.68,89
2026-08-04T13:05:00+00:00,14699.68,14708.68,14699.18,14706.2,59
2026-08-04T13:10:00+00:00,14706.2,14716.7,14705.68,14716.18,62
2026-08-04T13:15:00+00:00,14716.18,14719.18,14712.19,14712.19,33
2026-08-04T13:20:00+00:00,14712.19,14727.18,14711.19,14718.19,258
2026-08-04T13:25:00+00:00,14718.19,14719.2,14704.19,14706.19,117
2026-08-04T13:30:00+00:00,14706.19,14727.18,14696.18,14726.69,299
2026-08-04T13:35:00+00:00,14726.69,14730.7,14718.69,14725.7,225
2026-08-04T13:40:00+00:00,14725.7,14734.19,14725.7,14729.7,151
2026-08-04T13:45:00+00:00,14729.7,14741.19,14727.2,14739.68,193
2026-08-04T13:50:00+00:00,14739.68,14748.2,14737.68,14744.19,165
2026-08-04T13:55:00+00:00,14744.19,14744.7,14737.2,14744.68,156
2026-08-04T14:00:00+00:00,14744.68,14753.2,14740.2,14751.18,213
2026-08-04T14:05:00+00:00,14751.18,14751.2,14742.18,14743.69,136
2026-08-04T14:10:00+00:00,14743.69,14754.19,14743.69,14754.19,99
2026-08-04T14:15:00+00:00,14754.19,14758.18,14752.19,14755.18,107
2026-08-04T14:20:00+00:00,14755.18,14758.19,14751.68,14755.18,145
2026-08-04T14:25:00+00:00,14755.18,14757.18,14753.18,14753.18,82
2026-08-04T14:30:00+00:00,14753.18,14757.2,14752.18,14754.7,103
2026-08-04T14:35:00+00:00,14754.7,14764.2,14754.19,14762.69,153
2026-08-04T14:40:00+00:00,14762.69,14763.18,14755.18,14758.69,80
2026-08-04T14:45:00+00:00,14758.69,14761.69,14754.18,14758.2,70
2026-08-04T14:50:00+00:00,14758.2,14764.2,14757.7,14762.2,74
2026-08-04T14:55:00+00:00,14762.2,14763.2,14757.18,14762.18,59
2026-08-04T15:00:00+00:00,14762.18,14762.2,14758.18,14761.69,49
2026-08-04T15:05:00+00:00,14761.69,14762.19,14755.7,14757.19,60
2026-08-04T15:10:00+00:00,14757.19,14759.18,14755.18,14758.19,76
2026-08-04T15:15:00+00:00,14758.19,14759.2,14756.7,14757.68,62
2026-08-04T15:20:00+00:00,14757.68,14757.69,14752.18,14755.19,61
2026-08-04T15:25:00+00:00,14755.19,14756.69,14751.68,14754.69,86
2026-08-04T15:30:00+00:00,14754.69,14760.2,14754.18,14758.19,79
2026-08-04T15:35:00+00:00,14758.19,14768.69,14758.18,14765.18,140
2026-08-04T15:40:00+00:00,14765.18,14766.18,14762.2,14764.2,82
2026-08-04T15:45:00+00:00,14764.2,14766.68,14762.19,14766.19,54
2026-08-04T15:50:00+00:00,14766.19,14770.2,14766.18,14769.69,41
2026-08-04T15:55:00+00:00,14769.69,14775.2,14769.19,14771.68,81
2026-08-04T16:00:00+00:00,14771.68,14783.18,14771.19,14778.68,114
2026-08-04T16:05:00+00:00,14778.68,14781.19,14777.18,14777.18,80
2026-08-04T16:10:00+00:00,14777.18,14780.19,14776.18,14776.2,35
2026-08-04T16:15:00+00:00,14776.2,14778.69,14774.7,14777.69,45
2026-08-04T16:20:00+00:00,14777.69,14783.7,14777.18,14783.7,71
2026-08-04T16:25:00+00:00,14783.7,14785.2,14781.19,14783.2,53
2026-08-04T16:30:00+00:00,14783.2,14787.18,14781.69,14787.18,47
2026-08-04T16:35:00+00:00,14787.18,14787.19,14784.18,14785.18,43
2026-08-04T16:40:00+00:00,14785.18,14788.19,14784.18,14788.18,44
2026-08-04T16:45:00+00:00,14788.18,14789.2,14785.2,14789.2,59
2026-08-04T16:50:00+00:00,14789.2,14789.2,14786.69,14787.7,64
2026-08-04T16:55:00+00:00,14787.7,14788.2,14785.68,14787.68,36
2026-08-04T17:00:00+00:00,14787.68,14792.2,14787.68,14792.19,66
2026-08-04T17:05:00+00:00,14792.19,14793.2,14790.18,14790.18,65
2026-08-04T17:10:00+00:00,14790.18,14796.19,14790.18,14795.69,58
2026-08-04T17:15:00+00:00,14795.69,14799.2,14794.7,14796.18,45
2026-08-04T17:20:00+00:00,14796.18,14800.19,14795.18,14798.2,49
2026-08-04T17:25:00+00:00,14798.2,14802.68,14798.2,14801.18,67
2026-08-04T17:30:00+00:00,14801.18,14802.18,14797.68,14801.19,54
2026-08-04T17:35:00+00:00,14801.19,14802.69,14799.2,14799.69,26
2026-08-04T17:40:00+00:00,14799.69,14802.2,14799.69,14801.69,42
2026-08-04T17:45:00+00:00,14801.69,14809.7,14801.68,14809.68,81
2026-08-04T17:50:00+00:00,14809.68,14809.68,14803.18,14804.18,77
2026-08-04T17:55:00+00:00,14804.18,14805.19,14801.2,14801.2,49
2026-08-04T18:00:00+00:00,14801.2,14807.19,14800.68,14803.2,89
2026-08-04T18:05:00+00:00,14803.2,14805.7,14802.19,14803.18,72
2026-08-04T18:10:00+00:00,14803.18,14805.18,14802.18,14805.18,81
2026-08-04T18:15:00+00:00,14805.18,14807.2,14803.68,14804.18,71
2026-08-04T18:20:00+00:00,14804.18,14805.2,14802.7,14805.18,62
2026-08-04T18:25:00+00:00,14805.18,14807.19,14804.18,14805.19,45
2026-08-04T18:30:00+00:00,14805.19,14808.19,14803.2,14803.7,45
2026-08-04T18:35:00+00:00,14803.7,14806.19,14800.2,14801.18,45
2026-08-04T18:40:00+00:00,14801.18,14802.2,14799.69,14801.69,39
2026-08-04T18:45:00+00:00,14801.69,14805.2,14801.69,14804.18,37
2026-08-04T18:50:00+00:00,14804.18,14806.2,14803.68,14806.2,54
2026-08-04T18:55:00+00:00,14806.2,14807.2,14805.68,14807.2,25
2026-08-04T19:00:00+00:00,14807.2,14812.2,14806.18,14811.2,54
2026-08-04T19:05:00+00:00,14811.2,14811.68,14807.69,14811.2,25
2026-08-04T19:10:00+00:00,14811.2,14811.7,14808.18,14808.18,21
2026-08-04T19:15:00+00:00,14808.18,14811.19,14806.2,14806.2,41
2026-08-04T19:20:00+00:00,14806.2,14809.2,14806.18,14806.68,33
2026-08-04T19:25:00+00:00,14806.68,14808.19,14805.18,14805.68,52
2026-08-04T19:30:00+00:00,14805.68,14805.68,14802.18,14802.69,54
2026-08-04T19:35:00+00:00,14802.69,14804.18,14802.18,14802.7,26
2026-08-04T19:40:00+00:00,14802.7,14808.18,14802.7,14806.18,64
2026-08-04T19:45:00+00:00,14806.18,14807.19,14803.68,14807.19,37
2026-08-04T19:50:00+00:00,14807.19,14808.2,14802.2,14802.7,53
2026-08-04T19:55:00+00:00,14802.7,14805.2,14798.19,14800.2,75
2026-08-04T20:00:00+00:00,14800.2,14802.68,14798.19,14801.19,60
2026-08-04T20:05:00+00:00,14801.19,14803.2,14798.68,14801.2,40
2026-08-04T20:10:00+00:00,14801.2,14805.2,14800.18,14801.69,35
2026-08-04T20:15:00+00:00,14801.69,14801.69,14789.18,14792.7,207
2026-08-04T20:20:00+00:00,14792.7,14798.2,14792.69,14796.69,56
2026-08-04T20:25:00+00:00,14796.69,14797.18,14793.19,14795.2,41
2026-08-04T20:30:00+00:00,14795.2,14795.68,14792.18,14792.69,35
2026-08-04T20:35:00+00:00,14792.69,14794.19,14788.68,14789.19,31
2026-08-04T20:40:00+00:00,14789.19,14795.7,14789.19,14795.7,32
2026-08-05T01:00:00+00:00,14795.7,14799.7,14726.2,14726.68,249.53526148969888
2026-08-05T01:05:00+00:00,14726.68,14742.69,14720.2,14720.2,218
2026-08-05T01:10:00+00:00,14720.2,14731.7,14717.18,14719.69,273
2026-08-05T01:15:00+00:00,14719.69,14719.69,14626.69,14639.69,1710
2026-08-05T01:20:00+00:00,14639.69,14639.69,14594.19,14613.19,1201
2026-08-05T01:25:00+00:00,14613.19,14653.2,14596.18,14638.69,1064
2026-08-05T01:30:00+00:00,14638.69,14718.2,14625.7,14693.2,8119
2026-08-05T01:35:00+00:00,14693.2,14736.68,14692.2,14733.19,4484
2026-08-05T01:40:00+00:00,14733.19,14769.69,14733.19,14750.18,3156
2026-08-05T01:45:00+00:00,14750.18,14789.68,14746.68,14759.19,2810
2026-08-05T01:50:00+00:00,14759.19,14792.19,14749.69,14789.19,2399
2026-08-05T01:55:00+00:00,14789.19,14796.18,14752.68,14758.2,2047
2026-08-05T02:00:00+00:00,14758.2,14771.19,14743.2,14744.2,2203
2026-08-05T02:05:00+00:00,14744.2,14756.19,14738.19,14743.68,2292
2026-08-05T02:10:00+00:00,14743.68,14758.18,14724.18,14741.7,2325
2026-08-05T02:15:00+00:00,14741.7,14761.69,14721.19,14761.2,2348
2026-08-05T02:20:00+00:00,14761.2,14797.19,14751.18,14788.2,1559
2026-08-05T02:25:00+00:00,14788.2,14793.7,14770.7,14775.69,1438
2026-08-05T02:30:00+00:00,14775.69,14786.2,14758.2,14784.68,1778
2026-08-05T02:35:00+00:00,14784.68,14808.2,14767.19,14769.19,1505
2026-08-05T02:40:00+00:00,14769.19,14792.19,14755.19,14785.2,1411
2026-08-05T02:45:00+00:00,14785.2,14803.68,14781.68,14796.18,1386
2026-08-05T02:50:00+00:00,14796.18,14807.18,14782.18,14803.19,1291
2026-08-05T02:55:00+00:00,14803.19,14812.2,14791.2,14797.19,1058
2026-08-05T03:00:00+00:00,14797.19,14813.19,14794.69,14801.18,1057
2026-08-05T03:05:00+00:00,14801.18,14814.2,14794.19,14813.2,954
2026-08-05T03:10:00+00:00,14813.2,14837.19,14810.68,14836.69,921
2026-08-05T03:15:00+00:00,14836.69,14859.18,14836.2,14841.18,885
2026-08-05T03:20:00+00:00,14841.18,14867.7,14836.19,14865.68,1161
2026-08-05T03:25:00+00:00,14865.68,14874.19,14858.7,14858.7,857
2026-08-05T03:30:00+00:00,14858.7,14859.2,14850.18,14854.18,271
2026-08-05T03:35:00+00:00,14854.18,14862.7,14853.68,14861.18,223
2026-08-05T03:40:00+00:00,14861.18,14861.2,14853.18,14861.19,250
2026-08-05T03:45:00+00:00,14861.19,14864.69,14860.2,14862.18,179
2026-08-05T03:50:00+00:00,14862.18,14863.2,14857.19,14857.19,123
2026-08-05T03:55:00+00:00,14857.19,14857.2,14853.2,14855.7,127
2026-08-05T04:00:00+00:00,14855.7,14859.19,14854.19,14857.68,71
2026-08-05T04:05:00+00:00,14857.68,14859.2,14851.69,14853.18,102
2026-08-05T04:10:00+00:00,14853.18,14853.2,14849.7,14851.68,78
2026-08-05T04:15:00+00:00,14851.68,14851.68,14848.69,14849.19,54
2026-08-05T04:20:00+00:00,14849.19,14849.68,14844.68,14845.68,66
2026-08-05T04:25:00+00:00,14845.68,14848.2,14844.7,14846.7,93
2026-08-05T04:30:00+00:00,14846.7,14851.2,14845.2,14845.2,153
2026-08-05T04:35:00+00:00,14845.2,14853.2,14844.69,14851.2,119
2026-08-05T04:40:00+00:00,14851.2,14855.2,14850.18,14853.69,78
2026-08-05T04:45:00+00:00,14853.69,14853.69,14845.69,14846.2,75
2026-08-05T04:50:00+00:00,14846.2,14846.7,14840.68,14846.2,90
2026-08-05T04:55:00+00:00,14846.2,14850.2,14845.68,14847.18,96
2026-08-05T05:00:00+00:00,14847.18,14912.2,14847.18,14909.19,2430
2026-08-05T05:05:00+00:00,14909.19,14909.19,14875.18,14876.69,1779
2026-08-05T05:10:00+00:00,14876.69,14927.19,14873.19,14913.2,1853
2026-08-05T05:15:00+00:00,14913.2,14939.19,14908.68,14938.19,1486
2026-08-05T05:20:00+00:00,14938.19,14963.2,14936.68,14963.2,1061
2026-08-05T05:25:00+00:00,14963.2,14988.2,14963.18,14973.19,1324
2026-08-05T05:30:00+00:00,14973.19,14993.2,14958.2,14991.69,1809
2026-08-05T05:35:00+00:00,14991.69,15002.68,14968.69,14987.69,2198
2026-08-05T05:40:00+00:00,14987.69,15016.18,14982.19,15016.18,1782
2026-08-05T05:45:00+00:00,15016.18,15026.7,14992.68,15000.69,1358
2026-08-05T05:50:00+00:00,15000.69,15020.2,14982.68,15008.18,1428
2026-08-05T05:55:00+00:00,15008.18,15012.2,14993.68,14998.7,1292
2026-08-05T06:00:00+00:00,14998.7,14998.7,14967.69,14972.7,1618
2026-08-05T06:05:00+00:00,14972.7,14972.7,14944.69,14967.2,1599
2026-08-05T06:10:00+00:00,14967.2,14973.18,14939.18,14943.69,1355
2026-08-05T06:15:00+00:00,14943.69,14947.2,14902.69,14908.19,1542
2026-08-05T06:20:00+00:00,14908.19,14927.2,14904.19,14926.69,1351
2026-08-05T06:25:00+00:00,14926.69,14949.2,14925.68,14943.19,853
2026-08-05T06:30:00+00:00,14943.19,14946.7,14932.69,14941.2,839
2026-08-05T06:35:00+00:00,14941.2,14953.2,14927.19,14932.2,731
2026-08-05T06:40:00+00:00,14932.2,14939.7,14926.68,14932.2,710
2026-08-05T06:45:00+00:00,14932.2,14944.69,14931.19,14939.19,845
2026-08-05T06:50:00+00:00,14939.19,14941.19,14932.18,14937.19,838
2026-08-05T06:55:00+00:00,14937.19,14940.7,14925.18,14925.7,786
2026-08-05T07:00:00+00:00,14925.7,14948.19,14925.7,14940.18,526
2026-08-05T07:05:00+00:00,14940.18,14948.2,14934.68,14940.68,299
2026-08-05T07:10:00+00:00,14940.68,14943.2,14934.18,14937.19,157
2026-08-05T07:15:00+00:00,14937.19,14942.2,14936.18,14938.18,136
2026-08-05T07:20:00+00:00,14938.18,14940.19,14932.18,14932.19,123
2026-08-05T07:25:00+00:00,14932.19,14932.19,14919.68,14920.68,261
2026-08-05T07:30:00+00:00,14920.68,14924.7,14920.68,14922.69,165
2026-08-05T07:35:00+00:00,14922.69,14925.69,14917.68,14925.2,173
2026-08-05T07:40:00+00:00,14925.2,14926.18,14918.2,14921.18,88
2026-08-05T07:45:00+00:00,14921.18,14922.68,14917.2,14920.19,91
2026-08-05T07:50:00+00:00,14920.19,14922.2,14917.68,14918.7,96
2026-08-05T07:55:00+00:00,14918.7,14924.19,14918.68,14920.19,144
2026-08-05T08:00:00+00:00,14920.19,14926.2,14920.19,14925.18,124
2026-08-05T08:05:00+00:00,14925.18,14927.18,14920.68,14921.2,167
2026-08-05T08:10:00+00:00,14921.2,14922.2,14914.7,14916.2,140
2026-08-05T08:15:00+00:00,14916.2,14920.19,14914.68,14915.18,124
2026-08-05T08:20:00+00:00,14915.18,14918.2,14913.18,14914.18,135
2026-08-05T08:25:00+00:00,14914.18,14919.7,14912.19,14919.2,187
2026-08-05T09:00:00+00:00,14919.2,14919.2,14896.2,14905.69,160
2026-08-05T09:05:00+00:00,14905.69,14911.2,14905.69,14907.69,73
2026-08-05T09:10:00+00:00,14907.69,14908.19,14903.18,14904.19,64
2026-08-05T09:15:00+00:00,14904.19,14908.19,14903.19,14905.19,63
2026-08-05T09:20:00+00:00,14905.19,14912.2,14905.18,14911.68,53
2026-08-05T09:25:00+00:00,14911.68,14917.19,14909.19,14914.18,42
2026-08-05T09:30:00+00:00,14914.18,14916.2,14909.18,14909.69,53
2026-08-05T09:35:00+00:00,14909.69,14912.19,14908.2,14908.2,37
2026-08-05T09:40:00+00:00,14908.2,14908.2,14901.2,14904.19,53
2026-08-05T09:45:00+00:00,14904.19,14904.19,14898.2,14899.18,66
2026-08-05T09:50:00+00:00,14899.18,14901.2,14898.19,14900.2,34
2026-08-05T09:55:00+00:00,14900.2,14900.2,14897.18,14897.7,44
2026-08-05T10:00:00+00:00,14897.7,14900.69,14894.18,14897.69,48
2026-08-05T10:05:00+00:00,14897.69,14898.18,14894.68,14894.7,37
2026-08-05T10:10:00+00:00,14894.7,14896.2,14893.19,14895.18,30.738958097395244
2026-08-05T10:15:00+00:00,14895.18,14895.2,14893.18,14894.2,47
2026-08-05T10:20:00+00:00,14894.2,14895.2,14890.68,14892.19,51.512358243675486
2026-08-05T10:25:00+00:00,14892.19,14894.2,14890.68,14891.19,54
2026-08-05T10:30:00+00:00,14891.19,14893.2,14890.18,14893.2,49
2026-08-05T10:35:00+00:00,14893.2,14893.2,14890.18,14891.2,46
2026-08-05T10:40:00+00:00,14891.2,14891.2,14887.69,14887.69,46
2026-08-05T10:45:00+00:00,14887.69,14890.2,14886.18,14887.18,93
2026-08-05T10:50:00+00:00,14887.18,14888.2,14883.19,14887.18,65
2026-08-05T10:55:00+00:00,14887.18,14890.7,14887.18,14889.7,33
2026-08-05T11:00:00+00:00,14889.7,14894.2,14888.19,14894.18,71
2026-08-05T11:05:00+00:00,14894.18,14895.2,14888.18,14890.18,44
2026-08-05T11:10:00+00:00,14890.18,14892.2,14890.18,14890.19,36
2026-08-05T11:15:00+00:00,14890.19,14893.19,14889.69,14892.18,47
2026-08-05T11:20:00+00:00,14892.18,14899.7,14892.18,14896.68,56
2026-08-05T11:25:00+00:00,14896.68,14899.18,14896.18,14896.7,31
2026-08-05T11:30:00+00:00,14896.7,14906.7,14896.18,14906.2,73
2026-08-05T11:35:00+00:00,14906.2,14907.2,14905.18,14907.2,47
2026-08-05T11:40:00+00:00,14907.2,14908.2,14905.18,14908.19,45.74783445620789
2026-08-05T11:45:00+00:00,14908.19,14908.69,14904.2,14908.69,61
2026-08-05T11:50:00+00:00,14908.69,14911.18,14908.2,14909.2,54
2026-08-05T11:55:00+00:00,14909.2,14911.2,14909.18,14910.18,42
2026-08-05T12:00:00+00:00,14910.18,14911.2,14906.2,14906.68,63
2026-08-05T12:05:00+00:00,14906.68,14910.2,14904.19,14908.18,35
2026-08-05T12:10:00+00:00,14908.18,14910.19,14907.19,14909.2,37
2026-08-05T12:15:00+00:00,14909.2,14913.18,14908.2,14912.2,59
2026-08-05T12:20:00+00:00,14912.2,14916.19,14911.68,14912.2,64
2026-08-05T12:25:00+00:00,14912.2,14917.2,14911.18,14913.19,63
2026-08-05T12:30:00+00:00,14913.19,14914.68,14909.68,14913.18,69
2026-08-05T12:35:00+00:00,14913.18,14915.18,14912.19,14912.19,26
2026-08-05T12:40:00+00:00,14912.19,14914.19,14911.18,14911.7,25
2026-08-05T12:45:00+00:00,14911.7,14914.68,14911.18,14914.19,44
2026-08-05T12:50:00+00:00,14914.19,14914.69,14911.68,14912.19,32.474829086389065
2026-08-05T12:55:00+00:00,14912.19,14913.19,14910.19,14912.18,39
2026-08-05T13:00:00+00:00,14912.18,14915.2,14912.18,14914.18,67
2026-08-05T13:05:00+00:00,14914.18,14918.2,14914.18,14917.18,86
2026-08-05T13:10:00+00:00,14917.18,14919.18,14913.2,14914.18,51
2026-08-05T13:15:00+00:00,14914.18,14914.18,14908.18,14908.2,37
2026-08-05T13:20:00+00:00,14908.2,14910.19,14908.2,14909.18,47
2026-08-05T13:25:00+00:00,14909.18,14917.2,14909.18,14914.19,52
2026-08-05T13:30:00+00:00,14914.19,14919.19,14906.18,14911.19,319
2026-08-05T13:35:00+00:00,14911.19,14921.2,14907.2,14918.19,299
2026-08-05T13:40:00+00:00,14918.19,14919.19,14907.18,14912.7,245
2026-08-05T13:45:00+00:00,14912.7,14918.2,14907.68,14918.2,259
2026-08-05T13:50:00+00:00,14918.2,14919.2,14910.18,14919.2,260
2026-08-05T13:55:00+00:00,14919.2,14919.2,14911.2,14913.18,153
2026-08-05T14:00:00+00:00,14913.18,14913.18,14898.18,14901.7,314
2026-08-05T14:05:00+00:00,14901.7,14911.18,14901.7,14908.18,231
2026-08-05T14:10:00+00:00,14908.18,14913.18,14905.18,14909.18,187
2026-08-05T14:15:00+00:00,14909.18,14917.2,14909.18,14914.69,156
2026-08-05T14:20:00+00:00,14914.69,14920.2,14907.2,14915.69,252
2026-08-05T14:25:00+00:00,14915.69,14920.19,14911.18,14911.18,162
2026-08-05T14:30:00+00:00,14911.18,14912.19,14905.7,14908.2,196
2026-08-05T14:35:00+00:00,14908.2,14914.2,14905.2,14907.7,157
2026-08-05T14:40:00+00:00,14907.7,14909.7,14902.68,14905.19,185
2026-08-05T14:45:00+00:00,14905.19,14907.7,14904.18,14907.2,157
2026-08-05T14:50:00+00:00,14907.2,14908.19,14890.68,14897.19,190
2026-08-05T14:55:00+00:00,14897.19,14902.2,14892.69,14900.68,173
2026-08-05T15:00:00+00:00,14900.68,14908.18,14900.2,14905.69,171
2026-08-05T15:05:00+00:00,14905.69,14907.19,14899.19,14904.7,170
2026-08-05T15:10:00+00:00,14904.7,14907.2,14899.18,14900.2,167
2026-08-05T15:15:00+00:00,14900.2,14902.19,14888.19,14897.69,241
2026-08-05T15:20:00+00:00,14897.69,14904.2,14895.68,14899.2,122
2026-08-05T15:25:00+00:00,14899.2,14899.2,14895.18,14897.18,135
2026-08-05T15:30:00+00:00,14897.18,14900.2,14894.19,14894.69,148
2026-08-05T15:35:00+00:00,14894.69,14900.18,14894.18,14898.7,124
2026-08-05T15:40:00+00:00,14898.7,14899.69,14896.18,14896.18,120
2026-08-05T15:45:00+00:00,14896.18,14896.2,14889.18,14889.2,118
2026-08-05T15:50:00+00:00,14889.2,14892.7,14888.7,14889.18,150
2026-08-05T15:55:00+00:00,14889.18,14889.18,14879.18,14881.2,179
2026-08-05T16:00:00+00:00,14881.2,14886.68,14881.18,14885.19,184
2026-08-05T16:05:00+00:00,14885.19,14888.69,14881.68,14885.19,142
2026-08-05T16:10:00+00:00,14885.19,14886.2,14883.19,14886.19,161
2026-08-05T16:15:00+00:00,14886.19,14890.2,14884.18,14886.2,106
2026-08-05T16:20:00+00:00,14886.2,14894.18,14885.68,14888.69,79
2026-08-05T16:25:00+00:00,14888.69,14895.19,14888.68,14894.69,95
2026-08-05T16:30:00+00:00,14894.69,14895.2,14889.18,14893.2,92
2026-08-05T16:35:00+00:00,14893.2,14893.2,14889.18,14891.19,87
2026-08-05T16:40:00+00:00,14891.19,14895.2,14891.19,14891.2,62
2026-08-05T16:45:00+00:00,14891.2,14892.2,14889.7,14889.7,95
2026-08-05T16:50:00+00:00,14889.7,14892.69,14889.2,14891.2,73
2026-08-05T16:55:00+00:00,14891.2,14891.7,14888.18,14889.7,78
2026-08-05T17:00:00+00:00,14889.7,14890.18,14883.19,14883.69,112
2026-08-05T17:05:00+00:00,14883.69,14885.2,14881.18,14885.19,92
2026-08-05T17:10:00+00:00,14885.19,14887.18,14881.2,14884.69,130
2026-08-05T17:15:00+00:00,14884.69,14886.18,14882.18,14884.19,119
2026-08-05T17:20:00+00:00,14884.19,14884.2,14880.19,14883.19,73
2026-08-05T17:25:00+00:00,14883.19,14885.19,14882.18,14882.7,74
2026-08-05T17:30:00+00:00,14882.7,14884.2,14881.68,14884.18,62
2026-08-05T17:35:00+00:00,14884.18,14888.18,14883.7,14887.2,51
2026-08-05T17:40:00+00:00,14887.2,14889.19,14886.18,14887.18,69
2026-08-05T17:45:00+00:00,14887.18,14891.2,14885.18,14891.18,55
2026-08-05T17:50:00+00:00,14891.18,14892.2,14889.2,14889.69,56
2026-08-05T17:55:00+00:00,14889.69,14890.2,14886.18,14887.2,63
2026-08-05T18:00:00+00:00,14887.2,14892.19,14887.18,14891.68,63
2026-08-05T18:05:00+00:00,14891.68,14891.68,14888.19,14889.19,48
2026-08-05T18:10:00+00:00,14889.19,14890.19,14887.18,14887.2,83
2026-08-05T18:15:00+00:00,14887.2,14889.7,14886.18,14887.19,46
2026-08-05T18:20:00+00:00,14887.19,14888.19,14885.2,14886.69,43
2026-08-05T18:25:00+00:00,14886.69,14889.2,14886.69,14888.69,44
2026-08-05T18:30:00+00:00,14888.69,14888.69,14882.68,14884.18,38
2026-08-05T18:35:00+00:00,14884.18,14886.19,14883.18,14883.18,47
2026-08-05T18:40:00+00:00,14883.18,14884.19,14880.18,14881.18,43
2026-08-05T18:45:00+00:00,14881.18,14882.68,14880.19,14882.18,54
2026-08-05T18:50:00+00:00,14882.18,14884.2,14882.18,14884.2,27
2026-08-05T18:55:00+00:00,14884.2,14884.2,14880.19,14880.19,53
2026-08-05T19:00:00+00:00,14880.19,14885.19,14879.69,14884.19,56
2026-08-05T19:05:00+00:00,14884.19,14886.19,14882.68,14885.18,43
2026-08-05T19:10:00+00:00,14885.18,14887.19,14884.18,14886.19,27
2026-08-05T19:15:00+00:00,14886.19,14887.68,14884.68,14884.68,57
2026-08-05T19:20:00+00:00,14884.68,14889.19,14883.18,14887.7,83
2026-08-05T19:25:00+00:00,14887.7,14888.19,14886.19,14887.19,40
2026-08-05T19:30:00+00:00,14887.19,14887.19,14882.18,14884.18,82
2026-08-05T19:35:00+00:00,14884.18,14885.2,14882.2,14883.7,41
2026-08-05T19:40:00+00:00,14883.7,14886.2,14883.2,14884.7,40
2026-08-05T19:45:00+00:00,14884.7,14886.18,14881.69,14882.68,71
2026-08-05T19:50:00+00:00,14882.68,14886.2,14881.7,14885.69,72
2026-08-05T19:55:00+00:00,14885.69,14885.69,14871.7,14872.19,105
2026-08-05T20:00:00+00:00,14872.19,14875.18,14869.68,14871.2,104
2026-08-05T20:05:00+00:00,14871.2,14871.2,14853.18,14859.18,176
2026-08-05T20:10:00+00:00,14859.18,14866.2,14857.18,14863.19,68
2026-08-05T20:15:00+00:00,14863.19,14864.7,14861.18,14861.19,50
2026-08-05T20:20:00+00:00,14861.19,14863.18,14859.18,14861.18,30
2026-08-05T20:25:00+00:00,14861.18,14863.2,14859.69,14861.18,30
2026-08-05T20:30:00+00:00,14861.18,14864.2,14861.18,14864.19,28
2026-08-05T20:35:00+00:00,14864.19,14864.69,14862.18,14864.2,25
2026-08-05T20:40:00+00:00,14864.2,14865.7,14862.68,14865.7,28
2026-08-06T01:00:00+00:00,14865.7,14868.7,14818.69,14830.68,211.85866013071896
2026-08-06T01:05:00+00:00,14830.68,14835.7,14824.19,14825.7,165
2026-08-06T01:10:00+00:00,14825.7,14836.69,14819.69,14831.18,160
2026-08-06T01:15:00+00:00,14831.18,14844.2,14813.19,14824.68,553
2026-08-06T01:20:00+00:00,14824.68,14826.68,14808.18,14820.68,580
2026-08-06T01:25:00+00:00,14820.68,14837.68,14819.2,14826.18,704
2026-08-06T01:30:00+00:00,14826.18,14840.19,14756.19,14756.68,5596
2026-08-06T01:35:00+00:00,14756.68,14822.2,14756.68,14821.2,3518
2026-08-06T01:40:00+00:00,14821.2,14821.2,14782.18,14807.68,2984
2026-08-06T01:45:00+00:00,14807.68,14822.69,14794.69,14802.7,2297
2026-08-06T01:50:00+00:00,14802.7,14809.18,14771.19,14787.7,2085
2026-08-06T01:55:00+00:00,14787.7,14828.7,14785.18,14827.19,1848
2026-08-06T02:00:00+00:00,14827.19,14827.19,14805.19,14816.18,1762
2026-08-06T02:05:00+00:00,14816.18,14838.68,14803.18,14830.19,1579
2026-08-06T02:10:00+00:00,14830.19,14843.7,14803.18,14841.2,1550
2026-08-06T02:15:00+00:00,14841.2,14878.69,14820.18,14874.69,1602
2026-08-06T02:20:00+00:00,14874.69,14888.7,14866.18,14887.7,1802
2026-08-06T02:25:00+00:00,14887.7,14915.2,14883.2,14907.68,1651
2026-08-06T02:30:00+00:00,14907.68,14928.68,14897.18,14904.7,1691
2026-08-06T02:35:00+00:00,14904.7,14912.19,14882.69,14888.19,1862
2026-08-06T02:40:00+00:00,14888.19,14960.2,14886.18,14959.7,1527
2026-08-06T02:45:00+00:00,14959.7,14969.18,14936.19,14966.7,1587
2026-08-06T02:50:00+00:00,14966.7,14979.7,14959.18,14966.7,1478
2026-08-06T02:55:00+00:00,14966.7,14966.7,14945.18,14949.7,1468
2026-08-06T03:00:00+00:00,14949.7,14950.69,14921.69,14933.7,1757
2026-08-06T03:05:00+00:00,14933.7,14942.2,14912.69,14918.7,1863
2026-08-06T03:10:00+00:00,14918.7,14928.19,14899.68,14901.69,1544
2026-08-06T03:15:00+00:00,14901.69,14910.2,14881.18,14887.19,1490
2026-08-06T03:20:00+00:00,14887.19,14896.2,14874.68,14877.68,1255
2026-08-06T03:25:00+00:00,14877.68,14891.19,14866.68,14886.69,1335
2026-08-06T03:30:00+00:00,14886.69,14886.69,14873.69,14874.19,212
2026-08-06T03:35:00+00:00,14874.19,14887.18,14874.18,14885.69,183
2026-08-06T03:40:00+00:00,14885.69,14890.69,14884.68,14889.69,188
2026-08-06T03:45:00+00:00,14889.69,14890.2,14883.68,14889.19,204
2026-08-06T03:50:00+00:00,14889.19,14889.7,14883.69,14883.69,169
2026-08-06T03:55:00+00:00,14883.69,14886.69,14881.68,14886.18,97
2026-08-06T04:00:00+00:00,14886.18,14886.68,14880.68,14882.19,57
2026-08-06T04:05:00+00:00,14882.19,14891.19,14882.19,14888.18,65
2026-08-06T04:10:00+00:00,14888.18,14890.2,14884.68,14884.68,65
2026-08-06T04:15:00+00:00,14884.68,14891.2,14884.68,14889.18,89
2026-08-06T04:20:00+00:00,14889.18,14895.7,14888.68,14893.7,68
2026-08-06T04:25:00+00:00,14893.7,14895.7,14887.7,14892.19,76
2026-08-06T04:30:00+00:00,14892.19,14892.19,14886.7,14886.7,78.40905057675243
2026-08-06T04:35:00+00:00,14886.7,14888.7,14884.69,14884.69,86
2026-08-06T04:40:00+00:00,14884.69,14886.18,14883.68,14885.7,65
2026-08-06T04:45:00+00:00,14885.7,14889.69,14884.68,14888.7,81
2026-08-06T04:50:00+00:00,14888.7,14891.68,14888.69,14890.7,88
2026-08-06T04:55:00+00:00,14890.7,14901.7,14890.68,14901.18,62
2026-08-06T05:00:00+00:00,14901.18,14906.7,14886.69,14887.2,1743
2026-08-06T05:05:00+00:00,14887.2,14904.7,14869.68,14873.18,1268
2026-08-06T05:10:00+00:00,14873.18,14874.19,14848.18,14867.18,1186
2026-08-06T05:15:00+00:00,14867.18,14875.7,14858.68,14870.19,1281
2026-08-06T05:20:00+00:00,14870.19,14879.68,14861.68,14868.69,952
2026-08-06T05:25:00+00:00,14868.69,14881.7,14859.18,14864.68,1099
2026-08-06T05:30:00+00:00,14864.68,14887.69,14857.18,14881.7,1028
2026-08-06T05:35:00+00:00,14881.7,14886.7,14863.18,14867.2,1092
2026-08-06T05:40:00+00:00,14867.2,14891.19,14857.19,14890.19,1062
2026-08-06T05:45:00+00:00,14890.19,14902.69,14874.68,14878.69,1206
2026-08-06T05:50:00+00:00,14878.69,14904.18,14876.19,14897.7,849
2026-08-06T05:55:00+00:00,14897.7,14904.2,14882.69,14904.19,642
2026-08-06T06:00:00+00:00,14904.19,14907.7,14893.18,14899.2,793
2026-08-06T06:05:00+00:00,14899.2,14904.2,14870.69,14877.7,852
2026-08-06T06:10:00+00:00,14877.7,14892.2,14872.2,14888.68,774
2026-08-06T06:15:00+00:00,14888.68,14892.68,14874.68,14877.19,842
2026-08-06T06:20:00+00:00,14877.19,14913.7,14877.19,14908.18,794
2026-08-06T06:25:00+00:00,14908.18,14917.69,14897.18,14914.2,653
2026-08-06T06:30:00+00:00,14914.2,14934.19,14912.18,14934.19,733
2026-08-06T06:35:00+00:00,14934.19,14937.69,14898.69,14899.69,788
2026-08-06T06:40:00+00:00,14899.69,14908.19,14894.69,14899.7,604
2026-08-06T06:45:00+00:00,14899.7,14909.7,14895.69,14905.2,594
2026-08-06T06:50:00+00:00,14905.2,14923.7,14904.68,14921.69,541
2026-08-06T06:55:00+00:00,14921.69,14931.7,14919.2,14923.68,490
2026-08-06T07:00:00+00:00,14923.68,14934.7,14920.19,14928.68,292
2026-08-06T07:05:00+00:00,14928.68,14940.7,14928.68,14939.2,239
2026-08-06T07:10:00+00:00,14939.2,14942.2,14937.18,14939.19,164
2026-08-06T07:15:00+00:00,14939.19,14944.2,14938.68,14940.7,66
2026-08-06T07:20:00+00:00,14940.7,14940.7,14935.68,14937.2,68
2026-08-06T07:25:00+00:00,14937.2,14938.7,14935.18,14937.68,49
2026-08-06T07:30:00+00:00,14937.68,14938.68,14934.68,14934.7,86
2026-08-06T07:35:00+00:00,14934.7,14934.7,14929.7,14931.68,79
2026-08-06T07:40:00+00:00,14931.68,14935.7,14930.18,14934.18,118
2026-08-06T07:45:00+00:00,14934.18,14937.7,14934.18,14935.7,87
2026-08-06T07:50:00+00:00,14935.7,14937.2,14933.68,14936.18,139
2026-08-06T07:55:00+00:00,14936.18,14939.69,14935.7,14938.68,112
2026-08-06T08:00:00+00:00,14938.68,14946.2,14938.68,14945.68,333
2026-08-06T08:05:00+00:00,14945.68,14947.7,14939.19,14939.19,203
2026-08-06T08:10:00+00:00,14939.19,14939.7,14937.68,14938.68,33
2026-08-06T08:15:00+00:00,14938.68,14939.19,14933.68,14938.7,121
2026-08-06T08:20:00+00:00,14938.7,14942.7,14938.18,14938.7,75
2026-08-06T08:25:00+00:00,14938.7,14945.68,14938.7,14945.19,99
2026-08-06T09:00:00+00:00,14945.19,14961.7,14945.19,14951.2,223
2026-08-06T09:05:00+00:00,14951.2,14951.7,14942.7,14942.7,45
2026-08-06T09:10:00+00:00,14942.7,14942.7,14937.69,14941.68,56
2026-08-06T09:15:00+00:00,14941.68,14948.2,14941.68,14943.19,53
2026-08-06T09:20:00+00:00,14943.19,14946.7,14940.68,14943.7,49
2026-08-06T09:25:00+00:00,14943.7,14945.2,14941.18,14945.2,38
2026-08-06T09:30:00+00:00,14945.2,14947.19,14944.19,14944.19,47
2026-08-06T09:35:00+00:00,14944.19,14945.18,14943.18,14944.69,25
2026-08-06T09:40:00+00:00,14944.69,14944.69,14942.19,14942.69,46
2026-08-06T09:45:00+00:00,14942.69,14945.69,14942.18,14945.68,52
2026-08-06T09:50:00+00:00,14945.68,14947.18,14942.7,14945.7,36
2026-08-06T09:55:00+00:00,14945.7,14948.69,14945.19,14948.19,35
2026-08-06T10:00:00+00:00,14948.19,14949.7,14945.69,14945.69,69
2026-08-06T10:05:00+00:00,14945.69,14947.69,14944.7,14945.69,26
2026-08-06T10:10:00+00:00,14945.69,14946.2,14942.19,14942.19,31
2026-08-06T10:15:00+00:00,14942.19,14943.18,14939.7,14943.18,32
2026-08-06T10:20:00+00:00,14943.18,14945.19,14941.68,14943.18,71
2026-08-06T10:25:00+00:00,14943.18,14944.2,14941.68,14943.68,39
2026-08-06T10:30:00+00:00,14943.68,14945.2,14941.68,14942.7,42
2026-08-06T10:35:00+00:00,14942.7,14943.7,14941.68,14942.68,45
2026-08-06T10:40:00+00:00,14942.68,14942.68,14938.69,14940.69,42
2026-08-06T10:45:00+00:00,14940.69,14941.7,14939.7,14941.18,30
2026-08-06T10:50:00+00:00,14941.18,14942.7,14941.18,14942.2,28
2026-08-06T10:55:00+00:00,14942.2,14942.69,14940.68,14941.7,26
2026-08-06T11:00:00+00:00,14941.7,14941.7,14935.68,14937.19,124
2026-08-06T11:05:00+00:00,14937.19,14938.68,14934.19,14937.7,111
2026-08-06T11:10:00+00:00,14937.7,14938.68,14934.68,14935.7,45
2026-08-06T11:15:00+00:00,14935.7,14938.7,14935.7,14937.69,24
2026-08-06T11:20:00+00:00,14937.69,14938.2,14935.68,14936.68,27
2026-08-06T11:25:00+00:00,14936.68,14940.7,14936.68,14940.7,32
2026-08-06T11:30:00+00:00,14940.7,14942.2,14939.69,14939.69,36
2026-08-06T11:35:00+00:00,14939.69,14939.7,14938.68,14938.69,29.506283662477557
2026-08-06T11:40:00+00:00,14938.69,14939.68,14936.68,14936.7,29
2026-08-06T11:45:00+00:00,14936.7,14936.7,14932.68,14934.18,76
2026-08-06T11:50:00+00:00,14934.18,14935.7,14933.68,14935.18,67
2026-08-06T11:55:00+00:00,14935.18,14939.68,14935.18,14938.7,48
2026-08-06T12:00:00+00:00,14938.7,14939.7,14934.68,14935.7,91
2026-08-06T12:05:00+00:00,14935.7,14936.7,14931.18,14932.7,94
2026-08-06T12:10:00+00:00,14932.7,14933.69,14929.68,14930.18,85
2026-08-06T12:15:00+00:00,14930.18,14932.2,14928.68,14930.7,75
2026-08-06T12:20:00+00:00,14930.7,14936.18,14930.18,14936.18,97
2026-08-06T12:25:00+00:00,14936.18,14937.7,14935.69,14937.2,24
2026-08-06T12:30:00+00:00,14937.2,14940.7,14934.18,14939.7,91
2026-08-06T12:35:00+00:00,14939.7,14944.69,14939.68,14943.7,70
2026-08-06T12:40:00+00:00,14943.7,14944.7,14942.68,14943.2,54
2026-08-06T12:45:00+00:00,14943.2,14943.7,14941.68,14942.2,40
2026-08-06T12:50:00+00:00,14942.2,14942.7,14940.2,14940.2,34
2026-08-06T12:55:00+00:00,14940.2,14940.2,14937.7,14939.7,34
2026-08-06T13:00:00+00:00,14939.7,14939.7,14937.7,14938.7,58
2026-08-06T13:05:00+00:00,14938.7,14938.7,14931.68,14932.2,60
2026-08-06T13:10:00+00:00,14932.2,14937.2,14931.68,14937.2,65
2026-08-06T13:15:00+00:00,14937.2,14938.69,14935.68,14938.18,41
2026-08-06T13:20:00+00:00,14938.18,14940.7,14937.68,14938.7,39
2026-08-06T13:25:00+00:00,14938.7,14938.7,14935.68,14936.68,83
2026-08-06T13:30:00+00:00,14936.68,14940.7,14929.69,14937.2,316
2026-08-06T13:35:00+00:00,14937.2,14946.7,14933.68,14939.18,250
2026-08-06T13:40:00+00:00,14939.18,14946.2,14939.18,14942.69,216
2026-08-06T13:45:00+00:00,14942.69,14949.68,14942.18,14947.69,154
2026-08-06T13:50:00+00:00,14947.69,14951.7,14945.7,14950.18,183
2026-08-06T13:55:00+00:00,14950.18,14954.7,14949.68,14949.69,173
2026-08-06T14:00:00+00:00,14949.69,14952.69,14947.69,14950.68,217
2026-08-06T14:05:00+00:00,14950.68,14954.2,14948.2,14951.69,94
2026-08-06T14:10:00+00:00,14951.69,14960.7,14951.68,14956.68,98
2026-08-06T14:15:00+00:00,14956.68,14961.69,14953.7,14961.69,108
2026-08-06T14:20:00+00:00,14961.69,14966.2,14956.69,14960.69,112
2026-08-06T14:25:00+00:00,14960.69,14962.2,14955.68,14957.68,194
2026-08-06T14:30:00+00:00,14957.68,14966.7,14956.68,14966.2,264
2026-08-06T14:35:00+00:00,14966.2,14968.7,14962.68,14964.69,141
2026-08-06T14:40:00+00:00,14964.69,14970.7,14964.2,14967.69,206
2026-08-06T14:45:00+00:00,14967.69,14968.69,14963.68,14963.7,173
2026-08-06T14:50:00+00:00,14963.7,14967.18,14960.2,14967.18,147
2026-08-06T14:55:00+00:00,14967.18,14972.7,14965.68,14972.7,182
2026-08-06T15:00:00+00:00,14972.7,14974.2,14967.69,14969.19,106
2026-08-06T15:05:00+00:00,14969.19,14973.7,14969.19,14971.18,101
2026-08-06T15:10:00+00:00,14971.18,14973.69,14966.68,14967.18,107
2026-08-06T15:15:00+00:00,14967.18,14968.18,14959.7,14959.7,137
2026-08-06T15:20:00+00:00,14959.7,14965.19,14958.68,14963.7,152
2026-08-06T15:25:00+00:00,14963.7,14968.7,14962.7,14967.68,162
2026-08-06T15:30:00+00:00,14967.68,14969.7,14958.68,14958.68,204
2026-08-06T15:35:00+00:00,14958.68,14964.68,14958.68,14962.2,158
2026-08-06T15:40:00+00:00,14962.2,14963.7,14956.18,14957.19,110
2026-08-06T15:45:00+00:00,14957.19,14964.69,14956.68,14960.69,141
2026-08-06T15:50:00+00:00,14960.69,14964.2,14947.68,14948.68,172
2026-08-06T15:55:00+00:00,14948.68,14949.68,14942.7,14945.19,205
2026-08-06T16:00:00+00:00,14945.19,14946.69,14941.68,14944.69,170
2026-08-06T16:05:00+00:00,14944.69,14947.68,14939.69,14941.68,161
2026-08-06T16:10:00+00:00,14941.68,14941.68,14933.69,14935.7,149
2026-08-06T16:15:00+00:00,14935.7,14937.69,14932.68,14936.7,190
2026-08-06T16:20:00+00:00,14936.7,14937.7,14931.68,14933.2,168
2026-08-06T16:25:00+00:00,14933.2,14940.7,14933.2,14940.18,141
2026-08-06T16:30:00+00:00,14940.18,14942.7,14938.68,14942.19,152
2026-08-06T16:35:00+00:00,14942.19,14946.68,14941.68,14946.68,118
2026-08-06T16:40:00+00:00,14946.68,14946.68,14940.68,14940.7,110
2026-08-06T16:45:00+00:00,14940.7,14947.69,14940.7,14947.69,118
2026-08-06T16:50:00+00:00,14947.69,14950.7,14947.68,14950.7,110
2026-08-06T16:55:00+00:00,14950.7,14956.68,14950.18,14955.69,92
2026-08-06T17:00:00+00:00,14955.69,14957.7,14954.18,14955.18,97
2026-08-06T17:05:00+00:00,14955.18,14958.7,14951.68,14954.7,114
2026-08-06T17:10:00+00:00,14954.7,14955.7,14949.69,14950.18,88
2026-08-06T17:15:00+00:00,14950.18,14953.2,14948.69,14952.68,75
2026-08-06T17:20:00+00:00,14952.68,14953.7,14948.68,14949.2,79
2026-08-06T17:25:00+00:00,14949.2,14952.7,14948.69,14950.68,73
2026-08-06T17:30:00+00:00,14950.68,14952.2,14949.68,14951.69,76
2026-08-06T17:35:00+00:00,14951.69,14952.69,14949.68,14950.7,61
2026-08-06T17:40:00+00:00,14950.7,14951.68,14948.68,14950.2,79
2026-08-06T17:45:00+00:00,14950.2,14951.69,14948.68,14948.68,65
2026-08-06T17:50:00+00:00,14948.68,14952.2,14948.68,14951.18,56
2026-08-06T17:55:00+00:00,14951.18,14952.7,14950.68,14952.68,83
2026-08-06T18:00:00+00:00,14952.68,14954.69,14949.68,14951.7,76
2026-08-06T18:05:00+00:00,14951.7,14953.7,14950.7,14952.7,45
2026-08-06T18:10:00+00:00,14952.7,14955.69,14951.69,14954.18,52
2026-08-06T18:15:00+00:00,14954.18,14959.7,14949.18,14958.69,161
2026-08-06T18:20:00+00:00,14958.69,14962.68,14958.69,14962.68,45
2026-08-06T18:25:00+00:00,14962.68,14963.7,14959.19,14959.7,43
2026-08-06T18:30:00+00:00,14959.7,14959.7,14954.7,14955.69,56
2026-08-06T18:35:00+00:00,14955.69,14956.7,14953.68,14954.18,43
2026-08-06T18:40:00+00:00,14954.18,14954.7,14950.69,14952.68,72
2026-08-06T18:45:00+00:00,14952.68,14954.7,14950.7,14951.18,49
2026-08-06T18:50:00+00:00,14951.18,14952.69,14949.68,14950.68,43
2026-08-06T18:55:00+00:00,14950.68,14953.68,14949.7,14951.19,41
2026-08-06T19:00:00+00:00,14951.19,14959.19,14951.19,14958.7,80
2026-08-06T19:05:00+00:00,14958.7,14958.7,14954.69,14958.69,26
2026-08-06T19:10:00+00:00,14958.69,14959.69,14954.68,14955.68,32
2026-08-06T19:15:00+00:00,14955.68,14956.19,14952.68,14956.19,64
2026-08-06T19:20:00+00:00,14956.19,14958.19,14950.69,14951.19,55
2026-08-06T19:25:00+00:00,14951.19,14952.69,14948.69,14950.69,94
2026-08-06T19:30:00+00:00,14950.69,14953.2,14949.2,14951.68,74
2026-08-06T19:35:00+00:00,14951.68,14952.69,14948.68,14948.69,37
2026-08-06T19:40:00+00:00,14948.69,14949.7,14946.68,14949.7,64
2026-08-06T19:45:00+00:00,14949.7,14950.2,14946.68,14949.69,53
2026-08-06T19:50:00+00:00,14949.69,14957.19,14947.18,14955.69,146
2026-08-06T19:55:00+00:00,14955.69,14956.19,14953.18,14954.7,125
2026-08-06T20:00:00+00:00,14954.7,14958.68,14953.68,14955.2,54
2026-08-06T20:05:00+00:00,14955.2,14955.7,14954.68,14955.7,20
2026-08-06T20:10:00+00:00,14955.7,14958.68,14955.68,14957.68,30
2026-08-06T20:15:00+00:00,14957.68,14957.7,14953.7,14955.68,21
2026-08-06T20:20:00+00:00,14955.68,14956.69,14953.19,14953.69,37
2026-08-06T20:25:00+00:00,14953.69,14954.68,14951.69,14953.2,31
2026-08-06T20:30:00+00:00,14953.2,14953.69,14951.68,14952.68,18
2026-08-06T20:35:00+00:00,14952.68,14952.7,14950.68,14951.2,8
2026-08-06T20:40:00+00:00,14951.2,14951.68,14950.2,14950.69,10.895978344934262
2026-08-07T01:00:00+00:00,14950.69,14961.69,14944.69,14950.19,265.6544181977253
2026-08-07T01:05:00+00:00,14950.19,14952.7,14944.18,14949.68,157
2026-08-07T01:10:00+00:00,14949.68,14955.18,14941.7,14943.18,150
2026-08-07T01:15:00+00:00,14943.18,14944.19,14917.69,14919.7,613
2026-08-07T01:20:00+00:00,14919.7,14926.2,14912.19,14923.68,411
2026-08-07T01:25:00+00:00,14923.68,14978.7,14923.68,14973.7,837
2026-08-07T01:30:00+00:00,14973.7,14981.68,14939.68,14956.69,5144
2026-08-07T01:35:00+00:00,14956.69,15008.7,14956.19,14985.2,2843
2026-08-07T01:40:00+00:00,14985.2,15024.7,14969.69,14972.19,2526
2026-08-07T01:45:00+00:00,14972.19,15034.7,14966.19,15032.69,3070
2026-08-07T01:50:00+00:00,15032.69,15032.69,14997.7,15003.7,2422
2026-08-07T01:55:00+00:00,15003.7,15027.7,14998.18,15007.18,1798
2026-08-07T02:00:00+00:00,15007.18,15026.7,15001.18,15019.69,1764
2026-08-07T02:05:00+00:00,15019.69,15023.2,14992.69,15004.69,1601
2026-08-07T02:10:00+00:00,15004.69,15032.7,15003.68,15031.7,1345
2026-08-07T02:15:00+00:00,15031.7,15040.7,15024.68,15039.7,1314
2026-08-07T02:20:00+00:00,15039.7,15073.7,15038.2,15067.7,1197
2026-08-07T02:25:00+00:00,15067.7,15078.7,15057.2,15061.19,1129
2026-08-07T02:30:00+00:00,15061.19,15094.2,15060.18,15076.7,1456
2026-08-07T02:35:00+00:00,15076.7,15103.19,15076.68,15094.68,1237
2026-08-07T02:40:00+00:00,15094.68,15096.69,15064.18,15064.19,1238
2026-08-07T02:45:00+00:00,15064.19,15073.2,15054.2,15070.2,1406
2026-08-07T02:50:00+00:00,15070.2,15088.2,15056.68,15059.68,1265
2026-08-07T02:55:00+00:00,15059.68,15071.7,15052.18,15052.69,1320
2026-08-07T03:00:00+00:00,15052.69,15066.7,15045.7,15065.2,1247
2026-08-07T03:05:00+00:00,15065.2,15074.69,15050.69,15051.18,1044
2026-08-07T03:10:00+00:00,15051.18,15055.2,15038.68,15052.19,1415
2026-08-07T03:15:00+00:00,15052.19,15055.19,15009.69,15012.7,1288
2026-08-07T03:20:00+00:00,15012.7,15036.7,15009.68,15035.19,1014
2026-08-07T03:25:00+00:00,15035.19,15053.2,15027.68,15039.18,981
2026-08-07T03:30:00+00:00,15039.18,15043.2,15034.69,15037.7,189
2026-08-07T03:35:00+00:00,15037.7,15048.18,15037.69,15042.7,113
2026-08-07T03:40:00+00:00,15042.7,15046.7,15040.69,15045.2,101
2026-08-07T03:45:00+00:00,15045.2,15048.18,15042.69,15045.69,100
2026-08-07T03:50:00+00:00,15045.69,15046.7,15039.68,15039.68,83
2026-08-07T03:55:00+00:00,15039.68,15045.7,15039.68,15041.19,71
2026-08-07T04:00:00+00:00,15041.19,15045.69,15039.68,15044.2,70
2026-08-07T04:05:00+00:00,15044.2,15048.7,15043.69,15045.7,54
2026-08-07T04:10:00+00:00,15045.7,15049.7,15044.69,15048.7,59
2026-08-07T04:15:00+00:00,15048.7,15048.7,15044.19,15046.69,93
2026-08-07T04:20:00+00:00,15046.69,15055.7,15046.69,15053.18,94
2026-08-07T04:25:00+00:00,15053.18,15053.2,15048.19,15050.19,52
2026-08-07T04:30:00+00:00,15050.19,15050.2,15045.69,15047.68,138
2026-08-07T04:35:00+00:00,15047.68,15051.2,15047.19,15049.69,68
2026-08-07T04:40:00+00:00,15049.69,15050.19,15044.7,15045.68,70
2026-08-07T04:45:00+00:00,15045.68,15047.7,15044.68,15044.68,53
2026-08-07T04:50:00+00:00,15044.68,15045.19,15038.68,15040.69,49
2026-08-07T04:55:00+00:00,15040.69,15046.68,15040.69,15045.2,64
2026-08-07T05:00:00+00:00,15045.2,15085.7,15039.2,15075.7,1624
2026-08-07T05:05:00+00:00,15075.7,15083.7,15048.19,15048.19,1253
2026-08-07T05:10:00+00:00,15048.19,15071.18,15042.68,15045.18,1195
2026-08-07T05:15:00+00:00,15045.18,15069.69,15040.68,15058.68,1102
2026-08-07T05:20:00+00:00,15058.68,15064.18,15046.69,15063.2,865
2026-08-07T05:25:00+00:00,15063.2,15077.2,15061.18,15075.7,890
2026-08-07T05:30:00+00:00,15075.7,15085.7,15065.69,15066.69,766
2026-08-07T05:35:00+00:00,15066.69,15079.68,15060.7,15070.69,737
2026-08-07T05:40:00+00:00,15070.69,15075.2,15062.7,15073.69,787
2026-08-07T05:45:00+00:00,15073.69,15078.2,15063.7,15078.2,547
2026-08-07T05:50:00+00:00,15078.2,15086.7,15055.69,15062.7,779
2026-08-07T05:55:00+00:00,15062.7,15066.68,15046.18,15048.19,916
2026-08-07T06:00:00+00:00,15048.19,15056.69,15025.69,15045.2,1486
2026-08-07T06:05:00+00:00,15045.2,15069.7,15041.7,15065.19,1246
2026-08-07T06:10:00+00:00,15065.19,15069.68,15024.69,15026.18,1192
2026-08-07T06:15:00+00:00,15026.18,15032.19,15007.68,15021.7,1769
2026-08-07T06:20:00+00:00,15021.7,15024.69,14994.68,14997.19,1124
2026-08-07T06:25:00+00:00,14997.19,14998.7,14964.7,14996.68,1303
2026-08-07T06:30:00+00:00,14996.68,15019.7,14989.69,15019.68,1342
2026-08-07T06:35:00+00:00,15019.68,15025.68,15001.68,15002.18,1161
2026-08-07T06:40:00+00:00,15002.18,15029.7,15001.68,15026.18,921
2026-08-07T06:45:00+00:00,15026.18,15033.7,15017.7,15017.7,606
2026-08-07T06:50:00+00:00,15017.7,15034.19,15015.19,15032.19,523
2026-08-07T06:55:00+00:00,15032.19,15040.2,15019.68,15036.18,1281
2026-08-07T07:00:00+00:00,15036.18,15044.7,15033.18,15040.2,406
2026-08-07T07:05:00+00:00,15040.2,15044.2,15038.68,15040.7,148
2026-08-07T07:10:00+00:00,15040.7,15041.2,15036.68,15037.7,132
2026-08-07T07:15:00+00:00,15037.7,15040.7,15036.7,15038.18,206
2026-08-07T07:20:00+00:00,15038.18,15040.2,15035.68,15040.19,81
2026-08-07T07:25:00+00:00,15040.19,15041.69,15037.68,15038.18,102
2026-08-07T07:30:00+00:00,15038.18,15041.2,15035.68,15037.2,85
2026-08-07T07:35:00+00:00,15037.2,15037.7,15031.19,15034.18,116
2026-08-07T07:40:00+00:00,15034.18,15038.7,15032.68,15036.18,178
2026-08-07T07:45:00+00:00,15036.18,15038.7,15034.2,15037.2,201
2026-08-07T07:50:00+00:00,15037.2,15042.68,15036.68,15042.68,153
2026-08-07T07:55:00+00:00,15042.68,15046.68,15041.18,15042.69,183
2026-08-07T08:00:00+00:00,15042.69,15045.7,15041.19,15043.68,219
2026-08-07T08:05:00+00:00,15043.68,15048.19,15042.7,15044.7,249
2026-08-07T08:10:00+00:00,15044.7,15045.69,15040.7,15044.2,128
2026-08-07T08:15:00+00:00,15044.2,15051.18,15043.68,15044.68,150
2026-08-07T08:20:00+00:00,15044.68,15052.7,15044.68,15050.2,203
2026-08-07T08:25:00+00:00,15050.2,15053.19,15046.7,15050.69,245
2026-08-07T09:00:00+00:00,15050.69,15060.7,15049.19,15057.2,229
2026-08-07T09:05:00+00:00,15057.2,15057.2,15051.18,15053.7,32.829383886255926
2026-08-07T09:10:00+00:00,15053.7,15056.69,15051.7,15055.68,51
2026-08-07T09:15:00+00:00,15055.68,15058.7,15054.68,15058.69,52
2026-08-07T09:20:00+00:00,15058.69,15060.69,15055.68,15058.7,53
2026-08-07T09:25:00+00:00,15058.7,15059.7,15056.68,15056.69,48
2026-08-07T09:30:00+00:00,15056.69,15060.7,15056.68,15058.7,56
2026-08-07T09:35:00+00:00,15058.7,15060.7,15058.18,15059.69,42
2026-08-07T09:40:00+00:00,15059.69,15060.2,15055.68,15057.19,34
2026-08-07T09:45:00+00:00,15057.19,15059.2,15053.68,15056.7,38
2026-08-07T09:50:00+00:00,15056.7,15060.7,15055.2,15060.68,30
2026-08-07T09:55:00+00:00,15060.68,15063.69,15058.68,15063.19,41
2026-08-07T10:00:00+00:00,15063.19,15064.7,15059.68,15059.68,42
2026-08-07T10:05:00+00:00,15059.68,15059.69,15055.68,15055.7,28
2026-08-07T10:10:00+00:00,15055.7,15057.2,15054.68,15055.68,36
2026-08-07T10:15:00+00:00,15055.68,15055.68,15053.18,15054.19,23
2026-08-07T10:20:00+00:00,15054.19,15054.7,15052.68,15054.7,22
2026-08-07T10:25:00+00:00,15054.7,15054.7,15053.68,15054.7,21
2026-08-07T10:30:00+00:00,15054.7,15055.7,15054.2,15055.68,11
2026-08-07T10:35:00+00:00,15055.68,15057.69,15055.2,15057.69,21
2026-08-07T10:40:00+00:00,15057.69,15059.7,15055.68,15057.7,35
2026-08-07T10:45:00+00:00,15057.7,15057.7,15055.68,15056.2,17
2026-08-07T10:50:00+00:00,15056.2,15056.7,15053.68,15053.68,28
2026-08-07T10:55:00+00:00,15053.68,15056.2,15053.68,15056.2,19.198976691301876
2026-08-07T11:00:00+00:00,15056.2,15063.19,15056.2,15062.68,52
2026-08-07T11:05:00+00:00,15062.68,15062.7,15059.7,15060.7,47
2026-08-07T11:10:00+00:00,15060.7,15060.7,15057.68,15057.7,24
2026-08-07T11:15:00+00:00,15057.7,15057.7,15055.7,15057.7,31
2026-08-07T11:20:00+00:00,15057.7,15057.7,15054.68,15055.68,20.121173469387756
2026-08-07T11:25:00+00:00,15055.68,15058.69,15055.68,15058.18,28
2026-08-07T11:30:00+00:00,15058.18,15059.7,15056.7,15059.69,17
2026-08-07T11:35:00+00:00,15059.69,15061.68,15058.68,15059.7,31
2026-08-07T11:40:00+00:00,15059.7,15061.7,15059.68,15060.18,31.037900874635568
2026-08-07T11:45:00+00:00,15060.18,15061.18,15058.68,15058.7,33
2026-08-07T11:50:00+00:00,15058.7,15058.7,15056.19,15056.69,18
2026-08-07T11:55:00+00:00,15056.69,15060.69,15056.69,15060.69,28
2026-08-07T12:00:00+00:00,15060.69,15068.7,15059.68,15064.7,63
2026-08-07T12:05:00+00:00,15064.7,15071.68,15059.69,15065.18,72
2026-08-07T12:10:00+00:00,15065.18,15066.7,15063.68,15064.7,32
2026-08-07T12:15:00+00:00,15064.7,15065.7,15063.18,15064.2,34
2026-08-07T12:20:00+00:00,15064.2,15065.68,15062.68,15062.68,29
2026-08-07T12:25:00+00:00,15062.68,15066.7,15059.69,15060.7,33
2026-08-07T12:30:00+00:00,15060.7,15098.69,15060.7,15098.69,824
2026-08-07T12:35:00+00:00,15098.69,15099.2,15089.69,15097.2,294
2026-08-07T12:40:00+00:00,15097.2,15104.19,15094.18,15097.69,283
2026-08-07T12:45:00+00:00,15097.69,15101.7,15097.69,15099.69,150
2026-08-07T12:50:00+00:00,15099.69,15100.19,15095.68,15095.7,124
2026-08-07T12:55:00+00:00,15095.7,15095.7,15092.68,15094.18,90
2026-08-07T13:00:00+00:00,15094.18,15094.7,15087.7,15087.7,129
2026-08-07T13:05:00+00:00,15087.7,15089.69,15086.68,15088.19,119
2026-08-07T13:10:00+00:00,15088.19,15088.7,15082.68,15086.18,80
2026-08-07T13:15:00+00:00,15086.18,15086.19,15082.68,15084.69,70
2026-08-07T13:20:00+00:00,15084.69,15085.19,15083.68,15083.7,81
2026-08-07T13:25:00+00:00,15083.7,15085.7,15081.69,15085.7,120
2026-08-07T13:30:00+00:00,15085.7,15085.7,15076.69,15082.68,281
2026-08-07T13:35:00+00:00,15082.68,15087.7,15078.68,15087.18,303
2026-08-07T13:40:00+00:00,15087.18,15092.2,15084.68,15090.68,272
2026-08-07T13:45:00+00:00,15090.68,15090.69,15083.68,15088.7,293
2026-08-07T13:50:00+00:00,15088.7,15088.7,15086.19,15086.7,169
2026-08-07T13:55:00+00:00,15086.7,15086.7,15080.7,15083.69,209
2026-08-07T14:00:00+00:00,15083.69,15087.2,15078.2,15078.7,283
2026-08-07T14:05:00+00:00,15078.7,15083.2,15074.69,15076.69,298
2026-08-07T14:10:00+00:00,15076.69,15077.7,15069.68,15073.7,237
2026-08-07T14:15:00+00:00,15073.7,15085.7,15071.18,15084.18,274
2026-08-07T14:20:00+00:00,15084.18,15084.18,15077.68,15077.69,152
2026-08-07T14:25:00+00:00,15077.69,15085.2,15077.2,15077.7,182
2026-08-07T14:30:00+00:00,15077.7,15085.7,15076.19,15085.7,147
2026-08-07T14:35:00+00:00,15085.7,15088.7,15080.69,15085.68,176
2026-08-07T14:40:00+00:00,15085.68,15087.69,15079.68,15081.69,110
2026-08-07T14:45:00+00:00,15081.69,15083.69,15080.18,15082.7,166
2026-08-07T14:50:00+00:00,15082.7,15086.7,15082.19,15085.69,116
2026-08-07T14:55:00+00:00,15085.69,15087.7,15082.7,15083.68,147
2026-08-07T15:00:00+00:00,15083.68,15085.7,15077.68,15080.68,212
2026-08-07T15:05:00+00:00,15080.68,15088.69,15079.69,15087.68,172
2026-08-07T15:10:00+00:00,15087.68,15089.68,15081.69,15088.69,151
2026-08-07T15:15:00+00:00,15088.69,15089.7,15086.7,15088.68,72
2026-08-07T15:20:00+00:00,15088.68,15095.19,15088.68,15094.18,62
2026-08-07T15:25:00+00:00,15094.18,15095.2,15090.7,15090.7,81
2026-08-07T15:30:00+00:00,15090.7,15093.69,15090.68,15092.19,85
2026-08-07T15:35:00+00:00,15092.19,15096.18,15092.19,15094.2,62
2026-08-07T15:40:00+00:00,15094.2,15096.2,15090.68,15092.19,78
2026-08-07T15:45:00+00:00,15092.19,15097.7,15090.68,15097.19,86
2026-08-07T15:50:00+00:00,15097.19,15097.7,15090.68,15094.7,98
2026-08-07T15:55:00+00:00,15094.7,15096.7,15094.18,15094.18,78
2026-08-07T16:00:00+00:00,15094.18,15097.7,15093.68,15096.68,76
2026-08-07T16:05:00+00:00,15096.68,15098.7,15094.68,15097.69,55
2026-08-07T16:10:00+00:00,15097.69,15098.7,15094.69,15094.69,58
2026-08-07T16:15:00+00:00,15094.69,15096.2,15093.2,15093.2,48
2026-08-07T16:20:00+00:00,15093.2,15095.7,15086.68,15086.68,125
2026-08-07T16:25:00+00:00,15086.68,15087.19,15080.69,15083.7,182
2026-08-07T16:30:00+00:00,15083.7,15084.7,15074.7,15081.19,117
2026-08-07T16:35:00+00:00,15081.19,15085.7,15081.19,15084.7,70
2026-08-07T16:40:00+00:00,15084.7,15086.2,15082.68,15085.18,83
2026-08-07T16:45:00+00:00,15085.18,15086.7,15084.68,15085.68,59
2026-08-07T16:50:00+00:00,15085.68,15087.2,15079.68,15079.68,74
2026-08-07T16:55:00+00:00,15079.68,15081.69,15079.19,15079.19,60
2026-08-07T17:00:00+00:00,15079.19,15081.69,15077.7,15078.68,71
2026-08-07T17:05:00+00:00,15078.68,15082.18,15078.68,15082.18,63
2026-08-07T17:10:00+00:00,15082.18,15082.68,15077.68,15079.19,82
2026-08-07T17:15:00+00:00,15079.19,15079.7,15077.68,15078.7,40
2026-08-07T17:20:00+00:00,15078.7,15080.7,15078.68,15079.7,50
2026-08-07T17:25:00+00:00,15079.7,15081.7,15078.69,15081.7,53
2026-08-07T17:30:00+00:00,15081.7,15083.68,15079.18,15081.7,99
2026-08-07T17:35:00+00:00,15081.7,15082.7,15079.7,15082.7,41
2026-08-07T17:40:00+00:00,15082.7,15083.68,15081.18,15083.2,51
2026-08-07T17:45:00+00:00,15083.2,15084.7,15081.68,15082.69,49
2026-08-07T17:50:00+00:00,15082.69,15083.7,15079.18,15080.2,31
2026-08-07T17:55:00+00:00,15080.2,15081.69,15078.69,15078.69,35
2026-08-07T18:00:00+00:00,15078.69,15078.69,15077.18,15077.68,23.333759590792837
2026-08-07T18:05:00+00:00,15077.68,15077.69,15075.69,15076.69,30
2026-08-07T18:10:00+00:00,15076.69,15077.2,15072.18,15073.2,47
2026-08-07T18:15:00+00:00,15073.2,15074.7,15072.68,15073.18,53
2026-08-07T18:20:00+00:00,15073.18,15073.2,15070.68,15071.7,53
2026-08-07T18:25:00+00:00,15071.7,15073.2,15070.68,15071.68,36
2026-08-07T18:30:00+00:00,15071.68,15072.2,15070.18,15070.18,45
2026-08-07T18:35:00+00:00,15070.18,15071.68,15070.18,15071.19,26
2026-08-07T18:40:00+00:00,15071.19,15071.2,15068.19,15069.2,25
2026-08-07T18:45:00+00:00,15069.2,15071.2,15068.18,15070.69,37
2026-08-07T18:50:00+00:00,15070.69,15073.2,15070.2,15071.18,30
2026-08-07T18:55:00+00:00,15071.18,15074.2,15070.18,15072.7,68
2026-08-07T19:00:00+00:00,15072.7,15084.2,15072.69,15077.7,70.14900947459087
2026-08-07T19:05:00+00:00,15077.7,15082.2,15077.18,15082.2,39
2026-08-07T19:10:00+00:00,15082.2,15087.69,15081.68,15083.2,46
2026-08-07T19:15:00+00:00,15083.2,15086.2,15083.18,15084.18,60
2026-08-07T19:20:00+00:00,15084.18,15088.2,15084.18,15085.2,24
2026-08-07T19:25:00+00:00,15085.2,15086.2,15084.19,15086.18,40
2026-08-07T19:30:00+00:00,15086.18,15086.18,15082.18,15083.69,55
2026-08-07T19:35:00+00:00,15083.69,15085.7,15083.18,15084.2,40
2026-08-07T19:40:00+00:00,15084.2,15084.2,15080.68,15080.68,52
2026-08-07T19:45:00+00:00,15080.68,15084.7,15080.68,15084.18,70
2026-08-07T19:50:00+00:00,15084.18,15084.7,15082.19,15082.19,50
2026-08-07T19:55:00+00:00,15082.19,15090.19,15081.19,15090.18,92
2026-08-07T20:00:00+00:00,15090.18,15090.2,15087.18,15090.2,35
2026-08-07T20:05:00+00:00,15090.2,15090.2,15086.19,15087.19,15
2026-08-07T20:10:00+00:00,15087.19,15087.19,15086.18,15086.19,8
2026-08-07T20:15:00+00:00,15086.19,15086.7,15085.2,15086.7,9
2026-08-07T20:20:00+00:00,15086.7,15086.7,15085.18,15085.18,10.07900677200903
2026-08-07T20:25:00+00:00,15085.18,15085.7,15084.68,15084.68,13.320026796181544
2026-08-07T20:30:00+00:00,15084.68,15085.68,15084.68,15085.68,13.185882352941176
2026-08-07T20:35:00+00:00,15085.68,15085.7,15084.69,15085.68,11
2026-08-07T20:40:00+00:00,15085.68,15085.7,15084.2,15084.68,14.034313725490197
2026-08-10T01:00:00+00:00,15084.68,15085.18,15059.03,15060.03,156.74296335634625
2026-08-10T01:05:00+00:00,15060.03,15062.03,15055.04,15060.03,106
2026-08-10T01:10:00+00:00,15060.03,15066.550000000001,15059.03,15066.550000000001,91
2026-08-10T01:15:00+00:00,15066.550000000001,15081.03,15054.03,15072.550000000001,373
2026-08-10T01:20:00+00:00,15072.550000000001,15084.53,15065.03,15065.54,384
2026-08-10T01:25:00+00:00,15065.54,15076.550000000001,15050.54,15060.53,677
2026-08-10T01:30:00+00:00,15060.53,15092.03,15025.54,15050.53,5221
2026-08-10T01:35:00+00:00,15050.53,15073.050000000001,15038.050000000001,15059.550000000001,3373
2026-08-10T01:40:00+00:00,15059.550000000001,15083.03,15035.54,15044.53,3100
2026-08-10T01:45:00+00:00,15044.53,15103.050000000001,15041.03,15082.03,2672
2026-08-10T01:50:00+00:00,15082.03,15085.550000000001,15056.54,15058.550000000001,2317
2026-08-10T01:55:00+00:00,15058.550000000001,15062.050000000001,15026.54,15047.550000000001,2015
2026-08-10T02:00:00+00:00,15047.550000000001,15058.050000000001,15014.050000000001,15021.04,1964
2026-08-10T02:05:00+00:00,15021.04,15027.54,14994.050000000001,14997.550000000001,1774
2026-08-10T02:10:00+00:00,14997.550000000001,15007.03,14976.04,15006.54,1806
2026-08-10T02:15:00+00:00,15006.54,15035.050000000001,14995.54,14995.54,1795
2026-08-10T02:20:00+00:00,14995.54,15000.550000000001,14977.03,14994.54,1490
2026-08-10T02:25:00+00:00,14994.54,15003.53,14976.03,14986.03,1489
2026-08-10T02:30:00+00:00,14986.03,14989.04,14970.04,14977.03,1262
2026-08-10T02:35:00+00:00,14977.03,14981.050000000001,14958.04,14976.050000000001,1008
2026-08-10T02:40:00+00:00,14976.050000000001,14985.550000000001,14954.54,14957.53,1057
2026-08-10T02:45:00+00:00,14957.53,14970.050000000001,14955.53,14967.03,1071
2026-08-10T02:50:00+00:00,14967.03,14986.050000000001,14963.54,14970.03,1022
2026-08-10T02:55:00+00:00,14970.03,14979.54,14954.03,14973.54,1108.7300489286317
2026-08-10T03:00:00+00:00,14973.54,14996.03,14966.550000000001,14993.050000000001,983
2026-08-10T03:05:00+00:00,14993.050000000001,14999.550000000001,14974.04,14975.03,968
2026-08-10T03:10:00+00:00,14975.03,14984.53,14962.03,14970.050000000001,839
2026-08-10T03:15:00+00:00,14970.050000000001,14974.050000000001,14952.54,14962.54,863
2026-08-10T03:20:00+00:00,14962.54,14965.550000000001,14953.53,14955.550000000001,829
2026-08-10T03:25:00+00:00,14955.550000000001,14960.03,14943.54,14952.550000000001,766
2026-08-10T03:30:00+00:00,14952.550000000001,14952.550000000001,14944.53,14949.550000000001,161
2026-08-10T03:35:00+00:00,14949.550000000001,14949.550000000001,14944.53,14948.550000000001,114
2026-08-10T03:40:00+00:00,14948.550000000001,14950.550000000001,14947.53,14949.53,92
2026-08-10T03:45:00+00:00,14949.53,14950.550000000001,14947.53,14948.050000000001,97
2026-08-10T03:50:00+00:00,14948.050000000001,14951.550000000001,14947.03,14949.53,132
2026-08-10T03:55:00+00:00,14949.53,14951.54,14948.54,14951.53,73
2026-08-10T04:00:00+00:00,14951.53,14955.550000000001,14951.03,14953.53,56
2026-08-10T04:05:00+00:00,14953.53,14955.050000000001,14951.54,14954.54,27
2026-08-10T04:10:00+00:00,14954.54,14954.550000000001,14951.03,14952.550000000001,36
2026-08-10T04:15:00+00:00,14952.550000000001,14954.53,14952.53,14952.54,35
2026-08-10T04:20:00+00:00,14952.54,14953.050000000001,14952.53,14952.550000000001,9
2026-08-10T04:25:00+00:00,14952.550000000001,14953.04,14951.050000000001,14951.53,55
2026-08-10T04:30:00+00:00,14951.53,14951.53,14947.53,14947.550000000001,27.520470945689326
2026-08-10T04:35:00+00:00,14947.550000000001,14949.550000000001,14947.53,14948.54,41
2026-08-10T04:40:00+00:00,14948.54,14949.54,14945.050000000001,14949.54,31
2026-08-10T04:45:00+00:00,14949.54,14951.53,14947.54,14948.050000000001,33
2026-08-10T04:50:00+00:00,14948.050000000001,14950.53,14947.550000000001,14948.050000000001,44
2026-08-10T04:55:00+00:00,14948.050000000001,14948.54,14944.04,14944.04,53
2026-08-10T05:00:00+00:00,14944.04,14955.550000000001,14935.03,14945.04,1210
2026-08-10T05:05:00+00:00,14945.04,14967.550000000001,14942.54,14950.550000000001,1025
2026-08-10T05:10:00+00:00,14950.550000000001,14953.54,14923.54,14925.54,1262
2026-08-10T05:15:00+00:00,14925.54,14944.04,14921.03,14943.53,1089
2026-08-10T05:20:00+00:00,14943.53,14952.550000000001,14932.04,14939.03,947
2026-08-10T05:25:00+00:00,14939.03,14946.550000000001,14929.03,14932.54,776
2026-08-10T05:30:00+00:00,14932.54,14953.54,14929.54,14950.050000000001,1053
2026-08-10T05:35:00+00:00,14950.050000000001,14964.050000000001,14948.04,14960.54,900
2026-08-10T05:40:00+00:00,14960.54,14982.550000000001,14960.54,14963.53,802
2026-08-10T05:45:00+00:00,14963.53,14978.550000000001,14958.53,14961.050000000001,895
2026-08-10T05:50:00+00:00,14961.050000000001,14972.54,14952.54,14962.53,732
2026-08-10T05:55:00+00:00,14962.53,14965.03,14951.53,14954.550000000001,599
2026-08-10T06:00:00+00:00,14954.550000000001,14968.53,14945.53,14966.53,821
2026-08-10T06:05:00+00:00,14966.53,14983.54,14963.53,14975.54,862
2026-08-10T06:10:00+00:00,14975.54,15008.050000000001,14975.03,15002.050000000001,813
2026-08-10T06:15:00+00:00,15002.050000000001,15011.53,14980.54,15001.04,942
2026-08-10T06:20:00+00:00,15001.04,15012.550000000001,14995.53,15007.050000000001,734
2026-08-10T06:25:00+00:00,15007.050000000001,15016.550000000001,14999.03,15015.54,666
2026-08-10T06:30:00+00:00,15015.54,15027.550000000001,14997.53,14997.53,798
2026-08-10T06:35:00+00:00,14997.53,15017.550000000001,14997.050000000001,15017.54,571
2026-08-10T06:40:00+00:00,15017.54,15031.550000000001,15013.53,15031.050000000001,728
2026-08-10T06:45:00+00:00,15031.050000000001,15034.550000000001,15017.53,15022.550000000001,662
2026-08-10T06:50:00+00:00,15022.550000000001,15024.550000000001,15014.03,15020.53,567
2026-08-10T06:55:00+00:00,15020.53,15024.550000000001,15004.54,15008.03,957
2026-08-10T07:00:00+00:00,15008.03,15029.54,15008.03,15029.54,348
2026-08-10T07:05:00+00:00,15029.54,15032.550000000001,15025.550000000001,15031.050000000001,169
2026-08-10T07:10:00+00:00,15031.050000000001,15031.54,15024.54,15025.04,211
2026-08-10T07:15:00+00:00,15025.04,15032.550000000001,15024.03,15031.54,134
2026-08-10T07:20:00+00:00,15031.54,15037.54,15029.550000000001,15037.53,106
2026-08-10T07:25:00+00:00,15037.53,15037.550000000001,15034.04,15036.53,87
2026-08-10T07:30:00+00:00,15036.53,15038.550000000001,15034.53,15035.550000000001,58
2026-08-10T07:35:00+00:00,15035.550000000001,15036.550000000001,15034.53,15035.550000000001,54.673886516168395
2026-08-10T07:40:00+00:00,15035.550000000001,15039.53,15035.53,15038.04,72
2026-08-10T07:45:00+00:00,15038.04,15039.54,15033.53,15033.53,70
2026-08-10T07:50:00+00:00,15033.53,15035.550000000001,15033.53,15035.03,30
2026-08-10T07:55:00+00:00,15035.03,15037.53,15034.53,15037.53,54
2026-08-10T08:00:00+00:00,15037.53,15038.550000000001,15034.53,15036.03,82
2026-08-10T08:05:00+00:00,15036.03,15036.03,15031.550000000001,15033.03,115
2026-08-10T08:10:00+00:00,15033.03,15034.54,15028.53,15029.53,81
2026-08-10T08:15:00+00:00,15029.53,15034.54,15027.54,15033.03,139
2026-08-10T08:20:00+00:00,15033.03,15033.53,15024.03,15030.550000000001,129
2026-08-10T08:25:00+00:00,15030.550000000001,15037.550000000001,15030.550000000001,15037.03,114
2026-08-10T09:00:00+00:00,15037.03,15037.03,15013.54,15018.550000000001,424
2026-08-10T09:05:00+00:00,15018.550000000001,15018.550000000001,15013.54,15013.54,73
2026-08-10T09:10:00+00:00,15013.54,15015.050000000001,15012.53,15013.54,55
2026-08-10T09:15:00+00:00,15013.54,15013.550000000001,15008.53,15010.050000000001,74
2026-08-10T09:20:00+00:00,15010.050000000001,15011.550000000001,15009.550000000001,15011.53,37
2026-08-10T09:25:00+00:00,15011.53,15016.050000000001,15011.53,15016.050000000001,40.37053182214473
2026-08-10T09:30:00+00:00,15016.050000000001,15016.550000000001,15013.54,15015.53,33
2026-08-10T09:35:00+00:00,15015.53,15015.54,15012.53,15012.53,30.797212878423835
2026-08-10T09:40:00+00:00,15012.53,15013.550000000001,15009.550000000001,15011.54,40
2026-08-10T09:45:00+00:00,15011.54,15013.54,15011.54,15011.54,23
2026-08-10T09:50:00+00:00,15011.54,15012.54,15010.54,15011.54,13
2026-08-10T09:55:00+00:00,15011.54,15011.550000000001,15009.53,15009.53,31
2026-08-10T10:00:00+00:00,15009.53,15016.53,15008.53,15014.54,68
2026-08-10T10:05:00+00:00,15014.54,15021.53,15014.54,15014.54,41
2026-08-10T10:10:00+00:00,15014.54,15014.550000000001,15007.03,15007.03,36
2026-08-10T10:15:00+00:00,15007.03,15011.550000000001,15006.03,15011.04,47
2026-08-10T10:20:00+00:00,15011.04,15013.54,15011.03,15012.54,24
2026-08-10T10:25:00+00:00,15012.54,15013.54,15010.54,15012.54,24
2026-08-10T10:30:00+00:00,15012.54,15014.550000000001,15011.53,15014.53,35.600867678958785
2026-08-10T10:35:00+00:00,15014.53,15017.550000000001,15013.53,15017.550000000001,32
2026-08-10T10:40:00+00:00,15017.550000000001,15017.550000000001,15013.550000000001,15014.550000000001,38
2026-08-10T10:45:00+00:00,15014.550000000001,15015.550000000001,15014.03,15014.04,31
2026-08-10T10:50:00+00:00,15014.04,15017.550000000001,15013.53,15014.550000000001,28
2026-08-10T10:55:00+00:00,15014.550000000001,15016.53,15013.53,15015.03,42
2026-08-10T11:00:00+00:00,15015.03,15015.550000000001,15010.53,15011.53,69
2026-08-10T11:05:00+00:00,15011.53,15011.550000000001,15008.03,15008.54,48
2026-08-10T11:10:00+00:00,15008.54,15009.050000000001,15005.050000000001,15008.03,47
2026-08-10T11:15:00+00:00,15008.03,15008.550000000001,15005.54,15006.53,39
2026-08-10T11:20:00+00:00,15006.53,15009.53,15006.53,15008.53,25
2026-08-10T11:25:00+00:00,15008.53,15011.54,15008.04,15011.54,22
2026-08-10T11:30:00+00:00,15011.54,15012.53,15010.550000000001,15012.53,21.259656652360515
2026-08-10T11:35:00+00:00,15012.53,15012.550000000001,15011.53,15011.53,18.66412213740458
2026-08-10T11:40:00+00:00,15011.53,15012.550000000001,15010.550000000001,15011.550000000001,31
2026-08-10T11:45:00+00:00,15011.550000000001,15012.54,15008.03,15008.53,71
2026-08-10T11:50:00+00:00,15008.53,15010.53,15008.03,15008.54,39
2026-08-10T11:55:00+00:00,15008.54,15010.550000000001,15008.53,15010.550000000001,50
2026-08-10T12:00:00+00:00,15010.550000000001,15012.050000000001,15009.53,15011.53,46
2026-08-10T12:05:00+00:00,15011.53,15011.53,15006.54,15010.54,74
2026-08-10T12:10:00+00:00,15010.54,15010.550000000001,15004.53,15004.54,53
2026-08-10T12:15:00+00:00,15004.54,15005.050000000001,15000.04,15001.550000000001,56
2026-08-10T12:20:00+00:00,15001.550000000001,15003.550000000001,15000.550000000001,15001.050000000001,41
2026-08-10T12:25:00+00:00,15001.050000000001,15002.54,14999.53,15002.53,39
2026-08-10T12:30:00+00:00,15002.53,15003.550000000001,15000.050000000001,15000.050000000001,47
2026-08-10T12:35:00+00:00,15000.050000000001,15002.550000000001,14998.53,14999.550000000001,66
2026-08-10T12:40:00+00:00,14999.550000000001,15001.550000000001,14999.03,15001.04,44
2026-08-10T12:45:00+00:00,15001.04,15002.54,14998.53,14999.04,50.1624500665779
2026-08-10T12:50:00+00:00,14999.04,14999.050000000001,14996.53,14997.550000000001,53
2026-08-10T12:55:00+00:00,14997.550000000001,15000.550000000001,14996.53,14999.53,52
2026-08-10T13:00:00+00:00,14999.53,15001.550000000001,14998.03,15001.03,76
2026-08-10T13:05:00+00:00,15001.03,15001.54,14999.550000000001,15000.53,32
2026-08-10T13:10:00+00:00,15000.53,15001.54,14999.53,15000.04,56
2026-08-10T13:15:00+00:00,15000.04,15001.54,14998.54,15000.550000000001,45
2026-08-10T13:20:00+00:00,15000.550000000001,15000.550000000001,14998.53,14999.54,61
2026-08-10T13:25:00+00:00,14999.54,15000.550000000001,14996.53,14998.53,58
2026-08-10T13:30:00+00:00,14998.53,15001.550000000001,14993.53,14996.04,388
2026-08-10T13:35:00+00:00,14996.04,14998.050000000001,14987.53,14988.54,297
2026-08-10T13:40:00+00:00,14988.54,14989.550000000001,14985.03,14985.53,247
2026-08-10T13:45:00+00:00,14985.53,14987.550000000001,14983.54,14984.550000000001,218
2026-08-10T13:50:00+00:00,14984.550000000001,14987.54,14981.53,14986.050000000001,216
2026-08-10T13:55:00+00:00,14986.050000000001,14990.550000000001,14982.550000000001,14989.04,223
2026-08-10T14:00:00+00:00,14989.04,14990.550000000001,14986.53,14988.550000000001,147
2026-08-10T14:05:00+00:00,14988.550000000001,14992.550000000001,14988.53,14990.550000000001,75
2026-08-10T14:10:00+00:00,14990.550000000001,14999.53,14990.550000000001,14998.550000000001,77
2026-08-10T14:15:00+00:00,14998.550000000001,14999.550000000001,14995.53,14998.54,127
2026-08-10T14:20:00+00:00,14998.54,14999.54,14993.53,14993.53,117
2026-08-10T14:25:00+00:00,14993.53,14999.550000000001,14993.53,14997.54,107
2026-08-10T14:30:00+00:00,14997.54,15001.04,14997.53,14998.53,74
2026-08-10T14:35:00+00:00,14998.53,15002.550000000001,14998.53,14999.550000000001,72
2026-08-10T14:40:00+00:00,14999.550000000001,15003.550000000001,14998.03,15002.550000000001,69
2026-08-10T14:45:00+00:00,15002.550000000001,15005.550000000001,15002.53,15003.03,91
2026-08-10T14:50:00+00:00,15003.03,15004.54,14999.53,15001.04,68
2026-08-10T14:55:00+00:00,15001.04,15008.550000000001,15001.04,15003.54,169
2026-08-10T15:00:00+00:00,15003.54,15004.04,14996.53,15001.54,92
2026-08-10T15:05:00+00:00,15001.54,15004.550000000001,15001.03,15001.050000000001,63
2026-08-10T15:10:00+00:00,15001.050000000001,15005.54,15000.04,15005.54,89
2026-08-10T15:15:00+00:00,15005.54,15008.550000000001,15005.53,15008.54,40
2026-08-10T15:20:00+00:00,15008.54,15009.550000000001,15006.53,15008.550000000001,74
2026-08-10T15:25:00+00:00,15008.550000000001,15008.550000000001,15004.53,15006.54,92
2026-08-10T15:30:00+00:00,15006.54,15008.550000000001,15004.54,15004.550000000001,57
2026-08-10T15:35:00+00:00,15004.550000000001,15006.54,15001.03,15002.03,64
2026-08-10T15:40:00+00:00,15002.03,15005.53,15001.03,15004.53,74
2026-08-10T15:45:00+00:00,15004.53,15006.54,15003.54,15005.53,79
2026-08-10T15:50:00+00:00,15005.53,15012.53,15005.53,15012.03,47
2026-08-10T15:55:00+00:00,15012.03,15015.550000000001,15011.53,15014.53,47
2026-08-10T16:00:00+00:00,15014.53,15016.54,15013.53,15014.53,64
2026-08-10T16:05:00+00:00,15014.53,15018.550000000001,15013.550000000001,15016.54,39
2026-08-10T16:10:00+00:00,15016.54,15020.54,15015.53,15017.54,45
2026-08-10T16:15:00+00:00,15017.54,15017.54,15013.53,15015.53,58
2026-08-10T16:20:00+00:00,15015.53,15017.550000000001,15015.53,15017.550000000001,36
2026-08-10T16:25:00+00:00,15017.550000000001,15018.550000000001,15015.54,15016.53,57
2026-08-10T16:30:00+00:00,15016.53,15017.53,15004.54,15013.550000000001,270
2026-08-10T16:35:00+00:00,15013.550000000001,15015.550000000001,15007.53,15007.53,107
2026-08-10T16:40:00+00:00,15007.53,15008.53,14996.53,14996.550000000001,86
2026-08-10T16:45:00+00:00,14996.550000000001,14998.550000000001,14996.53,14997.04,95
2026-08-10T16:50:00+00:00,14997.04,14997.550000000001,14995.03,14996.550000000001,55
2026-08-10T16:55:00+00:00,14996.550000000001,14998.550000000001,14996.53,14996.53,42
2026-08-10T17:00:00+00:00,14996.53,14997.550000000001,14995.03,14995.53,24
2026-08-10T17:05:00+00:00,14995.53,14996.550000000001,14994.03,14996.550000000001,30
2026-08-10T17:10:00+00:00,14996.550000000001,14997.550000000001,14995.53,14996.550000000001,45
2026-08-10T17:15:00+00:00,14996.550000000001,14997.54,14993.53,14994.550000000001,24
2026-08-10T17:20:00+00:00,14994.550000000001,14995.550000000001,14993.54,14995.04,33
2026-08-10T17:25:00+00:00,14995.04,14997.550000000001,14994.53,14996.550000000001,30
2026-08-10T17:30:00+00:00,14996.550000000001,14998.550000000001,14996.53,14998.550000000001,14.782178217821782
2026-08-10T17:35:00+00:00,14998.550000000001,14999.54,14995.54,14995.54,33
2026-08-10T17:40:00+00:00,14995.54,14996.550000000001,14993.03,14993.53,40
2026-08-10T17:45:00+00:00,14993.53,14994.53,14991.53,14993.53,29
2026-08-10T17:50:00+00:00,14993.53,14994.550000000001,14992.53,14993.54,37
2026-08-10T17:55:00+00:00,14993.54,14994.550000000001,14991.53,14993.53,35.353102189781026
2026-08-10T18:00:00+00:00,14993.53,14996.54,14993.53,14996.53,30
2026-08-10T18:05:00+00:00,14996.53,14997.550000000001,14996.53,14997.54,35
2026-08-10T18:10:00+00:00,14997.54,14999.04,14996.54,14997.550000000001,24
2026-08-10T18:15:00+00:00,14997.550000000001,14998.550000000001,14995.53,14996.050000000001,29
2026-08-10T18:20:00+00:00,14996.050000000001,14996.550000000001,14994.53,14994.53,28
2026-08-10T18:25:00+00:00,14994.53,14994.550000000001,14992.53,14993.54,24
2026-08-10T18:30:00+00:00,14993.54,14998.550000000001,14992.53,14998.050000000001,42
2026-08-10T18:35:00+00:00,14998.050000000001,14998.550000000001,14995.550000000001,14997.53,19
2026-08-10T18:40:00+00:00,14997.53,14999.050000000001,14997.53,14998.53,35
2026-08-10T18:45:00+00:00,14998.53,14998.550000000001,14996.53,14996.550000000001,37.677130044843054
2026-08-10T18:50:00+00:00,14996.550000000001,14997.550000000001,14994.550000000001,14996.53,36
2026-08-10T18:55:00+00:00,14996.53,14997.54,14995.53,14997.53,27
2026-08-10T19:00:00+00:00,14997.53,14998.550000000001,14997.53,14998.050000000001,30
2026-08-10T19:05:00+00:00,14998.050000000001,14998.550000000001,14997.53,14998.03,39
2026-08-10T19:10:00+00:00,14998.03,14998.550000000001,14997.53,14998.54,18
2026-08-10T19:15:00+00:00,14998.54,15001.550000000001,14997.54,14999.53,31
2026-08-10T19:20:00+00:00,14999.53,15000.54,14998.53,14998.54,23
2026-08-10T19:25:00+00:00,14998.54,14998.550000000001,14997.53,14998.550000000001,16
2026-08-10T19:30:00+00:00,14998.550000000001,14999.050000000001,14996.550000000001,14997.54,45
2026-08-10T19:35:00+00:00,14997.54,15000.550000000001,14997.03,15000.54,26
2026-08-10T19:40:00+00:00,15000.54,15001.550000000001,15000.04,15000.550000000001,22.425096030729833
2026-08-10T19:45:00+00:00,15000.550000000001,15002.550000000001,14999.53,15002.050000000001,29
2026-08-10T19:50:00+00:00,15002.050000000001,15002.050000000001,14991.53,14994.050000000001,92
2026-08-10T19:55:00+00:00,14994.050000000001,14995.550000000001,14991.53,14994.550000000001,69
2026-08-10T20:00:00+00:00,14994.550000000001,14998.550000000001,14994.54,14998.04,36
2026-08-10T20:05:00+00:00,14998.04,14998.050000000001,14998.03,14998.050000000001,12.592746238467747
2026-08-10T20:10:00+00:00,14998.050000000001,14998.050000000001,14997.03,14997.04,8.118003025718608
2026-08-10T20:15:00+00:00,14997.04,14998.050000000001,14992.53,14992.53,20.175925925925924
2026-08-10T20:20:00+00:00,14992.53,14993.53,14991.54,14991.54,11.00462249614792
2026-08-10T20:25:00+00:00,14991.54,14993.04,14991.54,14993.04,10
2026-08-10T20:30:00+00:00,14993.04,14993.050000000001,14992.54,14993.050000000001,7.9575471698113205
2026-08-10T20:35:00+00:00,14993.050000000001,14993.050000000001,14993.03,14993.03,9.878465732613703
2026-08-10T20:40:00+00:00,14993.03,14994.03,14993.03,14994.03,9.956239870340356
2026-08-11T01:00:00+00:00,14994.03,15001.69,14991.68,14996.18,130.1405030355594
2026-08-11T01:05:00+00:00,14996.18,15014.7,14996.18,15012.2,145
2026-08-11T01:10:00+00:00,15012.2,15028.18,15012.2,15024.68,153
2026-08-11T01:15:00+00:00,15024.68,15027.2,15010.68,15014.68,430
2026-08-11T01:20:00+00:00,15014.68,15018.69,15001.69,15011.18,587
2026-08-11T01:25:00+00:00,15011.18,15038.68,15011.18,15021.2,755
2026-08-11T01:30:00+00:00,15021.2,15047.69,15004.18,15004.18,5072
2026-08-11T01:35:00+00:00,15004.18,15018.7,14975.68,14977.18,3014
2026-08-11T01:40:00+00:00,14977.18,15012.7,14970.7,15000.68,2845
2026-08-11T01:45:00+00:00,15000.68,15039.18,14998.69,15024.69,2742
2026-08-11T01:50:00+00:00,15024.69,15029.2,14962.18,14977.69,2366
2026-08-11T01:55:00+00:00,14977.69,14977.69,14955.18,14955.18,1672
2026-08-11T02:00:00+00:00,14955.18,14960.19,14922.68,14930.68,2152
2026-08-11T02:05:00+00:00,14930.68,14937.7,14911.68,14935.68,1634
2026-08-11T02:10:00+00:00,14935.68,15003.69,14931.2,14997.18,2127
2026-08-11T02:15:00+00:00,14997.18,15014.69,14994.69,15005.7,2033
2026-08-11T02:20:00+00:00,15005.7,15011.7,14990.7,15007.2,1911
2026-08-11T02:25:00+00:00,15007.2,15024.69,14998.7,15020.7,1656
2026-08-11T02:30:00+00:00,15020.7,15036.2,15012.68,15019.2,1608
2026-08-11T02:35:00+00:00,15019.2,15021.69,14992.68,14999.18,1381
2026-08-11T02:40:00+00:00,14999.18,15028.7,14993.7,15027.7,1376
2026-08-11T02:45:00+00:00,15027.7,15036.7,15020.68,15034.68,1222
2026-08-11T02:50:00+00:00,15034.68,15041.7,15030.18,15035.69,1059
2026-08-11T02:55:00+00:00,15035.69,15044.69,15023.69,15044.69,1117
2026-08-11T03:00:00+00:00,15044.69,15047.18,15030.7,15038.7,1187
2026-08-11T03:05:00+00:00,15038.7,15040.7,15015.19,15019.7,1082
2026-08-11T03:10:00+00:00,15019.7,15041.7,15019.68,15033.2,835
2026-08-11T03:15:00+00:00,15033.2,15039.2,15017.7,15021.2,838
2026-08-11T03:20:00+00:00,15021.2,15029.7,15016.19,15029.68,746
2026-08-11T03:25:00+00:00,15029.68,15040.7,15028.68,15032.68,605
2026-08-11T03:30:00+00:00,15032.68,15034.18,15018.68,15021.7,123
2026-08-11T03:35:00+00:00,15021.7,15023.7,15019.18,15022.68,64
2026-08-11T03:40:00+00:00,15022.68,15025.2,15020.68,15020.68,103
2026-08-11T03:45:00+00:00,15020.68,15022.7,15016.69,15021.7,69
2026-08-11T03:50:00+00:00,15021.7,15022.2,15018.68,15022.19,65
2026-08-11T03:55:00+00:00,15022.19,15023.2,15018.2,15021.69,75
2026-08-11T04:00:00+00:00,15021.69,15025.19,15021.69,15023.2,65
2026-08-11T04:05:00+00:00,15023.2,15026.7,15020.68,15020.68,59
2026-08-11T04:10:00+00:00,15020.68,15026.69,15019.68,15026.69,31
2026-08-11T04:15:00+00:00,15026.69,15026.69,15017.68,15019.18,67
2026-08-11T04:20:00+00:00,15019.18,15019.2,15016.68,15017.69,50.11375481531838
2026-08-11T04:25:00+00:00,15017.69,15025.7,15016.68,15025.7,60
2026-08-11T04:30:00+00:00,15025.7,15025.7,15020.69,15023.19,92
2026-08-11T04:35:00+00:00,15023.19,15023.19,15016.68,15019.18,56
2026-08-11T04:40:00+00:00,15019.18,15021.2,15017.68,15021.2,49
2026-08-11T04:45:00+00:00,15021.2,15021.2,15017.69,15018.7,30
2026-08-11T04:50:00+00:00,15018.7,15018.7,15015.68,15015.68,17
2026-08-11T04:55:00+00:00,15015.68,15019.7,15015.68,15019.7,48
2026-08-11T05:00:00+00:00,15019.7,15041.69,15006.18,15006.7,1114
2026-08-11T05:05:00+00:00,15006.7,15020.69,15003.18,15011.69,772
2026-08-11T05:10:00+00:00,15011.69,15014.7,14999.18,15004.7,750
2026-08-11T05:15:00+00:00,15004.7,15019.2,14993.68,15004.2,918
2026-08-11T05:20:00+00:00,15004.2,15005.7,14992.68,15000.69,759
2026-08-11T05:25:00+00:00,15000.69,15000.69,14962.69,14964.7,973
2026-08-11T05:30:00+00:00,14964.7,14978.2,14953.68,14976.19,1006
2026-08-11T05:35:00+00:00,14976.19,15003.7,14974.7,14994.7,898
2026-08-11T05:40:00+00:00,14994.7,14996.19,14982.68,14990.69,805
2026-08-11T05:45:00+00:00,14990.69,14991.7,14982.68,14987.68,677
2026-08-11T05:50:00+00:00,14987.68,14996.7,14982.18,14994.68,642
2026-08-11T05:55:00+00:00,14994.68,15000.69,14982.68,14985.7,726
2026-08-11T06:00:00+00:00,14985.7,14986.2,14968.19,14970.7,758
2026-08-11T06:05:00+00:00,14970.7,14975.2,14964.18,14973.19,822
2026-08-11T06:10:00+00:00,14973.19,14990.69,14971.68,14971.68,845
2026-08-11T06:15:00+00:00,14971.68,14974.2,14962.19,14963.19,742
2026-08-11T06:20:00+00:00,14963.19,14964.7,14952.19,14959.7,966
2026-08-11T06:25:00+00:00,14959.7,14959.7,14941.68,14956.7,841
2026-08-11T06:30:00+00:00,14956.7,14959.68,14941.7,14946.2,941
2026-08-11T06:35:00+00:00,14946.2,14946.7,14925.68,14928.19,1016
2026-08-11T06:40:00+00:00,14928.19,14943.7,14921.68,14941.69,805
2026-08-11T06:45:00+00:00,14941.69,14947.69,14932.19,14939.2,827
2026-08-11T06:50:00+00:00,14939.2,14941.18,14927.19,14930.18,639
2026-08-11T06:55:00+00:00,14930.18,14933.7,14922.68,14931.18,757
2026-08-11T07:00:00+00:00,14931.18,14931.7,14917.68,14926.68,312
2026-08-11T07:05:00+00:00,14926.68,14928.2,14919.69,14922.69,110
2026-08-11T07:10:00+00:00,14922.69,14928.2,14921.7,14927.2,53
2026-08-11T07:15:00+00:00,14927.2,14931.7,14924.68,14930.69,62
2026-08-11T07:20:00+00:00,14930.69,14935.7,14929.69,14934.19,43
2026-08-11T07:25:00+00:00,14934.19,14935.7,14932.68,14932.68,64
2026-08-11T07:30:00+00:00,14932.68,14935.68,14928.68,14935.19,115
2026-08-11T07:35:00+00:00,14935.19,14936.68,14932.69,14932.69,31
2026-08-11T07:40:00+00:00,14932.69,14933.7,14926.19,14929.69,67
2026-08-11T07:45:00+00:00,14929.69,14929.69,14927.68,14927.69,44
2026-08-11T07:50:00+00:00,14927.69,14929.2,14926.18,14927.2,69
2026-08-11T07:55:00+00:00,14927.2,14929.2,14925.18,14927.7,80
2026-08-11T08:00:00+00:00,14927.7,14928.69,14921.68,14925.19,216
2026-08-11T08:05:00+00:00,14925.19,14928.68,14922.68,14927.18,186
2026-08-11T08:10:00+00:00,14927.18,14928.7,14921.68,14921.7,79
2026-08-11T08:15:00+00:00,14921.7,14922.7,14918.7,14920.7,70.17756068083392
2026-08-11T08:20:00+00:00,14920.7,14925.7,14917.68,14924.68,92
2026-08-11T08:25:00+00:00,14924.68,14929.7,14923.68,14928.2,155
2026-08-11T09:00:00+00:00,14928.2,14928.2,14908.68,14918.18,237
2026-08-11T09:05:00+00:00,14918.18,14924.19,14915.68,14915.68,72
2026-08-11T09:10:00+00:00,14915.68,14918.19,14913.19,14918.19,40.177868458953434
2026-08-11T09:15:00+00:00,14918.19,14920.68,14917.19,14920.19,54
2026-08-11T09:20:00+00:00,14920.19,14921.7,14915.69,14916.7,65
2026-08-11T09:25:00+00:00,14916.7,14919.7,14915.68,14918.69,43
2026-08-11T09:30:00+00:00,14918.69,14922.69,14917.68,14919.7,56
2026-08-11T09:35:00+00:00,14919.7,14920.7,14917.68,14919.7,35
2026-08-11T09:40:00+00:00,14919.7,14921.7,14918.68,14919.7,54
2026-08-11T09:45:00+00:00,14919.7,14922.7,14919.18,14920.68,71
2026-08-11T09:50:00+00:00,14920.68,14920.7,14918.68,14919.7,46
2026-08-11T09:55:00+00:00,14919.7,14920.2,14916.18,14918.18,58
2026-08-11T10:00:00+00:00,14918.18,14919.7,14914.7,14916.19,32
2026-08-11T10:05:00+00:00,14916.19,14917.68,14914.68,14915.2,27
2026-08-11T10:10:00+00:00,14915.2,14917.7,14914.69,14916.69,34
2026-08-11T10:15:00+00:00,14916.69,14920.18,14916.69,14920.18,23
2026-08-11T10:20:00+00:00,14920.18,14929.2,14919.68,14928.69,55
2026-08-11T10:25:00+00:00,14928.69,14933.7,14926.68,14928.68,150
2026-08-11T10:30:00+00:00,14928.68,14931.7,14928.68,14931.18,49
2026-08-11T10:35:00+00:00,14931.18,14932.7,14930.68,14931.69,26
2026-08-11T10:40:00+00:00,14931.69,14934.7,14931.69,14934.7,17.017323516673883
2026-08-11T10:45:00+00:00,14934.7,14934.7,14933.68,14934.19,13
2026-08-11T10:50:00+00:00,14934.19,14935.69,14931.68,14932.2,20
2026-08-11T10:55:00+00:00,14932.2,14932.2,14930.69,14932.19,16.58068614993647
2026-08-11T11:00:00+00:00,14932.19,14948.7,14932.19,14944.69,565
2026-08-11T11:05:00+00:00,14944.69,14946.68,14939.69,14939.7,131
2026-08-11T11:10:00+00:00,14939.7,14942.69,14938.68,14938.68,56
2026-08-11T11:15:00+00:00,14938.68,14939.7,14933.69,14933.7,74
2026-08-11T11:20:00+00:00,14933.7,14934.2,14930.68,14931.69,30
2026-08-11T11:25:00+00:00,14931.69,14937.69,14931.18,14936.68,51
2026-08-11T11:30:00+00:00,14936.68,14937.68,14934.2,14936.68,30
2026-08-11T11:35:00+00:00,14936.68,14936.7,14933.69,14933.69,29
2026-08-11T11:40:00+00:00,14933.69,14934.7,14930.68,14934.7,37
2026-08-11T11:45:00+00:00,14934.7,14934.7,14932.68,14933.7,31
2026-08-11T11:50:00+00:00,14933.7,14934.7,14928.69,14930.2,39
2026-08-11T11:55:00+00:00,14930.2,14932.7,14929.69,14932.2,37
2026-08-11T12:00:00+00:00,14932.2,14932.69,14929.68,14931.18,28
2026-08-11T12:05:00+00:00,14931.18,14935.7,14931.18,14935.69,17
2026-08-11T12:10:00+00:00,14935.69,14936.7,14932.68,14935.68,39
2026-08-11T12:15:00+00:00,14935.68,14936.18,14933.69,14935.69,46
2026-08-11T12:20:00+00:00,14935.69,14936.7,14926.68,14928.7,168
2026-08-11T12:25:00+00:00,14928.7,14928.7,14925.7,14925.7,64
2026-08-11T12:30:00+00:00,14925.7,14927.68,14924.68,14926.68,46
2026-08-11T12:35:00+00:00,14926.68,14929.7,14926.68,14928.68,30
2026-08-11T12:40:00+00:00,14928.68,14931.2,14928.68,14931.18,39
2026-08-11T12:45:00+00:00,14931.18,14934.69,14931.18,14932.68,30
2026-08-11T12:50:00+00:00,14932.68,14932.69,14929.69,14931.7,19
2026-08-11T12:55:00+00:00,14931.7,14933.69,14930.69,14931.69,23
2026-08-11T13:00:00+00:00,14931.69,14936.68,14930.69,14931.69,63
2026-08-11T13:05:00+00:00,14931.69,14934.68,14931.69,14934.68,20
2026-08-11T13:10:00+00:00,14934.68,14935.69,14933.18,14933.68,45
2026-08-11T13:15:00+00:00,14933.68,14934.68,14930.7,14932.18,45
2026-08-11T13:20:00+00:00,14932.18,14936.7,14932.18,14935.69,33
2026-08-11T13:25:00+00:00,14935.69,14935.7,14930.68,14933.18,59
2026-08-11T13:30:00+00:00,14933.18,14934.2,14921.68,14924.19,330
2026-08-11T13:35:00+00:00,14924.19,14932.7,14922.68,14927.2,197
2026-08-11T13:40:00+00:00,14927.2,14936.7,14927.2,14932.69,205
2026-08-11T13:45:00+00:00,14932.69,14935.7,14922.69,14923.7,228
2026-08-11T13:50:00+00:00,14923.7,14923.7,14911.68,14912.7,254
2026-08-11T13:55:00+00:00,14912.7,14925.2,14911.68,14925.2,180
2026-08-11T14:00:00+00:00,14925.2,14932.68,14923.68,14929.19,226
2026-08-11T14:05:00+00:00,14929.19,14935.7,14928.69,14931.19,133
2026-08-11T14:10:00+00:00,14931.19,14932.7,14929.68,14931.19,125
2026-08-11T14:15:00+00:00,14931.19,14937.69,14930.68,14933.69,137
2026-08-11T14:20:00+00:00,14933.69,14936.68,14929.7,14930.18,193
2026-08-11T14:25:00+00:00,14930.18,14932.7,14928.68,14931.69,151
2026-08-11T14:30:00+00:00,14931.69,14932.7,14928.68,14932.2,114
2026-08-11T14:35:00+00:00,14932.2,14933.7,14927.69,14927.69,116
2026-08-11T14:40:00+00:00,14927.69,14929.7,14926.68,14927.69,93
2026-08-11T14:45:00+00:00,14927.69,14931.69,14927.69,14930.7,62
2026-08-11T14:50:00+00:00,14930.7,14933.18,14928.2,14931.7,105
2026-08-11T14:55:00+00:00,14931.7,14932.69,14929.68,14930.69,64
2026-08-11T15:00:00+00:00,14930.69,14933.2,14930.68,14931.69,58
2026-08-11T15:05:00+00:00,14931.69,14931.7,14920.69,14921.68,78.64228667507356
2026-08-11T15:10:00+00:00,14921.68,14922.7,14919.68,14920.7,113
2026-08-11T15:15:00+00:00,14920.7,14922.7,14918.68,14919.19,117.30085959885386
2026-08-11T15:20:00+00:00,14919.19,14921.7,14916.69,14916.69,77
2026-08-11T15:25:00+00:00,14916.69,14917.7,14913.68,14915.69,63
2026-08-11T15:30:00+00:00,14915.69,14916.7,14906.7,14908.19,150
2026-08-11T15:35:00+00:00,14908.19,14912.7,14907.7,14909.69,156
2026-08-11T15:40:00+00:00,14909.69,14910.7,14907.19,14910.19,65
2026-08-11T15:45:00+00:00,14910.19,14912.69,14909.2,14912.69,57
2026-08-11T15:50:00+00:00,14912.69,14913.7,14910.68,14913.7,46
2026-08-11T15:55:00+00:00,14913.7,14915.7,14912.68,14914.69,65
2026-08-11T16:00:00+00:00,14914.69,14917.18,14913.68,14914.7,70
2026-08-11T16:05:00+00:00,14914.7,14916.7,14914.18,14916.69,62
2026-08-11T16:10:00+00:00,14916.69,14917.69,14914.69,14915.2,48
2026-08-11T16:15:00+00:00,14915.2,14916.7,14912.68,14912.68,57
2026-08-11T16:20:00+00:00,14912.68,14915.7,14912.68,14913.69,44.66306373462542
2026-08-11T16:25:00+00:00,14913.69,14916.69,14913.18,14916.2,69
2026-08-11T16:30:00+00:00,14916.2,14916.7,14913.68,14914.19,36
2026-08-11T16:35:00+00:00,14914.19,14917.2,14913.68,14917.2,27
2026-08-11T16:40:00+00:00,14917.2,14918.7,14916.68,14917.19,28
2026-08-11T16:45:00+00:00,14917.19,14917.19,14914.68,14915.69,53
2026-08-11T16:50:00+00:00,14915.69,14916.18,14913.68,14913.68,27
2026-08-11T16:55:00+00:00,14913.68,14915.69,14912.68,14912.68,36.658092599920856
2026-08-11T17:00:00+00:00,14912.68,14913.69,14909.68,14909.68,48
2026-08-11T17:05:00+00:00,14909.68,14910.7,14908.68,14909.2,71
2026-08-11T17:10:00+00:00,14909.2,14909.2,14901.69,14902.7,63
2026-08-11T17:15:00+00:00,14902.7,14905.18,14900.68,14901.69,67
2026-08-11T17:20:00+00:00,14901.69,14904.7,14901.68,14902.68,69
2026-08-11T17:25:00+00:00,14902.68,14904.2,14900.68,14903.2,51
2026-08-11T17:30:00+00:00,14903.2,14903.69,14901.19,14902.19,65
2026-08-11T17:35:00+00:00,14902.19,14904.7,14901.68,14904.7,50
2026-08-11T17:40:00+00:00,14904.7,14906.7,14904.68,14906.7,38
2026-08-11T17:45:00+00:00,14906.7,14907.68,14904.68,14905.69,49
2026-08-11T17:50:00+00:00,14905.69,14907.7,14905.19,14906.19,44
2026-08-11T17:55:00+00:00,14906.19,14907.68,14905.68,14906.69,29
2026-08-11T18:00:00+00:00,14906.69,14906.7,14904.69,14905.7,45
2026-08-11T18:05:00+00:00,14905.7,14906.69,14903.69,14904.7,41
2026-08-11T18:10:00+00:00,14904.7,14906.7,14904.68,14905.68,25
2026-08-11T18:15:00+00:00,14905.68,14907.7,14904.68,14905.7,49
2026-08-11T18:20:00+00:00,14905.7,14906.2,14902.18,14906.2,50
2026-08-11T18:25:00+00:00,14906.2,14908.68,14897.68,14898.7,78
2026-08-11T18:30:00+00:00,14898.7,14902.69,14898.7,14902.69,58
2026-08-11T18:35:00+00:00,14902.69,14902.69,14899.68,14900.7,45
2026-08-11T18:40:00+00:00,14900.7,14900.7,14897.68,14899.19,57
2026-08-11T18:45:00+00:00,14899.19,14905.68,14899.19,14905.68,44
2026-08-11T18:50:00+00:00,14905.68,14905.68,14903.18,14903.7,40
2026-08-11T18:55:00+00:00,14903.7,14904.7,14901.19,14901.19,40
2026-08-11T19:00:00+00:00,14901.19,14903.7,14899.69,14902.69,37
2026-08-11T19:05:00+00:00,14902.69,14903.2,14900.69,14902.68,31
2026-08-11T19:10:00+00:00,14902.68,14905.7,14902.68,14905.7,25
2026-08-11T19:15:00+00:00,14905.7,14905.7,14903.68,14904.68,34
2026-08-11T19:20:00+00:00,14904.68,14905.69,14901.7,14901.7,29
2026-08-11T19:25:00+00:00,14901.7,14904.7,14900.69,14904.69,57
2026-08-11T19:30:00+00:00,14904.69,14905.7,14903.68,14905.18,58
2026-08-11T19:35:00+00:00,14905.18,14905.7,14903.68,14904.18,37
2026-08-11T19:40:00+00:00,14904.18,14905.7,14903.68,14904.18,27.031836734693876
2026-08-11T19:45:00+00:00,14904.18,14905.7,14903.68,14904.7,52
2026-08-11T19:50:00+00:00,14904.7,14909.7,14904.18,14909.2,71
2026-08-11T19:55:00+00:00,14909.2,14909.2,14906.68,14909.2,79
2026-08-11T20:00:00+00:00,14909.2,14911.7,14907.18,14907.18,33
2026-08-11T20:05:00+00:00,14907.18,14908.7,14906.68,14908.7,17.53102336825141
2026-08-11T20:10:00+00:00,14908.7,14911.7,14908.7,14911.68,13.589102908143996
2026-08-11T20:15:00+00:00,14911.68,14912.7,14911.68,14911.7,12
2026-08-11T20:20:00+00:00,14911.7,14912.69,14911.69,14912.69,12.265980332507093
2026-08-11T20:25:00+00:00,14912.69,14915.18,14912.68,14915.18,13
2026-08-11T20:30:00+00:00,14915.18,14915.7,14914.68,14914.69,8
2026-08-11T20:35:00+00:00,14914.69,14915.7,14914.69,14915.7,7
2026-08-11T20:40:00+00:00,14915.7,14915.7,14914.68,14914.68,8.698499555379566
2026-08-12T01:00:00+00:00,14914.68,14925,14913.68,14917,167.08005427408412
2026-08-12T01:05:00+00:00,14917,14923,14909.99,14919,177
2026-08-12T01:10:00+00:00,14919,14921.5,14908,14911.5,130
2026-08-12T01:15:00+00:00,14911.5,14918.480000000001,14888.980000000001,14916.49,668
2026-08-12T01:20:00+00:00,14916.49,14916.980000000001,14903.99,14908.49,420
2026-08-12T01:25:00+00:00,14908.49,14932,14907.49,14922.49,741
2026-08-12T01:30:00+00:00,14922.49,14951,14878.980000000001,14943.480000000001,5090
2026-08-12T01:35:00+00:00,14943.480000000001,14961.49,14934.480000000001,14944,2530
2026-08-12T01:40:00+00:00,14944,14948,14925,14945,1963
2026-08-12T01:45:00+00:00,14945,14969.99,14933,14960.980000000001,2001
2026-08-12T01:50:00+00:00,14960.980000000001,14966,14943.5,14955.49,1564
2026-08-12T01:55:00+00:00,14955.49,14976,14950.980000000001,14971.49,1813
2026-08-12T02:00:00+00:00,14971.49,14972.5,14935.980000000001,14949.5,1603
2026-08-12T02:05:00+00:00,14949.5,14956,14937.980000000001,14940.99,1338
2026-08-12T02:10:00+00:00,14940.99,14947.49,14926.980000000001,14943.480000000001,1405
2026-08-12T02:15:00+00:00,14943.480000000001,14962,14938.99,14947.480000000001,1332
2026-08-12T02:20:00+00:00,14947.480000000001,14955.99,14941.99,14951.5,1162
2026-08-12T02:25:00+00:00,14951.5,14967.49,14945.980000000001,14951.5,1221
2026-08-12T02:30:00+00:00,14951.5,14968,14949.980000000001,14965.49,1153
2026-08-12T02:35:00+00:00,14965.49,14969,14946.980000000001,14964.49,1209
2026-08-12T02:40:00+00:00,14964.49,14983.99,14962.99,14981.99,933
2026-08-12T02:45:00+00:00,14981.99,14995,14980.980000000001,14991.49,1136
2026-08-12T02:50:00+00:00,14991.49,14993,14972,14972.99,1018
2026-08-12T02:55:00+00:00,14972.99,14984.99,14957.99,14961.49,930
2026-08-12T03:00:00+00:00,14961.49,14985.980000000001,14961.49,14979.980000000001,958
2026-08-12T03:05:00+00:00,14979.980000000001,14998,14976.5,14996,1023
2026-08-12T03:10:00+00:00,14996,15003.99,14979.480000000001,14986.49,1035
2026-08-12T03:15:00+00:00,14986.49,14994,14966.99,14974.99,947
2026-08-12T03:20:00+00:00,14974.99,14985,14964.99,14979.49,1014
2026-08-12T03:25:00+00:00,14979.49,14999.49,14977.980000000001,14994.980000000001,1028
2026-08-12T03:30:00+00:00,14994.980000000001,15005.49,14992.99,15003.99,329
2026-08-12T03:35:00+00:00,15003.99,15019,15003.99,15011,299
2026-08-12T03:40:00+00:00,15011,15015,15004.480000000001,15005.5,277
2026-08-12T03:45:00+00:00,15005.5,15005.5,14993.980000000001,14996,147
2026-08-12T03:50:00+00:00,14996,14996.980000000001,14991,14991,98
2026-08-12T03:55:00+00:00,14991,14999.99,14991,14999.99,52
2026-08-12T04:00:00+00:00,14999.99,15008,14999.49,15006.49,85
2026-08-12T04:05:00+00:00,15006.49,15008.5,15004.980000000001,15008.5,51
2026-08-12T04:10:00+00:00,15008.5,15009,15006.980000000001,15007.980000000001,65
2026-08-12T04:15:00+00:00,15007.980000000001,15007.980000000001,15001.480000000001,15004.980000000001,44
2026-08-12T04:20:00+00:00,15004.980000000001,15005,15002.980000000001,15004.49,50
2026-08-12T04:25:00+00:00,15004.49,15005,14998.5,14998.5,76
2026-08-12T04:30:00+00:00,14998.5,14998.980000000001,14992.980000000001,14997,110
2026-08-12T04:35:00+00:00,14997,14999,14993.49,14993.99,45
2026-08-12T04:40:00+00:00,14993.99,14995,14989.49,14990.49,64
2026-08-12T04:45:00+00:00,14990.49,14994.99,14988.980000000001,14992.480000000001,54
2026-08-12T04:50:00+00:00,14992.480000000001,14993,14989.980000000001,14993,56
2026-08-12T04:55:00+00:00,14993,14996,14991.480000000001,14993.99,61
2026-08-12T05:00:00+00:00,14993.99,15020.99,14981.49,15003.480000000001,1622
2026-08-12T05:05:00+00:00,15003.480000000001,15006.99,14985.5,14993.99,1198
2026-08-12T05:10:00+00:00,14993.99,14995.99,14968.5,14970.480000000001,1142
2026-08-12T05:15:00+00:00,14970.480000000001,14981.49,14967,14975,1063
2026-08-12T05:20:00+00:00,14975,14975,14953.99,14954,1211
2026-08-12T05:25:00+00:00,14954,14965,14947.980000000001,14953.5,1042
2026-08-12T05:30:00+00:00,14953.5,14972,14950.980000000001,14960.980000000001,1032
2026-08-12T05:35:00+00:00,14960.980000000001,14981.5,14959.980000000001,14973,864
2026-08-12T05:40:00+00:00,14973,14977,14956.480000000001,14958.99,877
2026-08-12T05:45:00+00:00,14958.99,14981,14956.980000000001,14978.5,877
2026-08-12T05:50:00+00:00,14978.5,14988,14969.99,14987.5,773
2026-08-12T05:55:00+00:00,14987.5,14998,14984.980000000001,14990,802
2026-08-12T06:00:00+00:00,14990,14991,14973.980000000001,14985.980000000001,880
2026-08-12T06:05:00+00:00,14985.980000000001,14990.480000000001,14964.5,14966.980000000001,682
2026-08-12T06:10:00+00:00,14966.980000000001,14973.99,14962.480000000001,14972.5,671
2026-08-12T06:15:00+00:00,14972.5,14976,14967,14972.980000000001,515
2026-08-12T06:20:00+00:00,14972.980000000001,14988.5,14962.980000000001,14982.99,690
2026-08-12T06:25:00+00:00,14982.99,14994.99,14975.980000000001,14994.49,520
2026-08-12T06:30:00+00:00,14994.49,14997,14987.980000000001,14995.980000000001,565
2026-08-12T06:35:00+00:00,14995.980000000001,15003.99,14990.99,15000.99,405
2026-08-12T06:40:00+00:00,15000.99,15005,14994.480000000001,15004,657
2026-08-12T06:45:00+00:00,15004,15007,14984.980000000001,14988,735
2026-08-12T06:50:00+00:00,14988,14988.49,14973.99,14978.99,741
2026-08-12T06:55:00+00:00,14978.99,14984.980000000001,14974.99,14982,785
2026-08-12T07:00:00+00:00,14982,14984.49,14970.980000000001,14974.980000000001,306
2026-08-12T07:05:00+00:00,14974.980000000001,14978,14973.99,14976.49,93
2026-08-12T07:10:00+00:00,14976.49,14981.99,14975.980000000001,14979,85
2026-08-12T07:15:00+00:00,14979,14981.99,14977.980000000001,14980.5,71
2026-08-12T07:20:00+00:00,14980.5,14981.99,14977.980000000001,14977.980000000001,60
2026-08-12T07:25:00+00:00,14977.980000000001,14979.49,14976.99,14977.99,58
2026-08-12T07:30:00+00:00,14977.99,14979.99,14975.99,14976.49,102
2026-08-12T07:35:00+00:00,14976.49,14981,14976.49,14980.5,119
2026-08-12T07:40:00+00:00,14980.5,14982.49,14977,14982.480000000001,125
2026-08-12T07:45:00+00:00,14982.480000000001,14983,14978.980000000001,14979.49,77
2026-08-12T07:50:00+00:00,14979.49,14982.99,14975.980000000001,14975.980000000001,167
2026-08-12T07:55:00+00:00,14975.980000000001,14980.49,14974.99,14980.49,149
2026-08-12T08:00:00+00:00,14980.49,14989,14977.99,14987.480000000001,405
2026-08-12T08:05:00+00:00,14987.480000000001,14990.980000000001,14982.99,14985.49,128
2026-08-12T08:10:00+00:00,14985.49,14988,14984.980000000001,14986.5,121
2026-08-12T08:15:00+00:00,14986.5,14986.99,14984.980000000001,14985.480000000001,89
2026-08-12T08:20:00+00:00,14985.480000000001,14986,14982.980000000001,14983.99,71
2026-08-12T08:25:00+00:00,14983.99,14987,14981.980000000001,14986.99,121
2026-08-12T09:00:00+00:00,14986.99,14993.999999999998,14979.99,14990.999999999998,136
2026-08-12T09:05:00+00:00,14990.999999999998,14991.509999999998,14986.99,14987.999999999998,28
2026-08-12T09:10:00+00:00,14987.999999999998,14990.009999999998,14986.999999999998,14987.999999999998,42
2026-08-12T09:15:00+00:00,14987.999999999998,14988.009999999998,14986.99,14987.49,34.99415631848065
2026-08-12T09:20:00+00:00,14987.49,15002.009999999998,14986.99,15001.999999999998,156
2026-08-12T09:25:00+00:00,15001.999999999998,15001.999999999998,14989.99,14990.509999999998,95
2026-08-12T09:30:00+00:00,14990.509999999998,14993.009999999998,14989.99,14992.49,63
2026-08-12T09:35:00+00:00,14992.49,14995.49,14989.99,14993.999999999998,42
2026-08-12T09:40:00+00:00,14993.999999999998,14993.999999999998,14990.999999999998,14991.509999999998,32
2026-08-12T09:45:00+00:00,14991.509999999998,14993.009999999998,14988.999999999998,14993.009999999998,35
2026-08-12T09:50:00+00:00,14993.009999999998,14998.499999999998,14988.99,14989.009999999998,100
2026-08-12T09:55:00+00:00,14989.009999999998,14992.009999999998,14987.99,14990.499999999998,64
2026-08-12T10:00:00+00:00,14990.499999999998,14992.999999999998,14989.999999999998,14990.509999999998,41
2026-08-12T10:05:00+00:00,14990.509999999998,14995.009999999998,14990.509999999998,14994.49,23.07067052580801
2026-08-12T10:10:00+00:00,14994.49,14995.99,14994.009999999998,14995.009999999998,19.365746620980175
2026-08-12T10:15:00+00:00,14995.009999999998,14996.49,14994.49,14996.49,18
2026-08-12T10:20:00+00:00,14996.49,14998.009999999998,14996.49,14997.99,18.16318114874816
2026-08-12T10:25:00+00:00,14997.99,14997.99,14994.999999999998,14994.999999999998,25.30852074754514
2026-08-12T10:30:00+00:00,14994.999999999998,14994.999999999998,14993.009999999998,14994.009999999998,29.63663368359961
2026-08-12T10:35:00+00:00,14994.009999999998,14994.009999999998,14992.99,14993.499999999998,11.368081880212282
2026-08-12T10:40:00+00:00,14993.499999999998,14995.49,14993.499999999998,14995.009999999998,11
2026-08-12T10:45:00+00:00,14995.009999999998,14996.009999999998,14983.99,14993.009999999998,169.50435624394967
2026-08-12T10:50:00+00:00,14993.009999999998,14995.009999999998,14989.49,14994.999999999998,74
2026-08-12T10:55:00+00:00,14994.999999999998,14999.009999999998,14994.99,14999.009999999998,23.241770102536428
2026-08-12T11:00:00+00:00,14999.009999999998,15000.99,14996.99,14998.499999999998,23
2026-08-12T11:05:00+00:00,14998.499999999998,15001.009999999998,14997.49,14999.999999999998,50
2026-08-12T11:10:00+00:00,14999.999999999998,15000.509999999998,14997.499999999998,14998.009999999998,21
2026-08-12T11:15:00+00:00,14998.009999999998,14998.009999999998,14996.49,14997.99,33.61516694963215
2026-08-12T11:20:00+00:00,14997.99,15001.999999999998,14996.999999999998,15001.009999999998,61
2026-08-12T11:25:00+00:00,15001.009999999998,15003.49,14999.99,15003.009999999998,31
2026-08-12T11:30:00+00:00,15003.009999999998,15005.009999999998,15001.99,15003.49,39.853932584269664
2026-08-12T11:35:00+00:00,15003.49,15003.49,15000.009999999998,15002.499999999998,32
2026-08-12T11:40:00+00:00,15002.499999999998,15006.009999999998,15002.499999999998,15004.99,23.870828182941903
2026-08-12T11:45:00+00:00,15004.99,15005.009999999998,15003.99,15004.509999999998,22
2026-08-12T11:50:00+00:00,15004.509999999998,15006.999999999998,15003.99,15003.999999999998,39
2026-08-12T11:55:00+00:00,15003.999999999998,15007.009999999998,15003.999999999998,15005.009999999998,45
2026-08-12T12:00:00+00:00,15005.009999999998,15006.99,15003.99,15003.999999999998,52
2026-08-12T12:05:00+00:00,15003.999999999998,15004.999999999998,15002.99,15004.999999999998,23.91167192429022
2026-08-12T12:10:00+00:00,15004.999999999998,15006.999999999998,15003.99,15006.509999999998,44
2026-08-12T12:15:00+00:00,15006.509999999998,15008.009999999998,15005.999999999998,15007.009999999998,37.53064516129032
2026-08-12T12:20:00+00:00,15007.009999999998,15009.009999999998,15005.99,15009.009999999998,28
2026-08-12T12:25:00+00:00,15009.009999999998,15027.49,15007.99,15027.49,56
2026-08-12T12:30:00+00:00,15027.49,15027.49,14999.499999999998,15020.499999999998,1094
2026-08-12T12:35:00+00:00,15020.499999999998,15023.99,15015.99,15023.49,231
2026-08-12T12:40:00+00:00,15023.49,15026.009999999998,15020.99,15020.99,176
2026-08-12T12:45:00+00:00,15020.99,15022.99,15017.99,15020.509999999998,130
2026-08-12T12:50:00+00:00,15020.509999999998,15026.009999999998,15018.99,15024.009999999998,108
2026-08-12T12:55:00+00:00,15024.009999999998,15034.009999999998,15023.99,15033.509999999998,108
2026-08-12T13:00:00+00:00,15033.509999999998,15035.009999999998,15030.99,15031.99,131
2026-08-12T13:05:00+00:00,15031.99,15036.009999999998,15031.49,15033.009999999998,93
2026-08-12T13:10:00+00:00,15033.009999999998,15033.009999999998,15027.999999999998,15031.009999999998,74
2026-08-12T13:15:00+00:00,15031.009999999998,15032.99,15025.499999999998,15031.009999999998,87
2026-08-12T13:20:00+00:00,15031.009999999998,15031.99,15028.499999999998,15028.499999999998,45
2026-08-12T13:25:00+00:00,15028.499999999998,15033.009999999998,15027.99,15033.009999999998,89
2026-08-12T13:30:00+00:00,15033.009999999998,15038.009999999998,15024.99,15024.99,439
2026-08-12T13:35:00+00:00,15024.99,15028.009999999998,15015.99,15017.99,292
2026-08-12T13:40:00+00:00,15017.99,15023.009999999998,15013.999999999998,15023.009999999998,165
2026-08-12T13:45:00+00:00,15023.009999999998,15031.999999999998,15020.99,15028.499999999998,178
2026-08-12T13:50:00+00:00,15028.499999999998,15031.999999999998,15025.99,15026.509999999998,199
2026-08-12T13:55:00+00:00,15026.509999999998,15027.499999999998,15022.99,15023.999999999998,146
2026-08-12T14:00:00+00:00,15023.999999999998,15028.49,15022.99,15026.99,152
2026-08-12T14:05:00+00:00,15026.99,15030.009999999998,15026.99,15029.009999999998,96
2026-08-12T14:10:00+00:00,15029.009999999998,15030.49,15024.009999999998,15024.99,92
2026-08-12T14:15:00+00:00,15024.99,15033.99,15023.99,15032.99,74
2026-08-12T14:20:00+00:00,15032.99,15033.99,15030.509999999998,15033.49,74
2026-08-12T14:25:00+00:00,15033.49,15036.009999999998,15028.99,15030.499999999998,93
2026-08-12T14:30:00+00:00,15030.499999999998,15035.009999999998,15021.99,15028.499999999998,373
2026-08-12T14:35:00+00:00,15028.499999999998,15030.009999999998,15026.499999999998,15030.009999999998,126
2026-08-12T14:40:00+00:00,15030.009999999998,15030.999999999998,15026.009999999998,15030.999999999998,94
2026-08-12T14:45:00+00:00,15030.999999999998,15032.009999999998,15026.99,15028.509999999998,110
2026-08-12T14:50:00+00:00,15028.509999999998,15028.999999999998,15022.49,15023.009999999998,134
2026-08-12T14:55:00+00:00,15023.009999999998,15025.009999999998,15020.009999999998,15023.99,97
2026-08-12T15:00:00+00:00,15023.99,15027.009999999998,15021.009999999998,15023.499999999998,84
2026-08-12T15:05:00+00:00,15023.499999999998,15030.009999999998,15022.999999999998,15029.99,90
2026-08-12T15:10:00+00:00,15029.99,15033.009999999998,15028.009999999998,15031.99,75
2026-08-12T15:15:00+00:00,15031.99,15032.009999999998,15028.99,15029.009999999998,61
2026-08-12T15:20:00+00:00,15029.009999999998,15029.009999999998,15025.49,15026.99,73
2026-08-12T15:25:00+00:00,15026.99,15028.009999999998,15022.99,15026.999999999998,118
2026-08-12T15:30:00+00:00,15026.999999999998,15028.009999999998,15023.009999999998,15026.009999999998,116
2026-08-12T15:35:00+00:00,15026.009999999998,15028.999999999998,15025.99,15026.499999999998,85
2026-08-12T15:40:00+00:00,15026.499999999998,15026.999999999998,15023.99,15024.009999999998,51
2026-08-12T15:45:00+00:00,15024.009999999998,15024.999999999998,15021.99,15023.509999999998,62
2026-08-12T15:50:00+00:00,15023.509999999998,15026.509999999998,15022.99,15025.499999999998,58
2026-08-12T15:55:00+00:00,15025.499999999998,15028.009999999998,15024.999999999998,15027.509999999998,43
2026-08-12T16:00:00+00:00,15027.509999999998,15033.009999999998,15026.99,15029.999999999998,65
2026-08-12T16:05:00+00:00,15029.999999999998,15031.009999999998,15027.999999999998,15029.99,64.46038700255568
2026-08-12T16:10:00+00:00,15029.99,15032.009999999998,15028.99,15031.509999999998,42
2026-08-12T16:15:00+00:00,15031.509999999998,15032.009999999998,15029.99,15029.999999999998,34
2026-08-12T16:20:00+00:00,15029.999999999998,15032.009999999998,15029.99,15032.009999999998,55
2026-08-12T16:25:00+00:00,15032.009999999998,15032.009999999998,15028.009999999998,15028.009999999998,42
2026-08-12T16:30:00+00:00,15028.009999999998,15028.509999999998,15024.99,15025.99,66
2026-08-12T16:35:00+00:00,15025.99,15029.009999999998,15025.49,15028.999999999998,24.724882260596548
2026-08-12T16:40:00+00:00,15028.999999999998,15031.009999999998,15028.999999999998,15030.009999999998,41
2026-08-12T16:45:00+00:00,15030.009999999998,15031.009999999998,15028.499999999998,15028.999999999998,52
2026-08-12T16:50:00+00:00,15028.999999999998,15032.009999999998,15028.499999999998,15030.999999999998,41
2026-08-12T16:55:00+00:00,15030.999999999998,15031.009999999998,15029.99,15030.509999999998,42
2026-08-12T17:00:00+00:00,15030.509999999998,15032.999999999998,15029.99,15032.999999999998,42
2026-08-12T17:05:00+00:00,15032.999999999998,15034.999999999998,15031.99,15032.99,31
2026-08-12T17:10:00+00:00,15032.99,15033.509999999998,15030.99,15032.009999999998,28
2026-08-12T17:15:00+00:00,15032.009999999998,15032.99,15030.99,15031.009999999998,20.694620253164558
2026-08-12T17:20:00+00:00,15031.009999999998,15033.009999999998,15031.009999999998,15031.99,24
2026-08-12T17:25:00+00:00,15031.99,15033.999999999998,15031.99,15032.509999999998,27.688377316114543
2026-08-12T17:30:00+00:00,15032.509999999998,15035.009999999998,15032.509999999998,15033.99,25
2026-08-12T17:35:00+00:00,15033.99,15035.009999999998,15033.99,15034.99,27
2026-08-12T17:40:00+00:00,15034.99,15035.509999999998,15033.009999999998,15034.999999999998,41
2026-08-12T17:45:00+00:00,15034.999999999998,15035.499999999998,15033.99,15033.999999999998,14.690149253731343
2026-08-12T17:50:00+00:00,15033.999999999998,15035.009999999998,15032.99,15032.999999999998,44
2026-08-12T17:55:00+00:00,15032.999999999998,15034.999999999998,15032.99,15033.999999999998,34.6673373574782
2026-08-12T18:00:00+00:00,15033.999999999998,15035.009999999998,15031.99,15032.999999999998,55
2026-08-12T18:05:00+00:00,15032.999999999998,15034.009999999998,15032.99,15033.49,20
2026-08-12T18:10:00+00:00,15033.49,15035.009999999998,15032.999999999998,15032.999999999998,36.372460496613996
2026-08-12T18:15:00+00:00,15032.999999999998,15034.009999999998,15030.99,15031.99,31
2026-08-12T18:20:00+00:00,15031.99,15033.009999999998,15030.99,15033.009999999998,32
2026-08-12T18:25:00+00:00,15033.009999999998,15034.009999999998,15031.99,15032.499999999998,39
2026-08-12T18:30:00+00:00,15032.499999999998,15034.99,15032.499999999998,15034.009999999998,31
2026-08-12T18:35:00+00:00,15034.009999999998,15034.49,15033.009999999998,15034.009999999998,14.296691015562711
2026-08-12T18:40:00+00:00,15034.009999999998,15035.009999999998,15032.99,15035.009999999998,37
2026-08-12T18:45:00+00:00,15035.009999999998,15035.009999999998,15032.99,15034.009999999998,28
2026-08-12T18:50:00+00:00,15034.009999999998,15035.009999999998,15032.99,15032.999999999998,16
2026-08-12T18:55:00+00:00,15032.999999999998,15032.999999999998,15030.509999999998,15030.509999999998,29.24514338575393
2026-08-12T19:00:00+00:00,15030.509999999998,15033.509999999998,15030.509999999998,15033.49,22
2026-08-12T19:05:00+00:00,15033.49,15034.009999999998,15029.99,15029.99,33
2026-08-12T19:10:00+00:00,15029.99,15032.49,15029.99,15031.509999999998,36
2026-08-12T19:15:00+00:00,15031.509999999998,15032.009999999998,15030.999999999998,15031.99,11.525150905432596
2026-08-12T19:20:00+00:00,15031.99,15032.009999999998,15030.499999999998,15030.999999999998,12.512953367875648
2026-08-12T19:25:00+00:00,15030.999999999998,15031.509999999998,15029.49,15030.009999999998,15.011764705882353
2026-08-12T19:30:00+00:00,15030.009999999998,15030.009999999998,15026.999999999998,15026.999999999998,47
2026-08-12T19:35:00+00:00,15026.999999999998,15028.509999999998,15025.509999999998,15026.009999999998,27
2026-08-12T19:40:00+00:00,15026.009999999998,15026.009999999998,15022.99,15026.009999999998,38
2026-08-12T19:45:00+00:00,15026.009999999998,15028.999999999998,15024.49,15028.999999999998,25
2026-08-12T19:50:00+00:00,15028.999999999998,15031.009999999998,15027.99,15029.509999999998,64
2026-08-12T19:55:00+00:00,15029.509999999998,15029.999999999998,15026.99,15027.99,160
2026-08-12T20:00:00+00:00,15027.99,15034.499999999998,15027.509999999998,15033.99,37
2026-08-12T20:05:00+00:00,15033.99,15036.009999999998,15033.99,15035.99,56
2026-08-12T20:10:00+00:00,15035.99,15035.99,15031.49,15031.99,30
2026-08-12T20:15:00+00:00,15031.99,15031.999999999998,15030.999999999998,15030.999999999998,15.982564102564101
2026-08-12T20:20:00+00:00,15030.999999999998,15030.999999999998,15028.99,15028.99,19.47907949790795
2026-08-12T20:25:00+00:00,15028.99,15029.999999999998,15028.99,15029.99,15.408652442746066
2026-08-12T20:30:00+00:00,15029.99,15030.999999999998,15028.999999999998,15030.509999999998,14
2026-08-12T20:35:00+00:00,15030.509999999998,15030.509999999998,15029.999999999998,15030.49,10.401654988014014
2026-08-12T20:40:00+00:00,15030.49,15033.509999999998,15029.999999999998,15033.509999999998,11.459105779716467
2026-08-13T01:00:00+00:00,15033.509999999998,15033.509999999998,15019.71,15025.699999999999,137.47103274559194
2026-08-13T01:05:00+00:00,15025.699999999999,15025.72,15014.71,15024.699999999999,175
2026-08-13T01:10:00+00:00,15024.699999999999,15027.699999999999,15021.699999999999,15027.699999999999,120
2026-08-13T01:15:00+00:00,15027.699999999999,15047.72,15026.699999999999,15043.22,537
2026-08-13T01:20:00+00:00,15043.22,15043.71,15033.72,15035.699999999999,242
2026-08-13T01:25:00+00:00,15035.699999999999,15057.71,15035.699999999999,15047.699999999999,703
2026-08-13T01:30:00+00:00,15047.699999999999,15099.72,15033.199999999999,15076.21,5228
2026-08-13T01:35:00+00:00,15076.21,15105.72,15072.699999999999,15094.21,2878
2026-08-13T01:40:00+00:00,15094.21,15128.22,15083.199999999999,15103.21,2112
2026-08-13T01:45:00+00:00,15103.21,15121.699999999999,15080.199999999999,15081.199999999999,2029
2026-08-13T01:50:00+00:00,15081.199999999999,15104.72,15079.699999999999,15091.699999999999,2162
2026-08-13T01:55:00+00:00,15091.699999999999,15116.21,15076.699999999999,15095.199999999999,2362
2026-08-13T02:00:00+00:00,15095.199999999999,15118.22,15094.699999999999,15101.71,1662
2026-08-13T02:05:00+00:00,15101.71,15124.72,15087.21,15116.72,1319
2026-08-13T02:10:00+00:00,15116.72,15136.72,15109.699999999999,15120.72,1356
2026-08-13T02:15:00+00:00,15120.72,15125.71,15106.699999999999,15121.72,1219
2026-08-13T02:20:00+00:00,15121.72,15140.72,15117.21,15128.22,1014
2026-08-13T02:25:00+00:00,15128.22,15129.72,15106.72,15108.22,1222
2026-08-13T02:30:00+00:00,15108.22,15125.699999999999,15099.699999999999,15108.699999999999,1376
2026-08-13T02:35:00+00:00,15108.699999999999,15109.71,15089.699999999999,15107.72,1356
2026-08-13T02:40:00+00:00,15107.72,15123.699999999999,15101.699999999999,15113.699999999999,1294
2026-08-13T02:45:00+00:00,15113.699999999999,15116.22,15096.699999999999,15106.71,999
2026-08-13T02:50:00+00:00,15106.71,15113.72,15091.72,15098.699999999999,926
2026-08-13T02:55:00+00:00,15098.699999999999,15112.199999999999,15094.22,15104.22,854
2026-08-13T03:00:00+00:00,15104.22,15121.21,15102.699999999999,15112.23,738.1093738530426
2026-08-13T03:05:00+00:00,15112.23,15115.22,15093.22,15093.73,796
2026-08-13T03:10:00+00:00,15093.73,15103.22,15088.21,15088.22,743
2026-08-13T03:15:00+00:00,15088.22,15100.23,15083.21,15097.21,834
2026-08-13T03:20:00+00:00,15097.21,15104.71,15089.21,15101.23,856
2026-08-13T03:25:00+00:00,15101.23,15106.22,15092.21,15105.21,702
2026-08-13T03:30:00+00:00,15105.21,15115.23,15101.73,15103.71,205
2026-08-13T03:35:00+00:00,15103.71,15107.23,15103.21,15106.23,93
2026-08-13T03:40:00+00:00,15106.23,15112.23,15106.22,15112.23,118
2026-08-13T03:45:00+00:00,15112.23,15114.22,15107.21,15107.72,98
2026-08-13T03:50:00+00:00,15107.72,15110.23,15106.21,15106.22,74
2026-08-13T03:55:00+00:00,15106.22,15111.21,15106.22,15110.71,64
2026-08-13T04:00:00+00:00,15110.71,15112.23,15109.71,15111.21,57
2026-08-13T04:05:00+00:00,15111.21,15118.22,15111.21,15116.22,42
2026-08-13T04:10:00+00:00,15116.22,15119.23,15115.22,15115.72,61
2026-08-13T04:15:00+00:00,15115.72,15119.73,15115.71,15116.21,59
2026-08-13T04:20:00+00:00,15116.21,15116.73,15109.21,15111.73,59
2026-08-13T04:25:00+00:00,15111.73,15113.23,15110.21,15110.21,41
2026-08-13T04:30:00+00:00,15110.21,15111.72,15108.22,15110.21,96
2026-08-13T04:35:00+00:00,15110.21,15112.73,15109.23,15110.23,78
2026-08-13T04:40:00+00:00,15110.23,15111.23,15109.21,15109.22,37
2026-08-13T04:45:00+00:00,15109.22,15111.73,15108.21,15111.21,56
2026-08-13T04:50:00+00:00,15111.21,15115.23,15110.23,15115.22,66
2026-08-13T04:55:00+00:00,15115.22,15116.23,15109.71,15109.71,77
2026-08-13T05:00:00+00:00,15109.71,15120.22,15096.22,15101.71,1151
2026-08-13T05:05:00+00:00,15101.71,15129.23,15101.21,15128.73,737
2026-08-13T05:10:00+00:00,15128.73,15131.22,15117.21,15123.72,723
2026-08-13T05:15:00+00:00,15123.72,15125.73,15107.23,15118.73,809
2026-08-13T05:20:00+00:00,15118.73,15132.23,15117.22,15126.22,770
2026-08-13T05:25:00+00:00,15126.22,15145.21,15119.21,15141.73,816
2026-08-13T05:30:00+00:00,15141.73,15151.22,15131.21,15131.23,788
2026-08-13T05:35:00+00:00,15131.23,15132.21,15119.21,15124.21,890
2026-08-13T05:40:00+00:00,15124.21,15133.71,15105.21,15109.71,677
2026-08-13T05:45:00+00:00,15109.71,15118.23,15083.71,15086.21,790
2026-08-13T05:50:00+00:00,15086.21,15093.23,15071.21,15075.73,991
2026-08-13T05:55:00+00:00,15075.73,15085.23,15060.22,15063.22,895
2026-08-13T06:00:00+00:00,15063.22,15080.72,15056.71,15075.22,1222
2026-08-13T06:05:00+00:00,15075.22,15089.23,15070.21,15078.21,767
2026-08-13T06:10:00+00:00,15078.21,15082.22,15070.21,15074.71,670
2026-08-13T06:15:00+00:00,15074.71,15078.23,15056.22,15057.21,753
2026-08-13T06:20:00+00:00,15057.21,15060.23,15041.21,15059.72,750
2026-08-13T06:25:00+00:00,15059.72,15060.23,15043.23,15056.23,559
2026-08-13T06:30:00+00:00,15056.23,15059.22,15023.21,15023.73,862
2026-08-13T06:35:00+00:00,15023.73,15027.21,14993.21,14999.21,1418
2026-08-13T06:40:00+00:00,14999.21,15001.23,14979.73,14999.23,1340
2026-08-13T06:45:00+00:00,14999.23,15016.73,14988.21,14993.22,1368
2026-08-13T06:50:00+00:00,14993.22,15002.23,14978.23,14981.21,1415
2026-08-13T06:55:00+00:00,14981.21,14984.22,14970.23,14975.22,1005
2026-08-13T07:00:00+00:00,14975.22,14981.22,14959.72,14973.71,418
2026-08-13T07:05:00+00:00,14973.71,14981.23,14973.71,14978.71,149
2026-08-13T07:10:00+00:00,14978.71,14981.22,14975.21,14977.23,116
2026-08-13T07:15:00+00:00,14977.23,14981.22,14971.72,14977.23,126
2026-08-13T07:20:00+00:00,14977.23,14984.23,14977.21,14984.22,93
2026-08-13T07:25:00+00:00,14984.22,14985.23,14982.21,14984.22,118
2026-08-13T07:30:00+00:00,14984.22,14984.23,14979.21,14979.72,169
2026-08-13T07:35:00+00:00,14979.72,14985.22,14978.21,14984.71,161
2026-08-13T07:40:00+00:00,14984.71,14990.23,14984.71,14987.21,97
2026-08-13T07:45:00+00:00,14987.21,14989.71,14985.21,14988.72,157
2026-08-13T07:50:00+00:00,14988.72,14992.73,14988.21,14990.23,95
2026-08-13T07:55:00+00:00,14990.23,14990.73,14987.21,14989.23,131
2026-08-13T08:00:00+00:00,14989.23,14992.23,14985.21,14988.72,189
2026-08-13T08:05:00+00:00,14988.72,14995.21,14988.21,14993.73,124
2026-08-13T08:10:00+00:00,14993.73,14994.23,14990.21,14990.21,102
2026-08-13T08:15:00+00:00,14990.21,14992.71,14986.21,14987.22,80
2026-08-13T08:20:00+00:00,14987.22,14993.23,14986.21,14990.73,114
2026-08-13T08:25:00+00:00,14990.73,14992.22,14987.23,14990.73,118
2026-08-13T09:00:00+00:00,14990.73,14990.73,14977.71,14978.72,250
2026-08-13T09:05:00+00:00,14978.72,14979.23,14975.71,14976.21,43
2026-08-13T09:10:00+00:00,14976.21,14980.23,14976.21,14979.23,40
2026-08-13T09:15:00+00:00,14979.23,14982.23,14978.21,14981.21,47
2026-08-13T09:20:00+00:00,14981.21,14985.73,14981.21,14985.21,34
2026-08-13T09:25:00+00:00,14985.21,14986.23,14984.21,14985.72,28
2026-08-13T09:30:00+00:00,14985.72,14988.23,14983.21,14987.21,46
2026-08-13T09:35:00+00:00,14987.21,14988.23,14984.21,14986.21,43
2026-08-13T09:40:00+00:00,14986.21,14986.21,14982.21,14984.21,29
2026-08-13T09:45:00+00:00,14984.21,14984.23,14982.22,14983.21,25
2026-08-13T09:50:00+00:00,14983.21,14985.23,14983.21,14985.21,28
2026-08-13T09:55:00+00:00,14985.21,14991.23,14985.21,14990.22,30
2026-08-13T10:00:00+00:00,14990.22,14991.23,14987.71,14989.71,52
2026-08-13T10:05:00+00:00,14989.71,14991.23,14989.21,14990.22,23
2026-08-13T10:10:00+00:00,14990.22,14993.23,14989.22,14991.73,49
2026-08-13T10:15:00+00:00,14991.73,14995.21,14991.71,14993.71,25
2026-08-13T10:20:00+00:00,14993.71,14994.23,14992.21,14992.23,35
2026-08-13T10:25:00+00:00,14992.23,14995.22,14991.21,14993.21,57
2026-08-13T10:30:00+00:00,14993.21,14995.23,14992.21,14993.23,30
2026-08-13T10:35:00+00:00,14993.23,14996.23,14993.21,14994.72,46
2026-08-13T10:40:00+00:00,14994.72,14995.23,14993.21,14994.21,49
2026-08-13T10:45:00+00:00,14994.21,14994.21,14991.21,14991.22,33
2026-08-13T10:50:00+00:00,14991.22,14994.23,14990.21,14991.22,38
2026-08-13T10:55:00+00:00,14991.22,14993.21,14990.21,14991.73,41
2026-08-13T11:00:00+00:00,14991.73,14994.23,14991.22,14991.73,52
2026-08-13T11:05:00+00:00,14991.73,14996.23,14991.73,14996.21,23.3898916967509
2026-08-13T11:10:00+00:00,14996.21,14996.23,14994.72,14995.72,34
2026-08-13T11:15:00+00:00,14995.72,14995.73,14993.21,14995.73,27
2026-08-13T11:20:00+00:00,14995.73,14995.73,14994.22,14994.73,18
2026-08-13T11:25:00+00:00,14994.73,14994.73,14986.21,14989.21,55
2026-08-13T11:30:00+00:00,14989.21,14992.23,14988.21,14992.21,40
2026-08-13T11:35:00+00:00,14992.21,14993.23,14991.23,14992.22,18
2026-08-13T11:40:00+00:00,14992.22,14994.23,14991.23,14994.21,16
2026-08-13T11:45:00+00:00,14994.21,14994.23,14993.21,14994.21,25
2026-08-13T11:50:00+00:00,14994.21,14994.22,14993.21,14993.23,25
2026-08-13T11:55:00+00:00,14993.23,14994.23,14992.71,14992.73,36
2026-08-13T12:00:00+00:00,14992.73,14992.73,14986.21,14989.71,65
2026-08-13T12:05:00+00:00,14989.71,14991.22,14989.21,14990.21,29
2026-08-13T12:10:00+00:00,14990.21,14991.23,14988.22,14989.71,40
2026-08-13T12:15:00+00:00,14989.71,14990.21,14984.73,14985.21,42
2026-08-13T12:20:00+00:00,14985.21,14989.23,14985.21,14988.21,30
2026-08-13T12:25:00+00:00,14988.21,14990.71,14987.71,14990.71,35
2026-08-13T12:30:00+00:00,14990.71,15003.22,14983.21,14988.72,284
2026-08-13T12:35:00+00:00,14988.72,14991.22,14987.22,14989.71,55
2026-08-13T12:40:00+00:00,14989.71,14993.73,14988.21,14992.71,80
2026-08-13T12:45:00+00:00,14992.71,14996.23,14991.71,14994.71,48
2026-08-13T12:50:00+00:00,14994.71,14995.23,14993.21,14994.23,43
2026-08-13T12:55:00+00:00,14994.23,14998.23,14992.23,14998.23,37
2026-08-13T13:00:00+00:00,14998.23,14998.23,14994.21,14994.73,60
2026-08-13T13:05:00+00:00,14994.73,14995.73,14993.21,14993.23,44
2026-08-13T13:10:00+00:00,14993.23,14993.73,14990.71,14993.73,38
2026-08-13T13:15:00+00:00,14993.73,14996.21,14993.22,14995.73,47
2026-08-13T13:20:00+00:00,14995.73,14995.73,14991.71,14991.72,40
2026-08-13T13:25:00+00:00,14991.72,14992.23,14990.21,14991.22,54
2026-08-13T13:30:00+00:00,14991.22,15000.23,14990.71,14996.23,314
2026-08-13T13:35:00+00:00,14996.23,15003.21,14991.71,15002.23,151
2026-08-13T13:40:00+00:00,15002.23,15003.23,14997.21,14998.72,152
2026-08-13T13:45:00+00:00,14998.72,15011.23,14998.22,15007.73,203
2026-08-13T13:50:00+00:00,15007.73,15010.23,15000.71,15006.22,157
2026-08-13T13:55:00+00:00,15006.22,15007.22,15001.21,15003.22,126
2026-08-13T14:00:00+00:00,15003.22,15007.23,15002.21,15003.71,196
2026-08-13T14:05:00+00:00,15003.71,15007.73,15003.21,15005.21,113
2026-08-13T14:10:00+00:00,15005.21,15008.23,15004.21,15006.73,117
2026-08-13T14:15:00+00:00,15006.73,15011.23,15004.21,15008.21,96
2026-08-13T14:20:00+00:00,15008.21,15014.23,15008.21,15014.21,53
2026-08-13T14:25:00+00:00,15014.21,15016.23,15013.21,15015.22,86
2026-08-13T14:30:00+00:00,15015.22,15017.23,15011.21,15015.23,84
2026-08-13T14:35:00+00:00,15015.23,15018.23,15011.22,15014.21,117
2026-08-13T14:40:00+00:00,15014.21,15018.23,15013.71,15017.21,80
2026-08-13T14:45:00+00:00,15017.21,15017.21,15010.71,15012.22,119
2026-08-13T14:50:00+00:00,15012.22,15014.23,15009.71,15014.22,111
2026-08-13T14:55:00+00:00,15014.22,15015.23,15012.22,15013.22,108
2026-08-13T15:00:00+00:00,15013.22,15015.22,15009.21,15010.21,97
2026-08-13T15:05:00+00:00,15010.21,15013.73,15006.21,15007.73,130
2026-08-13T15:10:00+00:00,15007.73,15008.22,15003.22,15003.71,83
2026-08-13T15:15:00+00:00,15003.71,15006.23,15002.21,15005.22,106
2026-08-13T15:20:00+00:00,15005.22,15010.23,15004.22,15009.21,79
2026-08-13T15:25:00+00:00,15009.21,15009.23,14999.21,15001.23,208
2026-08-13T15:30:00+00:00,15001.23,15004.23,14997.23,14998.22,162
2026-08-13T15:35:00+00:00,14998.22,15002.22,14997.22,15001.73,109
2026-08-13T15:40:00+00:00,15001.73,15005.71,15001.22,15001.71,60
2026-08-13T15:45:00+00:00,15001.71,15003.23,15000.21,15001.73,72
2026-08-13T15:50:00+00:00,15001.73,15002.22,14995.21,14997.23,102
2026-08-13T15:55:00+00:00,14997.23,14998.23,14993.21,14994.71,85
2026-08-13T16:00:00+00:00,14994.71,14998.21,14994.21,14997.21,77
2026-08-13T16:05:00+00:00,14997.21,15000.21,14996.21,15000.21,71
2026-08-13T16:10:00+00:00,15000.21,15000.23,14995.23,14995.23,37
2026-08-13T16:15:00+00:00,14995.23,14998.23,14995.23,14998.23,80
2026-08-13T16:20:00+00:00,14998.23,14998.23,14995.21,14997.22,54
2026-08-13T16:25:00+00:00,14997.22,15001.22,14997.22,15000.72,71
2026-08-13T16:30:00+00:00,15000.72,15002.23,15000.21,15000.21,54
2026-08-13T16:35:00+00:00,15000.21,15001.23,14999.21,14999.73,46
2026-08-13T16:40:00+00:00,14999.73,15001.23,14999.21,15000.73,41
2026-08-13T16:45:00+00:00,15000.73,15001.72,15000.21,15001.22,24
2026-08-13T16:50:00+00:00,15001.22,15001.73,14999.21,15000.22,34
2026-08-13T16:55:00+00:00,15000.22,15003.23,14999.21,15003.22,38
2026-08-13T17:00:00+00:00,15003.22,15006.23,15003.21,15004.23,51
2026-08-13T17:05:00+00:00,15004.23,15006.23,15004.21,15005.71,48
2026-08-13T17:10:00+00:00,15005.71,15006.23,15005.21,15005.22,19
2026-08-13T17:15:00+00:00,15005.22,15006.23,15004.71,15005.21,37
2026-08-13T17:20:00+00:00,15005.21,15005.23,15004.21,15005.22,30
2026-08-13T17:25:00+00:00,15005.22,15006.23,15001.22,15002.72,39.41558441558442
2026-08-13T17:30:00+00:00,15002.72,15002.72,15000.21,15002.72,41
2026-08-13T17:35:00+00:00,15002.72,15003.23,15001.21,15003.23,55.420717131474106
2026-08-13T17:40:00+00:00,15003.23,15004.21,15001.21,15001.22,21
2026-08-13T17:45:00+00:00,15001.22,15003.23,15001.21,15002.71,25
2026-08-13T17:50:00+00:00,15002.71,15004.23,15001.21,15002.71,57
2026-08-13T17:55:00+00:00,15002.71,15004.22,15001.22,15002.22,30
2026-08-13T18:00:00+00:00,15002.22,15004.21,15002.21,15002.23,39
2026-08-13T18:05:00+00:00,15002.23,15003.23,15001.21,15001.21,44
2026-08-13T18:10:00+00:00,15001.21,15002.23,15000.21,15000.22,40
2026-08-13T18:15:00+00:00,15000.22,15001.23,15000.21,15001.21,29
2026-08-13T18:20:00+00:00,15001.21,15001.21,14997.22,14998.21,27
2026-08-13T18:25:00+00:00,14998.21,14998.73,14996.21,14997.71,28
2026-08-13T18:30:00+00:00,14997.71,14999.23,14997.21,14997.23,30
2026-08-13T18:35:00+00:00,14997.23,14999.22,14996.21,14998.23,25.52173913043478
2026-08-13T18:40:00+00:00,14998.23,14999.22,14996.72,14997.22,33
2026-08-13T18:45:00+00:00,14997.22,14999.23,14996.72,14997.22,43
2026-08-13T18:50:00+00:00,14997.22,14999.23,14997.21,14999.23,35.22271714922049
2026-08-13T18:55:00+00:00,14999.23,15001.23,14998.21,15000.22,30
2026-08-13T19:00:00+00:00,15000.22,15001.23,14999.23,15000.22,17
2026-08-13T19:05:00+00:00,15000.22,15002.23,14999.21,14999.71,37
2026-08-13T19:10:00+00:00,14999.71,14999.71,14996.21,14997.22,27
2026-08-13T19:15:00+00:00,14997.22,14999.22,14996.21,14999.22,48
2026-08-13T19:20:00+00:00,14999.22,15001.23,14999.21,15000.71,19
2026-08-13T19:25:00+00:00,15000.71,15000.71,14998.21,14999.22,29
2026-08-13T19:30:00+00:00,14999.22,14999.22,14995.21,14996.22,40
2026-08-13T19:35:00+00:00,14996.22,14998.71,14996.21,14998.71,46
2026-08-13T19:40:00+00:00,14998.71,14998.71,14995.73,14995.73,25
2026-08-13T19:45:00+00:00,14995.73,14996.23,14994.22,14996.21,36
2026-08-13T19:50:00+00:00,14996.21,14996.22,14992.22,14993.23,58
2026-08-13T19:55:00+00:00,14993.23,14993.23,14990.21,14990.21,126
2026-08-13T20:00:00+00:00,14990.21,14994.22,14989.22,14994.21,41
2026-08-13T20:05:00+00:00,14994.21,14994.23,14993.21,14993.71,15.113714790733836
2026-08-13T20:10:00+00:00,14993.71,14995.22,14993.21,14994.21,12
2026-08-13T20:15:00+00:00,14994.21,14995.22,14994.21,14994.73,12
2026-08-13T20:20:00+00:00,14994.73,14995.22,14994.21,14995.21,11.175539568345323
2026-08-13T20:25:00+00:00,14995.21,14997.73,14995.21,14996.73,22.139737991266376
2026-08-13T20:30:00+00:00,14996.73,14997.22,14995.71,14995.71,18.281524926686217
2026-08-13T20:35:00+00:00,14995.71,14997.23,14995.71,14997.23,14.055474452554744
2026-08-13T20:40:00+00:00,14997.23,14997.23,14995.72,14996.21,9
2026-08-14T01:00:00+00:00,14996.21,15015.14,14996.21,15011.119999999999,139.15918712955124
2026-08-14T01:05:00+00:00,15011.119999999999,15013.13,15007.14,15007.619999999999,102
2026-08-14T01:10:00+00:00,15007.619999999999,15013.13,15007.119999999999,15011.119999999999,83
2026-08-14T01:15:00+00:00,15011.119999999999,15031.119999999999,15011.119999999999,15016.14,443
2026-08-14T01:20:00+00:00,15016.14,15021.13,15006.13,15006.619999999999,274
2026-08-14T01:25:00+00:00,15006.619999999999,15032.64,15003.119999999999,15023.64,692
2026-08-14T01:30:00+00:00,15023.64,15024.14,14921.119999999999,14934.13,4948
2026-08-14T01:35:00+00:00,14934.13,14982.64,14924.119999999999,14973.63,2703
2026-08-14T01:40:00+00:00,14973.63,14987.14,14947.13,14979.63,2408
2026-08-14T01:45:00+00:00,14979.63,14990.64,14969.13,14984.13,1994
2026-08-14T01:50:00+00:00,14984.13,14989.14,14964.13,14965.63,1747
2026-08-14T01:55:00+00:00,14965.63,14986.119999999999,14963.619999999999,14964.13,1772
2026-08-14T02:00:00+00:00,14964.13,14976.14,14954.619999999999,14954.619999999999,1275
2026-08-14T02:05:00+00:00,14954.619999999999,14957.14,14931.14,14937.64,1318
2026-08-14T02:10:00+00:00,14937.64,14954.119999999999,14928.13,14950.63,1345
2026-08-14T02:15:00+00:00,14950.63,14954.13,14934.13,14937.64,1124
2026-08-14T02:20:00+00:00,14937.64,14964.63,14935.13,14939.13,1338
2026-08-14T02:25:00+00:00,14939.13,14952.13,14929.63,14952.119999999999,1661
2026-08-14T02:30:00+00:00,14952.119999999999,14982.14,14949.13,14979.119999999999,1422
2026-08-14T02:35:00+00:00,14979.119999999999,14991.14,14977.63,14985.119999999999,1277
2026-08-14T02:40:00+00:00,14985.119999999999,14996.14,14975.119999999999,14982.119999999999,1090
2026-08-14T02:45:00+00:00,14982.119999999999,14989.14,14960.63,14968.119999999999,1056
2026-08-14T02:50:00+00:00,14968.119999999999,14974.64,14924.13,14927.119999999999,1115
2026-08-14T02:55:00+00:00,14927.119999999999,14933.63,14913.64,14915.119999999999,1143
2026-08-14T03:00:00+00:00,14915.119999999999,14916.64,14899.119999999999,14902.619999999999,1065
2026-08-14T03:05:00+00:00,14902.619999999999,14923.13,14902.14,14911.119999999999,916
2026-08-14T03:10:00+00:00,14911.119999999999,14913.63,14902.119999999999,14902.619999999999,795
2026-08-14T03:15:00+00:00,14902.619999999999,14922.14,14894.119999999999,14921.119999999999,873
2026-08-14T03:20:00+00:00,14921.119999999999,14934.14,14916.119999999999,14927.64,991
2026-08-14T03:25:00+00:00,14927.64,14956.14,14925.13,14953.619999999999,914
2026-08-14T03:30:00+00:00,14953.619999999999,14963.14,14953.619999999999,14956.13,281
2026-08-14T03:35:00+00:00,14956.13,14968.64,14956.13,14961.619999999999,232
2026-08-14T03:40:00+00:00,14961.619999999999,14964.619999999999,14953.619999999999,14956.119999999999,165
2026-08-14T03:45:00+00:00,14956.119999999999,14958.619999999999,14955.619999999999,14957.619999999999,140
2026-08-14T03:50:00+00:00,14957.619999999999,14961.13,14955.119999999999,14958.619999999999,133
2026-08-14T03:55:00+00:00,14958.619999999999,14960.119999999999,14953.619999999999,14954.119999999999,178
2026-08-14T04:00:00+00:00,14954.119999999999,14955.619999999999,14942.119999999999,14945.63,98
2026-08-14T04:05:00+00:00,14945.63,14949.14,14944.13,14948.119999999999,63
2026-08-14T04:10:00+00:00,14948.119999999999,14950.14,14948.119999999999,14948.64,42
2026-08-14T04:15:00+00:00,14948.64,14953.13,14944.14,14944.14,61
2026-08-14T04:20:00+00:00,14944.14,14945.63,14942.119999999999,14945.119999999999,48
2026-08-14T04:25:00+00:00,14945.119999999999,14946.14,14941.13,14942.13,130
2026-08-14T04:30:00+00:00,14942.13,14944.63,14939.119999999999,14941.14,75
2026-08-14T04:35:00+00:00,14941.14,14941.14,14937.119999999999,14939.63,45
2026-08-14T04:40:00+00:00,14939.63,14942.14,14939.119999999999,14939.619999999999,38
2026-08-14T04:45:00+00:00,14939.619999999999,14940.14,14936.119999999999,14937.14,75
2026-08-14T04:50:00+00:00,14937.14,14937.63,14935.119999999999,14937.13,52
2026-08-14T04:55:00+00:00,14937.13,14939.13,14936.119999999999,14936.63,65
2026-08-14T05:00:00+00:00,14936.63,14944.64,14917.119999999999,14917.119999999999,1233
2026-08-14T05:05:00+00:00,14917.119999999999,14917.14,14898.119999999999,14905.119999999999,1021
2026-08-14T05:10:00+00:00,14905.119999999999,14911.64,14892.14,14900.619999999999,1003
2026-08-14T05:15:00+00:00,14900.619999999999,14905.14,14884.119999999999,14896.63,814
2026-08-14T05:20:00+00:00,14896.63,14905.13,14890.619999999999,14903.619999999999,785
2026-08-14T05:25:00+00:00,14903.619999999999,14935.14,14899.119999999999,14931.13,890
2026-08-14T05:30:00+00:00,14931.13,14936.14,14922.13,14928.619999999999,939
2026-08-14T05:35:00+00:00,14928.619999999999,14952.119999999999,14925.119999999999,14936.14,1036
2026-08-14T05:40:00+00:00,14936.14,14937.63,14921.119999999999,14930.119999999999,984
2026-08-14T05:45:00+00:00,14930.119999999999,14934.64,14912.619999999999,14924.64,807
2026-08-14T05:50:00+00:00,14924.64,14948.13,14924.619999999999,14946.14,1008
2026-08-14T05:55:00+00:00,14946.14,14962.14,14944.119999999999,14962.13,1024
2026-08-14T06:00:00+00:00,14962.13,14966.119999999999,14940.619999999999,14942.14,1092
2026-08-14T06:05:00+00:00,14942.14,14952.119999999999,14938.619999999999,14948.119999999999,799
2026-08-14T06:10:00+00:00,14948.119999999999,14958.14,14942.119999999999,14950.619999999999,545
2026-08-14T06:15:00+00:00,14950.619999999999,14956.13,14942.13,14944.13,616
2026-08-14T06:20:00+00:00,14944.13,14949.619999999999,14933.119999999999,14941.619999999999,728
2026-08-14T06:25:00+00:00,14941.619999999999,14955.14,14939.619999999999,14951.14,563
2026-08-14T06:30:00+00:00,14951.14,14954.64,14932.119999999999,14934.14,746
2026-08-14T06:35:00+00:00,14934.14,14940.119999999999,14929.14,14934.14,577
2026-08-14T06:40:00+00:00,14934.14,14948.14,14933.14,14941.619999999999,535
2026-08-14T06:45:00+00:00,14941.619999999999,14947.619999999999,14940.619999999999,14946.14,486
2026-08-14T06:50:00+00:00,14946.14,14947.63,14934.619999999999,14945.119999999999,870
2026-08-14T06:55:00+00:00,14945.119999999999,14949.14,14935.119999999999,14936.14,939
2026-08-14T07:00:00+00:00,14936.14,14944.14,14932.619999999999,14944.14,414
2026-08-14T07:05:00+00:00,14944.14,14944.14,14937.619999999999,14939.619999999999,206
2026-08-14T07:10:00+00:00,14939.619999999999,14941.64,14935.119999999999,14937.13,162
2026-08-14T07:15:00+00:00,14937.13,14940.14,14936.119999999999,14940.119999999999,79
2026-08-14T07:20:00+00:00,14940.119999999999,14940.119999999999,14934.119999999999,14936.119999999999,105
2026-08-14T07:25:00+00:00,14936.119999999999,14937.14,14932.14,14933.14,102
2026-08-14T07:30:00+00:00,14933.14,14935.14,14928.119999999999,14933.619999999999,227
2026-08-14T07:35:00+00:00,14933.619999999999,14934.13,14929.119999999999,14932.119999999999,147
2026-08-14T07:40:00+00:00,14932.119999999999,14933.14,14929.119999999999,14932.119999999999,168
2026-08-14T07:45:00+00:00,14932.119999999999,14936.13,14931.619999999999,14932.64,139
2026-08-14T07:50:00+00:00,14932.64,14935.119999999999,14930.619999999999,14933.119999999999,179
2026-08-14T07:55:00+00:00,14933.119999999999,14936.14,14932.119999999999,14932.14,146
2026-08-14T08:00:00+00:00,14932.14,14932.14,14925.119999999999,14929.14,262
2026-08-14T08:05:00+00:00,14929.14,14930.14,14924.13,14929.63,155
2026-08-14T08:10:00+00:00,14929.63,14931.14,14927.63,14929.13,121
2026-08-14T08:15:00+00:00,14929.13,14931.14,14926.119999999999,14928.64,112
2026-08-14T08:20:00+00:00,14928.64,14930.14,14924.13,14929.14,123
2026-08-14T08:25:00+00:00,14929.14,14931.619999999999,14924.13,14930.63,222
2026-08-14T09:00:00+00:00,14930.63,14930.63,14915.64,14920.619999999999,197
2026-08-14T09:05:00+00:00,14920.619999999999,14923.13,14919.13,14922.63,66
2026-08-14T09:10:00+00:00,14922.63,14930.14,14921.619999999999,14929.64,43
2026-08-14T09:15:00+00:00,14929.64,14930.14,14927.63,14929.619999999999,33
2026-08-14T09:20:00+00:00,14929.619999999999,14937.13,14928.619999999999,14936.63,35
2026-08-14T09:25:00+00:00,14936.63,14938.119999999999,14931.619999999999,14931.619999999999,61
2026-08-14T09:30:00+00:00,14931.619999999999,14932.14,14927.119999999999,14927.14,54
2026-08-14T09:35:00+00:00,14927.14,14929.619999999999,14926.13,14929.619999999999,50
2026-08-14T09:40:00+00:00,14929.619999999999,14933.13,14929.619999999999,14932.119999999999,37.01810154525386
2026-08-14T09:45:00+00:00,14932.119999999999,14933.14,14931.119999999999,14932.13,28
2026-08-14T09:50:00+00:00,14932.13,14935.14,14932.119999999999,14935.14,30
2026-08-14T09:55:00+00:00,14935.14,14935.14,14934.119999999999,14935.119999999999,14.089617235846895
2026-08-14T10:00:00+00:00,14935.119999999999,14938.13,14934.619999999999,14938.13,22
2026-08-14T10:05:00+00:00,14938.13,14940.14,14938.119999999999,14940.14,23
2026-08-14T10:10:00+00:00,14940.14,14941.13,14938.13,14938.13,15
2026-08-14T10:15:00+00:00,14938.13,14938.14,14936.619999999999,14936.619999999999,16.182993535554452
2026-08-14T10:20:00+00:00,14936.619999999999,14936.64,14935.119999999999,14936.64,53.22222222222222
2026-08-14T10:25:00+00:00,14936.64,14937.13,14934.619999999999,14935.13,15
2026-08-14T10:30:00+00:00,14935.13,14938.64,14933.64,14934.14,42
2026-08-14T10:35:00+00:00,14934.14,14934.63,14932.619999999999,14933.13,20.153426525741562
2026-08-14T10:40:00+00:00,14933.13,14934.64,14932.619999999999,14934.64,25
2026-08-14T10:45:00+00:00,14934.64,14934.64,14933.619999999999,14934.619999999999,16.687138406764575
2026-08-14T10:50:00+00:00,14934.619999999999,14935.64,14932.64,14933.64,27
2026-08-14T10:55:00+00:00,14933.64,14934.119999999999,14932.619999999999,14934.119999999999,20
2026-08-14T11:00:00+00:00,14934.119999999999,14935.13,14931.63,14933.63,36
2026-08-14T11:05:00+00:00,14933.63,14936.619999999999,14933.63,14936.119999999999,18
2026-08-14T11:10:00+00:00,14936.119999999999,14938.64,14934.63,14937.63,25
2026-08-14T11:15:00+00:00,14937.63,14940.64,14936.619999999999,14940.64,21
2026-08-14T11:20:00+00:00,14940.64,14944.619999999999,14940.619999999999,14944.619999999999,36
2026-08-14T11:25:00+00:00,14944.619999999999,14945.63,14943.119999999999,14945.14,24
2026-08-14T11:30:00+00:00,14945.14,14945.64,14943.119999999999,14944.64,26
2026-08-14T11:35:00+00:00,14944.64,14946.64,14944.64,14945.64,27
2026-08-14T11:40:00+00:00,14945.64,14945.64,14943.619999999999,14943.619999999999,21.768392370572208
2026-08-14T11:45:00+00:00,14943.619999999999,14943.63,14941.619999999999,14941.64,16.77720588235294
2026-08-14T11:50:00+00:00,14941.64,14942.64,14941.14,14941.64,48
2026-08-14T11:55:00+00:00,14941.64,14943.119999999999,14941.119999999999,14942.64,16.715481171548117
2026-08-14T12:00:00+00:00,14942.64,14944.119999999999,14942.119999999999,14943.119999999999,45
2026-08-14T12:05:00+00:00,14943.119999999999,14944.14,14941.619999999999,14943.14,30.383783783783784
2026-08-14T12:10:00+00:00,14943.14,14943.64,14934.619999999999,14941.119999999999,100
2026-08-14T12:15:00+00:00,14941.119999999999,14941.63,14939.619999999999,14941.14,41
2026-08-14T12:20:00+00:00,14941.14,14943.64,14941.14,14942.64,40
2026-08-14T12:25:00+00:00,14942.64,14945.13,14941.63,14945.13,30
2026-08-14T12:30:00+00:00,14945.13,14951.14,14945.13,14947.63,125
2026-08-14T12:35:00+00:00,14947.63,14947.63,14943.619999999999,14944.119999999999,29
2026-08-14T12:40:00+00:00,14944.119999999999,14944.14,14941.13,14941.13,24
2026-08-14T12:45:00+00:00,14941.13,14942.64,14938.619999999999,14939.13,42
2026-08-14T12:50:00+00:00,14939.13,14939.64,14936.619999999999,14936.63,45
2026-08-14T12:55:00+00:00,14936.63,14938.64,14936.619999999999,14937.63,21
2026-08-14T13:00:00+00:00,14937.63,14940.64,14935.619999999999,14939.63,98
2026-08-14T13:05:00+00:00,14939.63,14940.64,14938.13,14938.619999999999,48
2026-08-14T13:10:00+00:00,14938.619999999999,14939.14,14933.13,14933.13,69
2026-08-14T13:15:00+00:00,14933.13,14934.64,14929.619999999999,14930.14,128
2026-08-14T13:20:00+00:00,14930.14,14934.64,14930.14,14934.63,41
2026-08-14T13:25:00+00:00,14934.63,14937.64,14933.64,14934.619999999999,55
2026-08-14T13:30:00+00:00,14934.619999999999,14936.619999999999,14927.63,14931.64,290
2026-08-14T13:35:00+00:00,14931.64,14937.64,14927.619999999999,14934.63,241
2026-08-14T13:40:00+00:00,14934.63,14942.619999999999,14931.619999999999,14939.63,167
2026-08-14T13:45:00+00:00,14939.63,14944.63,14938.63,14941.63,144
2026-08-14T13:50:00+00:00,14941.63,14946.64,14940.64,14946.63,172
2026-08-14T13:55:00+00:00,14946.63,14946.64,14943.63,14946.13,108
2026-08-14T14:00:00+00:00,14946.13,14951.119999999999,14943.619999999999,14950.619999999999,221
2026-08-14T14:05:00+00:00,14950.619999999999,14955.14,14949.619999999999,14953.619999999999,122
2026-08-14T14:10:00+00:00,14953.619999999999,14956.64,14952.619999999999,14953.619999999999,143
2026-08-14T14:15:00+00:00,14953.619999999999,14956.63,14948.119999999999,14948.119999999999,150
2026-08-14T14:20:00+00:00,14948.119999999999,14949.64,14947.619999999999,14949.63,165
2026-08-14T14:25:00+00:00,14949.63,14953.64,14947.64,14950.619999999999,119
2026-08-14T14:30:00+00:00,14950.619999999999,14950.63,14945.619999999999,14946.14,126
2026-08-14T14:35:00+00:00,14946.14,14951.64,14945.63,14951.619999999999,110
2026-08-14T14:40:00+00:00,14951.619999999999,14951.63,14946.119999999999,14947.63,104
2026-08-14T14:45:00+00:00,14947.63,14948.64,14944.63,14947.619999999999,101
2026-08-14T14:50:00+00:00,14947.619999999999,14949.64,14946.63,14947.63,58
2026-08-14T14:55:00+00:00,14947.63,14949.14,14945.119999999999,14945.64,40
2026-08-14T15:00:00+00:00,14945.64,14947.64,14941.619999999999,14944.63,68
2026-08-14T15:05:00+00:00,14944.63,14946.64,14942.619999999999,14942.619999999999,85
2026-08-14T15:10:00+00:00,14942.619999999999,14944.64,14941.13,14941.14,61
2026-08-14T15:15:00+00:00,14941.14,14941.64,14938.63,14939.14,39
2026-08-14T15:20:00+00:00,14939.14,14941.64,14931.619999999999,14932.13,105
2026-08-14T15:25:00+00:00,14932.13,14941.64,14931.63,14941.619999999999,130
2026-08-14T15:30:00+00:00,14941.619999999999,14942.119999999999,14935.119999999999,14935.619999999999,108.03050947867298
2026-08-14T15:35:00+00:00,14935.619999999999,14938.14,14932.119999999999,14933.119999999999,104
2026-08-14T15:40:00+00:00,14933.119999999999,14934.14,14929.13,14931.64,106
2026-08-14T15:45:00+00:00,14931.64,14936.14,14930.119999999999,14930.13,72
2026-08-14T15:50:00+00:00,14930.13,14933.14,14929.13,14931.13,82
2026-08-14T15:55:00+00:00,14931.13,14933.14,14930.119999999999,14931.64,42
2026-08-14T16:00:00+00:00,14931.64,14933.14,14931.119999999999,14933.13,46
2026-08-14T16:05:00+00:00,14933.13,14934.13,14928.64,14929.119999999999,48
2026-08-14T16:10:00+00:00,14929.119999999999,14931.14,14928.119999999999,14929.13,48
2026-08-14T16:15:00+00:00,14929.13,14934.14,14929.13,14932.14,51
2026-08-14T16:20:00+00:00,14932.14,14933.13,14929.619999999999,14929.619999999999,37
2026-08-14T16:25:00+00:00,14929.619999999999,14930.64,14928.63,14928.63,34
2026-08-14T16:30:00+00:00,14928.63,14929.14,14926.63,14929.119999999999,32
2026-08-14T16:35:00+00:00,14929.119999999999,14931.14,14928.119999999999,14929.14,45
2026-08-14T16:40:00+00:00,14929.14,14929.14,14925.13,14925.619999999999,40
2026-08-14T16:45:00+00:00,14925.619999999999,14928.14,14925.119999999999,14927.13,56
2026-08-14T16:50:00+00:00,14927.13,14927.14,14922.119999999999,14923.119999999999,50
2026-08-14T16:55:00+00:00,14923.119999999999,14925.119999999999,14921.119999999999,14922.13,49
2026-08-14T17:00:00+00:00,14922.13,14923.14,14920.13,14920.619999999999,61
2026-08-14T17:05:00+00:00,14920.619999999999,14923.14,14920.119999999999,14921.64,48
2026-08-14T17:10:00+00:00,14921.64,14922.64,14920.119999999999,14921.13,57
2026-08-14T17:15:00+00:00,14921.13,14922.14,14919.119999999999,14921.13,51.61615654791771
2026-08-14T17:20:00+00:00,14921.13,14923.14,14920.13,14920.14,36
2026-08-14T17:25:00+00:00,14920.14,14921.14,14919.119999999999,14919.619999999999,47
2026-08-14T17:30:00+00:00,14919.619999999999,14920.14,14918.64,14919.14,26.60177481974487
2026-08-14T17:35:00+00:00,14919.14,14919.14,14916.13,14916.14,23
2026-08-14T17:40:00+00:00,14916.14,14918.14,14915.619999999999,14916.14,49
2026-08-14T17:45:00+00:00,14916.14,14918.14,14916.119999999999,14916.63,53.1609756097561
2026-08-14T17:50:00+00:00,14916.63,14919.14,14916.119999999999,14918.14,42
2026-08-14T17:55:00+00:00,14918.14,14918.14,14916.119999999999,14916.619999999999,28
2026-08-14T18:00:00+00:00,14916.619999999999,14918.64,14916.119999999999,14916.619999999999,62
2026-08-14T18:05:00+00:00,14916.619999999999,14922.14,14916.619999999999,14921.14,54
2026-08-14T18:10:00+00:00,14921.14,14922.13,14920.119999999999,14921.14,25
2026-08-14T18:15:00+00:00,14921.14,14923.14,14920.13,14922.14,33
2026-08-14T18:20:00+00:00,14922.14,14925.14,14922.119999999999,14925.13,47
2026-08-14T18:25:00+00:00,14925.13,14925.14,14924.119999999999,14924.63,43
2026-08-14T18:30:00+00:00,14924.63,14926.14,14924.119999999999,14925.619999999999,38
2026-08-14T18:35:00+00:00,14925.619999999999,14927.14,14924.64,14926.119999999999,43
2026-08-14T18:40:00+00:00,14926.119999999999,14929.14,14926.119999999999,14929.14,25
2026-08-14T18:45:00+00:00,14929.14,14929.14,14925.119999999999,14925.63,38
2026-08-14T18:50:00+00:00,14925.63,14929.14,14923.64,14925.119999999999,66
2026-08-14T18:55:00+00:00,14925.119999999999,14925.119999999999,14920.63,14922.14,51
2026-08-14T19:00:00+00:00,14922.14,14923.14,14921.119999999999,14923.119999999999,40
2026-08-14T19:05:00+00:00,14923.119999999999,14925.63,14922.64,14925.14,38
2026-08-14T19:10:00+00:00,14925.14,14925.14,14922.13,14922.14,48
2026-08-14T19:15:00+00:00,14922.14,14924.14,14921.119999999999,14924.119999999999,46
2026-08-14T19:20:00+00:00,14924.119999999999,14924.14,14923.119999999999,14923.13,40
2026-08-14T19:25:00+00:00,14923.13,14926.14,14923.13,14925.119999999999,17
2026-08-14T19:30:00+00:00,14925.119999999999,14927.13,14925.119999999999,14925.119999999999,46
2026-08-14T19:35:00+00:00,14925.119999999999,14926.119999999999,14924.119999999999,14926.119999999999,56
2026-08-14T19:40:00+00:00,14926.119999999999,14927.14,14925.13,14926.13,26.206642066420663
2026-08-14T19:45:00+00:00,14926.13,14926.14,14924.119999999999,14925.64,89
2026-08-14T19:50:00+00:00,14925.64,14926.14,14923.63,14923.64,69
2026-08-14T19:55:00+00:00,14923.64,14926.14,14923.119999999999,14925.63,73
2026-08-14T20:00:00+00:00,14925.63,14927.14,14924.619999999999,14926.14,17.22212467076383
2026-08-14T20:05:00+00:00,14926.14,14926.14,14924.619999999999,14924.619999999999,14.613132209405501
2026-08-14T20:10:00+00:00,14924.619999999999,14925.14,14924.619999999999,14924.64,11
2026-08-14T20:15:00+00:00,14924.64,14924.64,14924.619999999999,14924.64,5
2026-08-14T20:20:00+00:00,14924.64,14924.64,14924.119999999999,14924.63,12.13121659183771
2026-08-14T20:25:00+00:00,14924.63,14925.13,14924.14,14924.64,10.321024243456538
2026-08-14T20:30:00+00:00,14924.64,14925.14,14924.619999999999,14925.119999999999,11.314741035856574
2026-08-14T20:35:00+00:00,14925.119999999999,14925.64,14924.619999999999,14924.619999999999,8.300433624104636
2026-08-14T20:40:00+00:00,14924.619999999999,14924.64,14924.119999999999,14924.63,10
2026-08-17T01:00:00+00:00,14924.63,14931.47,14923.949999999999,14931.46,88.36139630390144
2026-08-17T01:05:00+00:00,14931.46,14933.97,14930.46,14932.47,83
2026-08-17T01:10:00+00:00,14932.47,14932.47,14925.96,14928.449999999999,63
2026-08-17T01:15:00+00:00,14928.449999999999,14937.97,14910.949999999999,14930.47,395
2026-08-17T01:20:00+00:00,14930.47,14949.47,14929.46,14947.46,207
2026-08-17T01:25:00+00:00,14947.46,14970.47,14943.46,14944.449999999999,460
2026-08-17T01:30:00+00:00,14944.449999999999,14977.47,14916.449999999999,14960.449999999999,4757
2026-08-17T01:35:00+00:00,14960.449999999999,14978.97,14951.949999999999,14971.96,2735
2026-08-17T01:40:00+00:00,14971.96,14989.97,14956.47,14973.449999999999,2275
2026-08-17T01:45:00+00:00,14973.449999999999,14997.46,14971.449999999999,14974.46,1896
2026-08-17T01:50:00+00:00,14974.46,14976.47,14943.97,14962.449999999999,1986
2026-08-17T01:55:00+00:00,14962.449999999999,14962.47,14925.46,14941.47,1727
2026-08-17T02:00:00+00:00,14941.47,14946.47,14927.96,14944.96,1540
2026-08-17T02:05:00+00:00,14944.96,14961.97,14939.96,14957.46,1416
2026-08-17T02:10:00+00:00,14957.46,14963.96,14950.949999999999,14960.97,1029
2026-08-17T02:15:00+00:00,14960.97,14968.47,14952.47,14956.46,975
2026-08-17T02:20:00+00:00,14956.46,14962.47,14947.46,14954.47,911
2026-08-17T02:25:00+00:00,14954.47,14955.47,14936.449999999999,14939.47,762
2026-08-17T02:30:00+00:00,14939.47,14965.949999999999,14939.449999999999,14956.46,677
2026-08-17T02:35:00+00:00,14956.46,14967.46,14951.949999999999,14965.449999999999,777
2026-08-17T02:40:00+00:00,14965.449999999999,14983.46,14955.949999999999,14979.97,645
2026-08-17T02:45:00+00:00,14979.97,14995.47,14974.47,14982.97,805
2026-08-17T02:50:00+00:00,14982.97,15002.97,14978.96,14997.46,739
2026-08-17T02:55:00+00:00,14997.46,15017.47,14992.449999999999,15016.47,696
2026-08-17T03:00:00+00:00,15016.47,15042.449999999999,15013.47,15030.949999999999,837
2026-08-17T03:05:00+00:00,15030.949999999999,15046.46,15019.47,15037.46,807
2026-08-17T03:10:00+00:00,15037.46,15040.97,15023.449999999999,15026.97,619
2026-08-17T03:15:00+00:00,15026.97,15045.46,15021.46,15043.449999999999,625
2026-08-17T03:20:00+00:00,15043.449999999999,15047.47,15032.949999999999,15042.46,596
2026-08-17T03:25:00+00:00,15042.46,15046.47,15033.449999999999,15035.949999999999,516
2026-08-17T03:30:00+00:00,15035.949999999999,15044.47,15032.449999999999,15033.949999999999,168
2026-08-17T03:35:00+00:00,15033.949999999999,15038.97,15033.46,15038.97,84
2026-08-17T03:40:00+00:00,15038.97,15040.47,15034.949999999999,15038.449999999999,102
2026-08-17T03:45:00+00:00,15038.449999999999,15042.47,15038.449999999999,15041.97,118
2026-08-17T03:50:00+00:00,15041.97,15041.97,15038.46,15040.47,86
2026-08-17T03:55:00+00:00,15040.47,15042.46,15038.949999999999,15041.449999999999,61
2026-08-17T04:00:00+00:00,15041.449999999999,15043.47,15040.449999999999,15040.96,50
2026-08-17T04:05:00+00:00,15040.96,15041.47,15039.449999999999,15040.46,56
2026-08-17T04:10:00+00:00,15040.46,15042.47,15038.449999999999,15038.449999999999,44
2026-08-17T04:15:00+00:00,15038.449999999999,15038.449999999999,15033.46,15035.449999999999,29.055319950994253
2026-08-17T04:20:00+00:00,15035.449999999999,15035.449999999999,15031.46,15033.96,20
2026-08-17T04:25:00+00:00,15033.96,15034.449999999999,15030.47,15030.47,20
2026-08-17T04:30:00+00:00,15030.47,15031.47,15028.449999999999,15029.449999999999,25
2026-08-17T04:35:00+00:00,15029.449999999999,15030.46,15027.949999999999,15028.46,20
2026-08-17T04:40:00+00:00,15028.46,15029.47,15025.46,15025.46,28
2026-08-17T04:45:00+00:00,15025.46,15027.97,15024.96,15026.47,51
2026-08-17T04:50:00+00:00,15026.47,15028.47,15023.449999999999,15024.97,52
2026-08-17T04:55:00+00:00,15024.97,15026.47,15023.949999999999,15025.96,24
2026-08-17T05:00:00+00:00,15025.96,15075.97,15017.97,15074.46,1308
2026-08-17T05:05:00+00:00,15074.46,15119.96,15071.97,15114.47,1409
2026-08-17T05:10:00+00:00,15114.47,15123.96,15099.449999999999,15115.449999999999,1399
2026-08-17T05:15:00+00:00,15115.449999999999,15139.97,15112.96,15131.46,1146
2026-08-17T05:20:00+00:00,15131.46,15132.97,15110.949999999999,15110.949999999999,1082
2026-08-17T05:25:00+00:00,15110.949999999999,15118.47,15091.449999999999,15108.949999999999,1072
2026-08-17T05:30:00+00:00,15108.949999999999,15134.96,15100.949999999999,15134.47,1047
2026-08-17T05:35:00+00:00,15134.47,15147.47,15132.449999999999,15134.46,861
2026-08-17T05:40:00+00:00,15134.46,15137.47,15121.949999999999,15135.97,732
2026-08-17T05:45:00+00:00,15135.97,15144.96,15119.47,15143.449999999999,691
2026-08-17T05:50:00+00:00,15143.449999999999,15154.47,15140.449999999999,15153.97,560
2026-08-17T05:55:00+00:00,15153.97,15164.46,15149.449999999999,15163.97,539
2026-08-17T06:00:00+00:00,15163.97,15172.47,15157.46,15164.449999999999,556
2026-08-17T06:05:00+00:00,15164.449999999999,15167.96,15153.449999999999,15160.97,522
2026-08-17T06:10:00+00:00,15160.97,15165.47,15153.46,15153.46,562
2026-08-17T06:15:00+00:00,15153.46,15160.949999999999,15149.46,15149.97,394
2026-08-17T06:20:00+00:00,15149.97,15154.97,15139.949999999999,15151.47,600
2026-08-17T06:25:00+00:00,15151.47,15154.46,15142.449999999999,15153.449999999999,599
2026-08-17T06:30:00+00:00,15153.449999999999,15154.47,15134.449999999999,15138.449999999999,677
2026-08-17T06:35:00+00:00,15138.449999999999,15158.47,15138.449999999999,15156.97,501
2026-08-17T06:40:00+00:00,15156.97,15165.96,15156.46,15164.949999999999,551
2026-08-17T06:45:00+00:00,15164.949999999999,15182.449999999999,15164.449999999999,15180.47,423
2026-08-17T06:50:00+00:00,15180.47,15187.47,15176.47,15183.449999999999,668
2026-08-17T06:55:00+00:00,15183.449999999999,15187.949999999999,15173.449999999999,15175.949999999999,712
2026-08-17T07:00:00+00:00,15175.949999999999,15176.47,15152.449999999999,15156.47,682
2026-08-17T07:05:00+00:00,15156.47,15165.449999999999,15155.96,15163.449999999999,214
2026-08-17T07:10:00+00:00,15163.449999999999,15163.97,15158.449999999999,15159.46,108
2026-08-17T07:15:00+00:00,15159.46,15159.46,15155.949999999999,15156.46,138
2026-08-17T07:20:00+00:00,15156.46,15158.47,15153.949999999999,15155.97,116
2026-08-17T07:25:00+00:00,15155.97,15161.47,15154.449999999999,15160.47,107
2026-08-17T07:30:00+00:00,15160.47,15161.47,15155.96,15158.449999999999,110
2026-08-17T07:35:00+00:00,15158.449999999999,15161.449999999999,15157.96,15159.449999999999,79
2026-08-17T07:40:00+00:00,15159.449999999999,15161.46,15158.46,15160.46,66
2026-08-17T07:45:00+00:00,15160.46,15161.449999999999,15154.96,15155.449999999999,90
2026-08-17T07:50:00+00:00,15155.449999999999,15156.47,15150.449999999999,15152.46,184
2026-08-17T07:55:00+00:00,15152.46,15153.47,15150.449999999999,15151.449999999999,159
2026-08-17T08:00:00+00:00,15151.449999999999,15155.46,15149.449999999999,15152.47,251
2026-08-17T08:05:00+00:00,15152.47,15155.97,15151.449999999999,15152.46,249
2026-08-17T08:10:00+00:00,15152.46,15152.949999999999,15150.449999999999,15150.46,110
2026-08-17T08:15:00+00:00,15150.46,15154.47,15150.449999999999,15152.449999999999,67
2026-08-17T08:20:00+00:00,15152.449999999999,15153.46,15149.449999999999,15152.949999999999,96
2026-08-17T08:25:00+00:00,15152.949999999999,15156.949999999999,15149.46,15156.46,125
2026-08-17T09:00:00+00:00,15156.46,15156.97,15148.449999999999,15150.97,90
2026-08-17T09:05:00+00:00,15150.97,15151.46,15149.46,15150.47,32
2026-08-17T09:10:00+00:00,15150.47,15151.47,15149.449999999999,15149.449999999999,29
2026-08-17T09:15:00+00:00,15149.449999999999,15150.97,15148.449999999999,15148.96,39
2026-08-17T09:20:00+00:00,15148.96,15148.96,15145.449999999999,15145.449999999999,36
2026-08-17T09:25:00+00:00,15145.449999999999,15145.47,15140.449999999999,15141.97,107
2026-08-17T09:30:00+00:00,15141.97,15142.449999999999,15137.449999999999,15137.449999999999,32
2026-08-17T09:35:00+00:00,15137.449999999999,15138.97,15136.46,15136.47,51
2026-08-17T09:40:00+00:00,15136.47,15140.47,15136.449999999999,15138.96,58
2026-08-17T09:45:00+00:00,15138.96,15141.449999999999,15135.449999999999,15135.97,45
2026-08-17T09:50:00+00:00,15135.97,15138.47,15133.47,15137.96,51
2026-08-17T09:55:00+00:00,15137.96,15145.47,15136.97,15137.449999999999,42
2026-08-17T10:00:00+00:00,15137.449999999999,15138.47,15135.47,15137.46,26
2026-08-17T10:05:00+00:00,15137.46,15139.47,15137.46,15138.46,18.779161205766712
2026-08-17T10:10:00+00:00,15138.46,15142.47,15137.949999999999,15142.47,17
2026-08-17T10:15:00+00:00,15142.47,15144.449999999999,15139.46,15140.47,35
2026-08-17T10:20:00+00:00,15140.47,15140.47,15138.449999999999,15138.46,17
2026-08-17T10:25:00+00:00,15138.46,15152.46,15137.46,15150.46,198
2026-08-17T10:30:00+00:00,15150.46,15151.47,15142.449999999999,15143.46,185
2026-08-17T10:35:00+00:00,15143.46,15143.46,15142.449999999999,15142.949999999999,28.425797503467408
2026-08-17T10:40:00+00:00,15142.949999999999,15144.47,15142.449999999999,15143.449999999999,46
2026-08-17T10:45:00+00:00,15143.449999999999,15144.449999999999,15141.46,15141.47,31.45307443365696
2026-08-17T10:50:00+00:00,15141.47,15142.46,15140.46,15142.46,26
2026-08-17T10:55:00+00:00,15142.46,15143.47,15141.46,15142.97,24
2026-08-17T11:00:00+00:00,15142.97,15144.47,15141.449999999999,15142.97,27
2026-08-17T11:05:00+00:00,15142.97,15144.47,15142.449999999999,15143.97,35
2026-08-17T11:10:00+00:00,15143.97,15143.97,15141.449999999999,15142.46,31
2026-08-17T11:15:00+00:00,15142.46,15142.47,15138.46,15138.47,23
2026-08-17T11:20:00+00:00,15138.47,15140.47,15138.449999999999,15139.96,26
2026-08-17T11:25:00+00:00,15139.96,15140.47,15137.449999999999,15138.47,27
2026-08-17T11:30:00+00:00,15138.47,15139.97,15137.449999999999,15138.97,20
2026-08-17T11:35:00+00:00,15138.97,15138.97,15136.449999999999,15136.47,40
2026-08-17T11:40:00+00:00,15136.47,15137.97,15136.449999999999,15137.96,31
2026-08-17T11:45:00+00:00,15137.96,15139.47,15137.96,15139.47,31
2026-08-17T11:50:00+00:00,15139.47,15141.46,15138.47,15139.96,30
2026-08-17T11:55:00+00:00,15139.96,15142.46,15139.96,15141.47,24
2026-08-17T12:00:00+00:00,15141.47,15141.47,15136.449999999999,15137.46,28
2026-08-17T12:05:00+00:00,15137.46,15138.97,15136.949999999999,15137.46,16
2026-08-17T12:10:00+00:00,15137.46,15139.47,15136.449999999999,15138.96,27
2026-08-17T12:15:00+00:00,15138.96,15138.97,15134.449999999999,15134.97,22
2026-08-17T12:20:00+00:00,15134.97,15136.46,15134.949999999999,15135.449999999999,17
2026-08-17T12:25:00+00:00,15135.449999999999,15136.47,15124.449999999999,15125.96,157
2026-08-17T12:30:00+00:00,15125.96,15128.47,15125.449999999999,15126.449999999999,50
2026-08-17T12:35:00+00:00,15126.449999999999,15127.96,15120.46,15120.46,46
2026-08-17T12:40:00+00:00,15120.46,15122.47,15120.46,15121.46,43
2026-08-17T12:45:00+00:00,15121.46,15122.46,15119.449999999999,15119.949999999999,63
2026-08-17T12:50:00+00:00,15119.949999999999,15123.47,15119.449999999999,15122.449999999999,40
2026-08-17T12:55:00+00:00,15122.449999999999,15125.46,15121.449999999999,15123.46,36
2026-08-17T13:00:00+00:00,15123.46,15123.97,15119.46,15122.47,27
2026-08-17T13:05:00+00:00,15122.47,15123.47,15122.449999999999,15122.47,34
2026-08-17T13:10:00+00:00,15122.47,15123.46,15118.449999999999,15119.47,44
2026-08-17T13:15:00+00:00,15119.47,15120.46,15119.449999999999,15119.46,22
2026-08-17T13:20:00+00:00,15119.46,15119.97,15115.449999999999,15115.97,39
2026-08-17T13:25:00+00:00,15115.97,15119.96,15115.97,15119.96,49
2026-08-17T13:30:00+00:00,15119.96,15141.47,15119.449999999999,15131.46,262
2026-08-17T13:35:00+00:00,15131.46,15136.97,15126.96,15129.449999999999,186
2026-08-17T13:40:00+00:00,15129.449999999999,15134.46,15128.449999999999,15129.46,134
2026-08-17T13:45:00+00:00,15129.46,15135.47,15126.449999999999,15134.46,113
2026-08-17T13:50:00+00:00,15134.46,15145.46,15133.47,15142.46,128
2026-08-17T13:55:00+00:00,15142.46,15144.47,15139.449999999999,15141.47,99
2026-08-17T14:00:00+00:00,15141.47,15143.47,15138.46,15143.46,111
2026-08-17T14:05:00+00:00,15143.46,15143.97,15138.449999999999,15139.46,69
2026-08-17T14:10:00+00:00,15139.46,15145.47,15139.46,15144.949999999999,43
2026-08-17T14:15:00+00:00,15144.949999999999,15145.47,15141.449999999999,15143.46,74
2026-08-17T14:20:00+00:00,15143.46,15143.47,15138.949999999999,15141.47,68
2026-08-17T14:25:00+00:00,15141.47,15146.47,15139.96,15146.449999999999,62
2026-08-17T14:30:00+00:00,15146.449999999999,15148.46,15144.449999999999,15148.46,58
2026-08-17T14:35:00+00:00,15148.46,15148.47,15142.47,15142.47,40
2026-08-17T14:40:00+00:00,15142.47,15145.47,15140.47,15140.47,66
2026-08-17T14:45:00+00:00,15140.47,15145.449999999999,15139.449999999999,15143.449999999999,136
2026-08-17T14:50:00+00:00,15143.449999999999,15146.47,15141.449999999999,15142.46,63
2026-08-17T14:55:00+00:00,15142.46,15144.949999999999,15142.449999999999,15143.449999999999,61
2026-08-17T15:00:00+00:00,15143.449999999999,15145.47,15141.949999999999,15144.47,41
2026-08-17T15:05:00+00:00,15144.47,15147.47,15142.449999999999,15144.47,55
2026-08-17T15:10:00+00:00,15144.47,15146.47,15143.449999999999,15145.449999999999,56
2026-08-17T15:15:00+00:00,15145.449999999999,15145.47,15141.449999999999,15145.47,59
2026-08-17T15:20:00+00:00,15145.47,15146.47,15144.449999999999,15145.949999999999,34
2026-08-17T15:25:00+00:00,15145.949999999999,15146.47,15145.449999999999,15145.46,30
2026-08-17T15:30:00+00:00,15145.46,15147.47,15143.46,15146.47,91
2026-08-17T15:35:00+00:00,15146.47,15146.47,15142.449999999999,15143.47,53
2026-08-17T15:40:00+00:00,15143.47,15143.47,15138.47,15139.449999999999,52
2026-08-17T15:45:00+00:00,15139.449999999999,15145.47,15139.449999999999,15145.46,28
2026-08-17T15:50:00+00:00,15145.46,15148.47,15144.46,15146.46,34
2026-08-17T15:55:00+00:00,15146.46,15149.46,15145.949999999999,15147.96,43
2026-08-17T16:00:00+00:00,15147.96,15148.46,15146.449999999999,15147.47,39
2026-08-17T16:05:00+00:00,15147.47,15149.47,15146.949999999999,15148.46,38
2026-08-17T16:10:00+00:00,15148.46,15149.46,15146.46,15148.47,36
2026-08-17T16:15:00+00:00,15148.47,15151.47,15148.449999999999,15149.96,39
2026-08-17T16:20:00+00:00,15149.96,15151.47,15149.449999999999,15149.449999999999,22.871703492516037
2026-08-17T16:25:00+00:00,15149.449999999999,15151.449999999999,15149.449999999999,15149.47,31
2026-08-17T16:30:00+00:00,15149.47,15150.47,15147.96,15148.949999999999,32
2026-08-17T16:35:00+00:00,15148.949999999999,15150.449999999999,15148.449999999999,15150.449999999999,26
2026-08-17T16:40:00+00:00,15150.449999999999,15150.97,15148.97,15150.46,47
2026-08-17T16:45:00+00:00,15150.46,15150.46,15147.46,15149.449999999999,34
2026-08-17T16:50:00+00:00,15149.449999999999,15150.449999999999,15146.46,15147.46,22
2026-08-17T16:55:00+00:00,15147.46,15148.47,15147.449999999999,15148.47,33
2026-08-17T17:00:00+00:00,15148.47,15148.47,15146.449999999999,15146.47,39
2026-08-17T17:05:00+00:00,15146.47,15147.47,15144.449999999999,15145.449999999999,48
2026-08-17T17:10:00+00:00,15145.449999999999,15146.47,15142.449999999999,15143.449999999999,63
2026-08-17T17:15:00+00:00,15143.449999999999,15144.46,15140.46,15142.47,56
2026-08-17T17:20:00+00:00,15142.47,15142.47,15136.449999999999,15136.97,66
2026-08-17T17:25:00+00:00,15136.97,15137.46,15133.949999999999,15134.949999999999,84
2026-08-17T17:30:00+00:00,15134.949999999999,15136.47,15133.96,15133.97,48
2026-08-17T17:35:00+00:00,15133.97,15134.47,15128.97,15128.97,45
2026-08-17T17:40:00+00:00,15128.97,15134.949999999999,15128.96,15134.449999999999,45
2026-08-17T17:45:00+00:00,15134.449999999999,15135.47,15131.949999999999,15132.449999999999,34
2026-08-17T17:50:00+00:00,15132.449999999999,15133.47,15131.449999999999,15132.46,36
2026-08-17T17:55:00+00:00,15132.46,15132.96,15131.449999999999,15131.97,45
2026-08-17T18:00:00+00:00,15131.97,15133.47,15129.46,15130.96,64
2026-08-17T18:05:00+00:00,15130.96,15132.47,15128.96,15129.47,44
2026-08-17T18:10:00+00:00,15129.47,15131.47,15127.96,15130.949999999999,43
2026-08-17T18:15:00+00:00,15130.949999999999,15133.47,15130.449999999999,15132.449999999999,39
2026-08-17T18:20:00+00:00,15132.449999999999,15133.47,15130.449999999999,15132.449999999999,50
2026-08-17T18:25:00+00:00,15132.449999999999,15133.46,15129.47,15131.46,39
2026-08-17T18:30:00+00:00,15131.46,15131.46,15128.449999999999,15128.449999999999,49
2026-08-17T18:35:00+00:00,15128.449999999999,15131.46,15128.449999999999,15130.46,29
2026-08-17T18:40:00+00:00,15130.46,15131.47,15130.449999999999,15130.47,22
2026-08-17T18:45:00+00:00,15130.47,15132.46,15129.449999999999,15131.47,32
2026-08-17T18:50:00+00:00,15131.47,15133.47,15131.47,15132.449999999999,26
2026-08-17T18:55:00+00:00,15132.449999999999,15132.47,15130.97,15131.46,12
2026-08-17T19:00:00+00:00,15131.46,15132.47,15130.46,15130.97,37
2026-08-17T19:05:00+00:00,15130.97,15131.96,15129.449999999999,15130.449999999999,29
2026-08-17T19:10:00+00:00,15130.449999999999,15130.47,15128.46,15129.46,25.708670520231212
2026-08-17T19:15:00+00:00,15129.46,15132.47,15129.449999999999,15130.97,29
2026-08-17T19:20:00+00:00,15130.97,15133.47,15129.96,15132.47,29
2026-08-17T19:25:00+00:00,15132.47,15134.47,15131.449999999999,15131.449999999999,24
2026-08-17T19:30:00+00:00,15131.449999999999,15133.47,15130.449999999999,15132.47,62
2026-08-17T19:35:00+00:00,15132.47,15135.47,15132.46,15134.46,37
2026-08-17T19:40:00+00:00,15134.46,15135.47,15133.46,15135.46,23
2026-08-17T19:45:00+00:00,15135.46,15136.47,15134.46,15135.97,38
2026-08-17T19:50:00+00:00,15135.97,15135.97,15132.46,15133.46,44
2026-08-17T19:55:00+00:00,15133.46,15133.47,15130.449999999999,15132.47,85
2026-08-17T20:00:00+00:00,15132.47,15137.449999999999,15132.449999999999,15133.46,38
2026-08-17T20:05:00+00:00,15133.46,15133.47,15132.46,15133.46,11.89667049368542
2026-08-17T20:10:00+00:00,15133.46,15134.46,15133.449999999999,15133.47,7
2026-08-17T20:15:00+00:00,15133.47,15133.47,15132.46,15132.46,7
2026-08-17T20:20:00+00:00,15132.46,15132.46,15132.439999999999,15132.439999999999,11.446004502445877
2026-08-17T20:25:00+00:00,15132.439999999999,15132.47,15131.46,15131.97,11.873798076923077
2026-08-17T20:30:00+00:00,15131.97,15131.97,15131.449999999999,15131.47,11.810344827586208
2026-08-17T20:35:00+00:00,15131.47,15131.47,15130.46,15130.949999999999,5
2026-08-17T20:40:00+00:00,15130.949999999999,15130.97,15130.949999999999,15130.949999999999,6.89920424403183
2026-08-18T01:00:00+00:00,15130.949999999999,15149.3,15130.449999999999,15141.3,113.48621553884712
2026-08-18T01:05:00+00:00,15141.3,15143.31,15136.31,15140.289999999999,94
2026-08-18T01:10:00+00:00,15140.289999999999,15149.31,15140.289999999999,15148.289999999999,89
2026-08-18T01:15:00+00:00,15148.289999999999,15166.81,15134.81,15134.81,727
2026-08-18T01:20:00+00:00,15134.81,15141.31,15123.3,15138.289999999999,483
2026-08-18T01:25:00+00:00,15138.289999999999,15143.289999999999,15119.789999999999,15123.8,725
2026-08-18T01:30:00+00:00,15123.8,15158.31,15107.789999999999,15130.31,3299
2026-08-18T01:35:00+00:00,15130.31,15139.789999999999,15108.289999999999,15139.789999999999,1637
2026-08-18T01:40:00+00:00,15139.789999999999,15147.81,15113.789999999999,15113.789999999999,1186
2026-08-18T01:45:00+00:00,15113.789999999999,15126.289999999999,15090.789999999999,15095.8,1679
2026-08-18T01:50:00+00:00,15095.8,15115.31,15082.81,15095.8,1368
2026-08-18T01:55:00+00:00,15095.8,15106.289999999999,15082.289999999999,15089.31,1252
2026-08-18T02:00:00+00:00,15089.31,15099.789999999999,15081.31,15094.31,1058
2026-08-18T02:05:00+00:00,15094.31,15094.31,15073.289999999999,15080.3,909
2026-08-18T02:10:00+00:00,15080.3,15088.3,15070.289999999999,15086.81,847
2026-08-18T02:15:00+00:00,15086.81,15087.31,15065.31,15074.31,1044
2026-08-18T02:20:00+00:00,15074.31,15077.789999999999,15046.289999999999,15053.3,951
2026-08-18T02:25:00+00:00,15053.3,15065.3,15038.8,15038.8,904
2026-08-18T02:30:00+00:00,15038.8,15053.8,15030.289999999999,15053.3,1015
2026-08-18T02:35:00+00:00,15053.3,15058.81,15045.289999999999,15047.31,855
2026-08-18T02:40:00+00:00,15047.31,15054.3,15045.81,15049.81,524
2026-08-18T02:45:00+00:00,15049.81,15049.81,15035.3,15040.8,638
2026-08-18T02:50:00+00:00,15040.8,15041.81,15024.3,15025.81,650
2026-08-18T02:55:00+00:00,15025.81,15026.31,15011.3,15017.289999999999,682
2026-08-18T03:00:00+00:00,15017.289999999999,15044.3,15016.8,15019.8,772
2026-08-18T03:05:00+00:00,15019.8,15019.8,14989.31,14992.289999999999,515
2026-08-18T03:10:00+00:00,14992.289999999999,15017.289999999999,14988.31,15016.31,764
2026-08-18T03:15:00+00:00,15016.31,15021.81,15002.3,15021.31,705
2026-08-18T03:20:00+00:00,15021.31,15025.289999999999,15013.289999999999,15021.789999999999,644
2026-08-18T03:25:00+00:00,15021.789999999999,15036.31,15020.289999999999,15025.789999999999,831
2026-08-18T03:30:00+00:00,15025.789999999999,15025.789999999999,14998.289999999999,15010.289999999999,280
2026-08-18T03:35:00+00:00,15010.289999999999,15019.3,15009.289999999999,15015.789999999999,133
2026-08-18T03:40:00+00:00,15015.789999999999,15016.3,15011.31,15014.31,143
2026-08-18T03:45:00+00:00,15014.31,15016.81,15009.289999999999,15009.8,81
2026-08-18T03:50:00+00:00,15009.8,15014.81,15009.8,15014.81,50
2026-08-18T03:55:00+00:00,15014.81,15017.8,15009.289999999999,15014.81,68
2026-08-18T04:00:00+00:00,15014.81,15014.81,15008.31,15008.31,76
2026-08-18T04:05:00+00:00,15008.31,15011.31,15008.289999999999,15010.31,31
2026-08-18T04:10:00+00:00,15010.31,15011.3,15006.8,15007.8,119
2026-08-18T04:15:00+00:00,15007.8,15012.3,15006.289999999999,15011.8,127
2026-08-18T04:20:00+00:00,15011.8,15012.8,15008.289999999999,15008.8,64
2026-08-18T04:25:00+00:00,15008.8,15016.789999999999,15007.289999999999,15016.3,89
2026-08-18T04:30:00+00:00,15016.3,15018.31,15009.789999999999,15010.289999999999,114
2026-08-18T04:35:00+00:00,15010.289999999999,15016.31,15010.289999999999,15013.289999999999,62.794588069610704
2026-08-18T04:40:00+00:00,15013.289999999999,15016.3,15012.289999999999,15013.289999999999,58
2026-08-18T04:45:00+00:00,15013.289999999999,15014.31,15011.3,15012.789999999999,68
2026-08-18T04:50:00+00:00,15012.789999999999,15018.31,15012.789999999999,15017.31,44
2026-08-18T04:55:00+00:00,15017.31,15021.31,15016.3,15020.289999999999,65
2026-08-18T05:00:00+00:00,15020.289999999999,15034.789999999999,15008.289999999999,15017.31,1012
2026-08-18T05:05:00+00:00,15017.31,15030.789999999999,15013.3,15016.789999999999,758
2026-08-18T05:10:00+00:00,15016.789999999999,15018.3,14998.3,15008.289999999999,689
2026-08-18T05:15:00+00:00,15008.289999999999,15037.8,15003.289999999999,15037.789999999999,705
2026-08-18T05:20:00+00:00,15037.789999999999,15041.81,15017.789999999999,15025.289999999999,465
2026-08-18T05:25:00+00:00,15025.289999999999,15037.81,15015.8,15028.8,716
2026-08-18T05:30:00+00:00,15028.8,15045.289999999999,15018.3,15043.31,674
2026-08-18T05:35:00+00:00,15043.31,15047.789999999999,15033.789999999999,15041.789999999999,706
2026-08-18T05:40:00+00:00,15041.789999999999,15056.81,15034.81,15052.31,826
2026-08-18T05:45:00+00:00,15052.31,15063.31,15047.31,15058.8,545
2026-08-18T05:50:00+00:00,15058.8,15074.81,15058.289999999999,15068.789999999999,707
2026-08-18T05:55:00+00:00,15068.789999999999,15087.3,15057.8,15062.789999999999,583
2026-08-18T06:00:00+00:00,15062.789999999999,15067.81,15054.289999999999,15065.8,550
2026-08-18T06:05:00+00:00,15065.8,15069.3,15040.31,15041.3,425
2026-08-18T06:10:00+00:00,15041.3,15055.3,15040.81,15054.8,376
2026-08-18T06:15:00+00:00,15054.8,15056.3,15045.289999999999,15055.3,201
2026-08-18T06:20:00+00:00,15055.3,15073.81,15053.3,15072.31,366
2026-08-18T06:25:00+00:00,15072.31,15092.81,15069.3,15085.31,426
2026-08-18T06:30:00+00:00,15085.31,15103.81,15077.3,15102.289999999999,719
2026-08-18T06:35:00+00:00,15102.289999999999,15110.81,15091.81,15098.31,739
2026-08-18T06:40:00+00:00,15098.31,15104.31,15087.789999999999,15103.289999999999,417
2026-08-18T06:45:00+00:00,15103.289999999999,15104.31,15084.789999999999,15085.8,423
2026-08-18T06:50:00+00:00,15085.8,15099.289999999999,15083.3,15096.8,430
2026-08-18T06:55:00+00:00,15096.8,15102.289999999999,15089.31,15093.789999999999,483
2026-08-18T07:00:00+00:00,15093.789999999999,15098.81,15085.289999999999,15095.789999999999,331
2026-08-18T07:05:00+00:00,15095.789999999999,15099.31,15093.31,15096.81,168
2026-08-18T07:10:00+00:00,15096.81,15098.3,15094.3,15095.289999999999,78
2026-08-18T07:15:00+00:00,15095.289999999999,15099.8,15095.289999999999,15095.789999999999,52
2026-08-18T07:20:00+00:00,15095.789999999999,15097.31,15093.789999999999,15096.8,30
2026-08-18T07:25:00+00:00,15096.8,15099.31,15094.8,15094.8,44
2026-08-18T07:30:00+00:00,15094.8,15096.8,15090.289999999999,15090.8,49
2026-08-18T07:35:00+00:00,15090.8,15100.31,15087.789999999999,15099.81,136
2026-08-18T07:40:00+00:00,15099.81,15101.31,15096.289999999999,15097.3,99
2026-08-18T07:45:00+00:00,15097.3,15099.3,15095.289999999999,15096.789999999999,75
2026-08-18T07:50:00+00:00,15096.789999999999,15101.3,15095.289999999999,15096.289999999999,63
2026-08-18T07:55:00+00:00,15096.289999999999,15097.3,15088.289999999999,15089.3,144
2026-08-18T08:00:00+00:00,15089.3,15091.8,15082.789999999999,15083.3,293
2026-08-18T08:05:00+00:00,15083.3,15085.31,15078.3,15084.3,203
2026-08-18T08:10:00+00:00,15084.3,15090.789999999999,15083.289999999999,15088.31,130
2026-08-18T08:15:00+00:00,15088.31,15092.31,15086.81,15089.289999999999,162
2026-08-18T08:20:00+00:00,15089.289999999999,15092.31,15086.289999999999,15087.789999999999,66
2026-08-18T08:25:00+00:00,15087.789999999999,15093.3,15087.789999999999,15090.8,241
2026-08-18T09:00:00+00:00,15090.8,15090.8,15073.8,15083.3,257
2026-08-18T09:05:00+00:00,15083.3,15083.81,15076.289999999999,15078.289999999999,66
2026-08-18T09:10:00+00:00,15078.289999999999,15085.31,15077.81,15085.31,31
2026-08-18T09:15:00+00:00,15085.31,15085.31,15077.81,15077.81,47
2026-08-18T09:20:00+00:00,15077.81,15079.31,15075.81,15078.3,53
2026-08-18T09:25:00+00:00,15078.3,15086.3,15078.289999999999,15085.31,43
2026-08-18T09:30:00+00:00,15085.31,15089.289999999999,15084.789999999999,15087.789999999999,83
2026-08-18T09:35:00+00:00,15087.789999999999,15089.8,15085.3,15086.3,92
2026-08-18T09:40:00+00:00,15086.3,15086.31,15082.289999999999,15086.31,105
2026-08-18T09:45:00+00:00,15086.31,15090.3,15085.289999999999,15087.31,67
2026-08-18T09:50:00+00:00,15087.31,15091.31,15086.31,15091.3,70
2026-08-18T09:55:00+00:00,15091.3,15092.31,15087.789999999999,15088.289999999999,105
2026-08-18T10:00:00+00:00,15088.289999999999,15093.3,15087.8,15093.3,69
2026-08-18T10:05:00+00:00,15093.3,15094.81,15089.8,15092.81,48.97389033942559
2026-08-18T10:10:00+00:00,15092.81,15093.31,15089.289999999999,15089.289999999999,26
2026-08-18T10:15:00+00:00,15089.289999999999,15093.31,15089.289999999999,15090.31,40
2026-08-18T10:20:00+00:00,15090.31,15090.81,15087.289999999999,15089.289999999999,40
2026-08-18T10:25:00+00:00,15089.289999999999,15090.31,15087.289999999999,15089.3,41
2026-08-18T10:30:00+00:00,15089.3,15090.3,15088.289999999999,15089.289999999999,36
2026-08-18T10:35:00+00:00,15089.289999999999,15091.3,15089.289999999999,15089.289999999999,32
2026-08-18T10:40:00+00:00,15089.289999999999,15089.31,15087.289999999999,15088.289999999999,20
2026-08-18T10:45:00+00:00,15088.289999999999,15089.31,15085.3,15087.31,58
2026-08-18T10:50:00+00:00,15087.31,15089.3,15087.289999999999,15089.3,16
2026-08-18T10:55:00+00:00,15089.3,15090.8,15088.289999999999,15090.289999999999,26.711876625637455
2026-08-18T11:00:00+00:00,15090.289999999999,15092.31,15087.8,15091.31,42
2026-08-18T11:05:00+00:00,15091.31,15091.31,15089.789999999999,15090.289999999999,15
2026-08-18T11:10:00+00:00,15090.289999999999,15091.31,15089.789999999999,15090.789999999999,27
2026-08-18T11:15:00+00:00,15090.789999999999,15091.789999999999,15090.289999999999,15091.3,27
2026-08-18T11:20:00+00:00,15091.3,15094.3,15091.3,15093.8,31.33288948069241
2026-08-18T11:25:00+00:00,15093.8,15093.8,15090.289999999999,15091.3,23
2026-08-18T11:30:00+00:00,15091.3,15091.31,15088.289999999999,15088.789999999999,36
2026-08-18T11:35:00+00:00,15088.789999999999,15090.31,15087.3,15087.3,30
2026-08-18T11:40:00+00:00,15087.3,15092.289999999999,15087.3,15089.289999999999,29
2026-08-18T11:45:00+00:00,15089.289999999999,15093.3,15089.289999999999,15091.789999999999,31
2026-08-18T11:50:00+00:00,15091.789999999999,15092.81,15090.3,15092.31,44
2026-08-18T11:55:00+00:00,15092.31,15096.8,15091.289999999999,15095.3,27
2026-08-18T12:00:00+00:00,15095.3,15101.31,15093.3,15100.289999999999,77
2026-08-18T12:05:00+00:00,15100.289999999999,15105.31,15097.289999999999,15097.3,83
2026-08-18T12:10:00+00:00,15097.3,15101.289999999999,15097.289999999999,15100.8,57
2026-08-18T12:15:00+00:00,15100.8,15101.31,15099.289999999999,15100.3,44
2026-08-18T12:20:00+00:00,15100.3,15105.81,15100.3,15100.31,54
2026-08-18T12:25:00+00:00,15100.31,15101.289999999999,15098.3,15099.31,31
2026-08-18T12:30:00+00:00,15099.31,15103.289999999999,15095.289999999999,15100.81,92
2026-08-18T12:35:00+00:00,15100.81,15102.31,15096.289999999999,15098.31,65
2026-08-18T12:40:00+00:00,15098.31,15101.31,15097.789999999999,15101.31,38
2026-08-18T12:45:00+00:00,15101.31,15104.31,15101.31,15104.289999999999,25
2026-08-18T12:50:00+00:00,15104.289999999999,15106.31,15100.8,15101.31,61
2026-08-18T12:55:00+00:00,15101.31,15102.3,15100.289999999999,15101.3,36
2026-08-18T13:00:00+00:00,15101.3,15102.289999999999,15097.289999999999,15099.31,87
2026-08-18T13:05:00+00:00,15099.31,15100.31,15095.3,15095.3,50
2026-08-18T13:10:00+00:00,15095.3,15096.789999999999,15094.289999999999,15094.3,24
2026-08-18T13:15:00+00:00,15094.3,15094.31,15089.289999999999,15089.289999999999,72
2026-08-18T13:20:00+00:00,15089.289999999999,15091.31,15083.289999999999,15085.789999999999,107
2026-08-18T13:25:00+00:00,15085.789999999999,15086.31,15083.289999999999,15084.31,84
2026-08-18T13:30:00+00:00,15084.31,15099.8,15078.289999999999,15086.31,646
2026-08-18T13:35:00+00:00,15086.31,15100.81,15086.31,15099.3,351
2026-08-18T13:40:00+00:00,15099.3,15100.3,15087.289999999999,15087.289999999999,188
2026-08-18T13:45:00+00:00,15087.289999999999,15087.31,15073.289999999999,15074.31,287
2026-08-18T13:50:00+00:00,15074.31,15078.31,15072.81,15076.289999999999,207
2026-08-18T13:55:00+00:00,15076.289999999999,15078.31,15071.8,15075.81,205
2026-08-18T14:00:00+00:00,15075.81,15080.31,15073.289999999999,15078.289999999999,243
2026-08-18T14:05:00+00:00,15078.289999999999,15078.289999999999,15069.3,15069.31,172
2026-08-18T14:10:00+00:00,15069.31,15070.3,15065.8,15065.8,133
2026-08-18T14:15:00+00:00,15065.8,15073.3,15064.289999999999,15070.81,175
2026-08-18T14:20:00+00:00,15070.81,15072.31,15067.3,15071.789999999999,180
2026-08-18T14:25:00+00:00,15071.789999999999,15077.3,15071.789999999999,15074.31,120
2026-08-18T14:30:00+00:00,15074.31,15080.31,15073.3,15073.3,144
2026-08-18T14:35:00+00:00,15073.3,15075.3,15066.3,15069.31,112
2026-08-18T14:40:00+00:00,15069.31,15069.31,15060.3,15061.31,79
2026-08-18T14:45:00+00:00,15061.31,15061.81,15057.789999999999,15058.8,108
2026-08-18T14:50:00+00:00,15058.8,15062.31,15050.289999999999,15053.3,203
2026-08-18T14:55:00+00:00,15053.3,15056.31,15048.289999999999,15048.3,126
2026-08-18T15:00:00+00:00,15048.3,15053.8,15044.31,15051.31,159
2026-08-18T15:05:00+00:00,15051.31,15054.3,15043.789999999999,15044.289999999999,144
2026-08-18T15:10:00+00:00,15044.289999999999,15049.3,15042.289999999999,15047.31,99
2026-08-18T15:15:00+00:00,15047.31,15052.289999999999,15046.289999999999,15046.3,130
2026-08-18T15:20:00+00:00,15046.3,15054.3,15044.8,15052.3,141
2026-08-18T15:25:00+00:00,15052.3,15063.289999999999,15050.789999999999,15061.3,162
2026-08-18T15:30:00+00:00,15061.3,15063.3,15058.289999999999,15061.3,172
2026-08-18T15:35:00+00:00,15061.3,15061.31,15052.289999999999,15052.31,136
2026-08-18T15:40:00+00:00,15052.31,15056.3,15050.289999999999,15052.3,109
2026-08-18T15:45:00+00:00,15052.3,15060.289999999999,15052.3,15058.31,74
2026-08-18T15:50:00+00:00,15058.31,15067.31,15057.31,15066.3,97
2026-08-18T15:55:00+00:00,15066.3,15067.31,15064.8,15067.3,69
2026-08-18T16:00:00+00:00,15067.3,15068.31,15064.3,15065.289999999999,72
2026-08-18T16:05:00+00:00,15065.289999999999,15066.3,15062.3,15062.3,74
2026-08-18T16:10:00+00:00,15062.3,15064.289999999999,15056.3,15056.3,65
2026-08-18T16:15:00+00:00,15056.3,15058.31,15054.3,15054.3,59
2026-08-18T16:20:00+00:00,15054.3,15060.31,15054.3,15059.3,63
2026-08-18T16:25:00+00:00,15059.3,15059.81,15053.31,15053.31,56
2026-08-18T16:30:00+00:00,15053.31,15055.31,15053.289999999999,15055.289999999999,42
2026-08-18T16:35:00+00:00,15055.289999999999,15055.31,15052.8,15053.31,41
2026-08-18T16:40:00+00:00,15053.31,15055.81,15052.3,15054.31,51
2026-08-18T16:45:00+00:00,15054.31,15058.31,15052.3,15057.31,63
2026-08-18T16:50:00+00:00,15057.31,15060.789999999999,15056.3,15060.789999999999,57
2026-08-18T16:55:00+00:00,15060.789999999999,15061.3,15056.289999999999,15056.81,45
2026-08-18T17:00:00+00:00,15056.81,15058.31,15055.289999999999,15057.81,46
2026-08-18T17:05:00+00:00,15057.81,15058.81,15055.289999999999,15057.3,42
2026-08-18T17:10:00+00:00,15057.3,15058.289999999999,15055.289999999999,15056.289999999999,28
2026-08-18T17:15:00+00:00,15056.289999999999,15056.289999999999,15053.289999999999,15053.31,43
2026-08-18T17:20:00+00:00,15053.31,15054.3,15052.289999999999,15052.289999999999,49
2026-08-18T17:25:00+00:00,15052.289999999999,15054.789999999999,15051.289999999999,15054.289999999999,43
2026-08-18T17:30:00+00:00,15054.289999999999,15056.289999999999,15053.3,15055.8,57
2026-08-18T17:35:00+00:00,15055.8,15055.8,15051.289999999999,15052.3,62
2026-08-18T17:40:00+00:00,15052.3,15053.31,15051.289999999999,15051.3,45
2026-08-18T17:45:00+00:00,15051.3,15053.289999999999,15049.289999999999,15051.31,38
2026-08-18T17:50:00+00:00,15051.31,15053.81,15049.289999999999,15052.31,39
2026-08-18T17:55:00+00:00,15052.31,15052.31,15048.289999999999,15048.289999999999,43
2026-08-18T18:00:00+00:00,15048.289999999999,15048.31,15044.289999999999,15044.31,61
2026-08-18T18:05:00+00:00,15044.31,15045.31,15042.3,15042.3,33
2026-08-18T18:10:00+00:00,15042.3,15047.3,15042.289999999999,15045.31,61
2026-08-18T18:15:00+00:00,15045.31,15048.31,15045.289999999999,15047.789999999999,85
2026-08-18T18:20:00+00:00,15047.789999999999,15049.81,15047.289999999999,15047.789999999999,49
2026-08-18T18:25:00+00:00,15047.789999999999,15048.31,15046.289999999999,15046.31,48
2026-08-18T18:30:00+00:00,15046.31,15048.31,15044.3,15046.81,43
2026-08-18T18:35:00+00:00,15046.81,15051.31,15046.81,15050.8,44
2026-08-18T18:40:00+00:00,15050.8,15051.289999999999,15047.289999999999,15047.81,37
2026-08-18T18:45:00+00:00,15047.81,15051.31,15047.81,15049.289999999999,32
2026-08-18T18:50:00+00:00,15049.289999999999,15049.3,15045.289999999999,15045.289999999999,61
2026-08-18T18:55:00+00:00,15045.289999999999,15048.289999999999,15044.31,15046.31,40
2026-08-18T19:00:00+00:00,15046.31,15048.31,15045.3,15045.31,21
2026-08-18T19:05:00+00:00,15045.31,15046.31,15044.3,15045.289999999999,28
2026-08-18T19:10:00+00:00,15045.289999999999,15047.3,15045.289999999999,15046.81,20
2026-08-18T19:15:00+00:00,15046.81,15047.31,15044.3,15045.3,46
2026-08-18T19:20:00+00:00,15045.3,15045.3,15043.289999999999,15044.3,33
2026-08-18T19:25:00+00:00,15044.3,15048.31,15043.289999999999,15046.3,46
2026-08-18T19:30:00+00:00,15046.3,15046.31,15043.3,15043.3,67
2026-08-18T19:35:00+00:00,15043.3,15044.31,15042.8,15043.8,29
2026-08-18T19:40:00+00:00,15043.8,15044.31,15042.289999999999,15042.31,34
2026-08-18T19:45:00+00:00,15042.31,15047.3,15042.289999999999,15045.3,49
2026-08-18T19:50:00+00:00,15045.3,15046.31,15041.3,15041.31,66.23981373690339
2026-08-18T19:55:00+00:00,15041.31,15044.31,15039.789999999999,15043.3,82
2026-08-18T20:00:00+00:00,15043.3,15044.31,15041.789999999999,15041.8,32.1156462585034
2026-08-18T20:05:00+00:00,15041.8,15042.289999999999,15040.789999999999,15041.31,17
2026-08-18T20:10:00+00:00,15041.31,15041.31,15039.789999999999,15039.789999999999,10
2026-08-18T20:15:00+00:00,15039.789999999999,15039.81,15039.789999999999,15039.789999999999,6.112305854241338
2026-08-18T20:20:00+00:00,15039.789999999999,15040.3,15039.31,15039.31,11.19704433497537
2026-08-18T20:25:00+00:00,15039.31,15040.789999999999,15039.289999999999,15040.789999999999,8
2026-08-18T20:30:00+00:00,15040.789999999999,15043.289999999999,15040.789999999999,15042.789999999999,17
2026-08-18T20:35:00+00:00,15042.789999999999,15042.81,15042.789999999999,15042.8,9.222511207837478
2026-08-18T20:40:00+00:00,15042.8,15042.81,15041.31,15041.31,11.153061224489797
2026-08-19T01:00:00+00:00,15041.31,15042.31,15014.039999999999,15023.539999999999,181.87945879458795
2026-08-19T01:05:00+00:00,15023.539999999999,15032.029999999999,15021.519999999999,15025.019999999999,113
2026-08-19T01:10:00+00:00,15025.019999999999,15026.539999999999,15012.019999999999,15013.529999999999,100
2026-08-19T01:15:00+00:00,15013.529999999999,15014.039999999999,14945.519999999999,14957.019999999999,1143
2026-08-19T01:20:00+00:00,14957.019999999999,14973.539999999999,14949.019999999999,14963.019999999999,759
2026-08-19T01:25:00+00:00,14963.019999999999,14970.039999999999,14933.029999999999,14938.519999999999,824
2026-08-19T01:30:00+00:00,14938.519999999999,14950.029999999999,14861.039999999999,14878.519999999999,4735
2026-08-19T01:35:00+00:00,14878.519999999999,14914.039999999999,14865.019999999999,14911.029999999999,3257
2026-08-19T01:40:00+00:00,14911.029999999999,14938.029999999999,14904.519999999999,14910.029999999999,2242
2026-08-19T01:45:00+00:00,14910.029999999999,14918.039999999999,14884.019999999999,14901.029999999999,2128
2026-08-19T01:50:00+00:00,14901.029999999999,14907.539999999999,14890.029999999999,14897.539999999999,1560
2026-08-19T01:55:00+00:00,14897.539999999999,14917.539999999999,14893.029999999999,14900.039999999999,1499
2026-08-19T02:00:00+00:00,14900.039999999999,14907.519999999999,14879.019999999999,14889.019999999999,1658
2026-08-19T02:05:00+00:00,14889.019999999999,14894.039999999999,14852.519999999999,14865.529999999999,1829
2026-08-19T02:10:00+00:00,14865.529999999999,14865.529999999999,14823.539999999999,14825.039999999999,1687
2026-08-19T02:15:00+00:00,14825.039999999999,14828.039999999999,14800.029999999999,14800.539999999999,1421
2026-08-19T02:20:00+00:00,14800.539999999999,14852.029999999999,14795.519999999999,14845.519999999999,1527
2026-08-19T02:25:00+00:00,14845.519999999999,14854.039999999999,14811.519999999999,14813.539999999999,1189
2026-08-19T02:30:00+00:00,14813.539999999999,14819.039999999999,14761.019999999999,14773.039999999999,1341
2026-08-19T02:35:00+00:00,14773.039999999999,14782.529999999999,14751.019999999999,14755.529999999999,1317
2026-08-19T02:40:00+00:00,14755.529999999999,14795.039999999999,14754.019999999999,14758.529999999999,1468
2026-08-19T02:45:00+00:00,14758.529999999999,14815.019999999999,14753.039999999999,14814.029999999999,1403
2026-08-19T02:50:00+00:00,14814.029999999999,14818.539999999999,14793.019999999999,14796.019999999999,1214
2026-08-19T02:55:00+00:00,14796.019999999999,14823.029999999999,14793.529999999999,14799.029999999999,1184
2026-08-19T03:00:00+00:00,14799.029999999999,14816.539999999999,14782.019999999999,14790.039999999999,1039
2026-08-19T03:05:00+00:00,14790.039999999999,14798.039999999999,14775.029999999999,14796.519999999999,975
2026-08-19T03:10:00+00:00,14796.519999999999,14798.039999999999,14776.019999999999,14784.039999999999,863
2026-08-19T03:15:00+00:00,14784.039999999999,14793.039999999999,14770.039999999999,14784.029999999999,899
2026-08-19T03:20:00+00:00,14784.029999999999,14790.039999999999,14773.019999999999,14780.039999999999,769
2026-08-19T03:25:00+00:00,14780.039999999999,14785.539999999999,14768.019999999999,14775.529999999999,439
2026-08-19T03:30:00+00:00,14775.529999999999,14781.029999999999,14771.019999999999,14781.029999999999,186
2026-08-19T03:35:00+00:00,14781.029999999999,14791.529999999999,14780.019999999999,14787.019999999999,175
2026-08-19T03:40:00+00:00,14787.019999999999,14799.019999999999,14782.019999999999,14787.539999999999,148
2026-08-19T03:45:00+00:00,14787.539999999999,14787.539999999999,14780.529999999999,14783.519999999999,108
2026-08-19T03:50:00+00:00,14783.519999999999,14788.039999999999,14783.019999999999,14783.019999999999,114
2026-08-19T03:55:00+00:00,14783.019999999999,14790.039999999999,14782.019999999999,14786.019999999999,133
2026-08-19T04:00:00+00:00,14786.019999999999,14787.039999999999,14779.019999999999,14780.539999999999,76
2026-08-19T04:05:00+00:00,14780.539999999999,14781.039999999999,14774.019999999999,14774.019999999999,62
2026-08-19T04:10:00+00:00,14774.019999999999,14776.039999999999,14773.019999999999,14773.519999999999,69
2026-08-19T04:15:00+00:00,14773.519999999999,14774.529999999999,14771.019999999999,14773.529999999999,84
2026-08-19T04:20:00+00:00,14773.529999999999,14780.529999999999,14773.019999999999,14776.539999999999,91
2026-08-19T04:25:00+00:00,14776.539999999999,14783.039999999999,14776.539999999999,14780.529999999999,86
2026-08-19T04:30:00+00:00,14780.529999999999,14784.529999999999,14779.019999999999,14780.029999999999,140
2026-08-19T04:35:00+00:00,14780.029999999999,14782.039999999999,14777.019999999999,14777.029999999999,120
2026-08-19T04:40:00+00:00,14777.029999999999,14780.039999999999,14775.019999999999,14776.039999999999,111
2026-08-19T04:45:00+00:00,14776.039999999999,14778.039999999999,14770.029999999999,14770.519999999999,111
2026-08-19T04:50:00+00:00,14770.519999999999,14774.029999999999,14769.019999999999,14773.029999999999,87
2026-08-19T04:55:00+00:00,14773.029999999999,14782.519999999999,14772.019999999999,14782.519999999999,71
2026-08-19T05:00:00+00:00,14782.519999999999,14784.529999999999,14747.019999999999,14748.029999999999,1693
2026-08-19T05:05:00+00:00,14748.029999999999,14750.029999999999,14724.029999999999,14737.029999999999,961
2026-08-19T05:10:00+00:00,14737.029999999999,14739.539999999999,14690.019999999999,14695.029999999999,965
2026-08-19T05:15:00+00:00,14695.029999999999,14701.019999999999,14684.529999999999,14701.019999999999,835
2026-08-19T05:20:00+00:00,14701.019999999999,14748.539999999999,14701.019999999999,14736.529999999999,2219
2026-08-19T05:25:00+00:00,14736.529999999999,14753.519999999999,14718.019999999999,14735.039999999999,1576
2026-08-19T05:30:00+00:00,14735.039999999999,14751.539999999999,14719.019999999999,14724.039999999999,1800
2026-08-19T05:35:00+00:00,14724.039999999999,14736.019999999999,14701.519999999999,14731.529999999999,1317
2026-08-19T05:40:00+00:00,14731.529999999999,14739.539999999999,14706.029999999999,14722.529999999999,1581
2026-08-19T05:45:00+00:00,14722.529999999999,14727.019999999999,14710.019999999999,14710.529999999999,1030
2026-08-19T05:50:00+00:00,14710.529999999999,14717.019999999999,14707.029999999999,14708.529999999999,737
2026-08-19T05:55:00+00:00,14708.529999999999,14709.029999999999,14691.529999999999,14692.029999999999,646
2026-08-19T06:00:00+00:00,14692.029999999999,14698.529999999999,14674.019999999999,14677.519999999999,753
2026-08-19T06:05:00+00:00,14677.519999999999,14692.039999999999,14664.019999999999,14666.039999999999,667
2026-08-19T06:10:00+00:00,14666.039999999999,14701.039999999999,14665.019999999999,14693.529999999999,925
2026-08-19T06:15:00+00:00,14693.529999999999,14709.039999999999,14684.529999999999,14707.039999999999,924
2026-08-19T06:20:00+00:00,14707.039999999999,14713.539999999999,14693.029999999999,14702.529999999999,888
2026-08-19T06:25:00+00:00,14702.529999999999,14712.039999999999,14692.019999999999,14695.519999999999,858
2026-08-19T06:30:00+00:00,14695.519999999999,14697.029999999999,14679.529999999999,14688.519999999999,1130
2026-08-19T06:35:00+00:00,14688.519999999999,14693.029999999999,14668.029999999999,14682.539999999999,949
2026-08-19T06:40:00+00:00,14682.539999999999,14690.039999999999,14659.519999999999,14671.529999999999,1385
2026-08-19T06:45:00+00:00,14671.529999999999,14733.029999999999,14670.529999999999,14730.039999999999,1471
2026-08-19T06:50:00+00:00,14730.039999999999,14738.029999999999,14702.029999999999,14706.029999999999,1402
2026-08-19T06:55:00+00:00,14706.029999999999,14723.019999999999,14704.519999999999,14720.519999999999,1196
2026-08-19T07:00:00+00:00,14720.519999999999,14732.039999999999,14711.019999999999,14720.039999999999,450
2026-08-19T07:05:00+00:00,14720.039999999999,14726.029999999999,14714.029999999999,14726.019999999999,182
2026-08-19T07:10:00+00:00,14726.019999999999,14733.039999999999,14725.519999999999,14732.529999999999,166
2026-08-19T07:15:00+00:00,14732.529999999999,14732.539999999999,14723.539999999999,14728.039999999999,140
2026-08-19T07:20:00+00:00,14728.039999999999,14733.039999999999,14728.019999999999,14730.529999999999,110
2026-08-19T07:25:00+00:00,14730.529999999999,14735.539999999999,14728.519999999999,14735.539999999999,127
2026-08-19T07:30:00+00:00,14735.539999999999,14737.039999999999,14732.029999999999,14733.019999999999,191
2026-08-19T07:35:00+00:00,14733.019999999999,14734.039999999999,14728.019999999999,14730.039999999999,145
2026-08-19T07:40:00+00:00,14730.039999999999,14735.029999999999,14729.519999999999,14732.029999999999,141
2026-08-19T07:45:00+00:00,14732.029999999999,14736.039999999999,14729.019999999999,14735.539999999999,144
2026-08-19T07:50:00+00:00,14735.539999999999,14736.039999999999,14732.519999999999,14735.019999999999,135
2026-08-19T07:55:00+00:00,14735.019999999999,14738.029999999999,14734.529999999999,14736.029999999999,123
2026-08-19T08:00:00+00:00,14736.029999999999,14741.039999999999,14732.519999999999,14736.539999999999,184
2026-08-19T08:05:00+00:00,14736.539999999999,14738.039999999999,14733.029999999999,14736.039999999999,155
2026-08-19T08:10:00+00:00,14736.039999999999,14741.539999999999,14733.029999999999,14733.529999999999,131
2026-08-19T08:15:00+00:00,14733.529999999999,14738.039999999999,14730.519999999999,14735.029999999999,141
2026-08-19T08:20:00+00:00,14735.029999999999,14739.039999999999,14734.039999999999,14736.039999999999,91
2026-08-19T08:25:00+00:00,14736.039999999999,14738.529999999999,14732.529999999999,14738.039999999999,139
2026-08-19T09:00:00+00:00,14738.039999999999,14746.039999999999,14733.519999999999,14746.039999999999,136
2026-08-19T09:05:00+00:00,14746.039999999999,14746.519999999999,14741.529999999999,14743.519999999999,47
2026-08-19T09:10:00+00:00,14743.519999999999,14744.529999999999,14742.019999999999,14742.019999999999,38
2026-08-19T09:15:00+00:00,14742.019999999999,14742.019999999999,14734.019999999999,14737.039999999999,91
2026-08-19T09:20:00+00:00,14737.039999999999,14742.039999999999,14737.019999999999,14741.039999999999,62
2026-08-19T09:25:00+00:00,14741.039999999999,14741.039999999999,14738.039999999999,14739.539999999999,44
2026-08-19T09:30:00+00:00,14739.539999999999,14744.039999999999,14739.019999999999,14741.019999999999,102
2026-08-19T09:35:00+00:00,14741.019999999999,14741.529999999999,14733.019999999999,14737.029999999999,93
2026-08-19T09:40:00+00:00,14737.029999999999,14738.039999999999,14734.019999999999,14735.039999999999,37
2026-08-19T09:45:00+00:00,14735.039999999999,14739.019999999999,14735.019999999999,14739.019999999999,46
2026-08-19T09:50:00+00:00,14739.019999999999,14740.029999999999,14737.019999999999,14740.029999999999,27
2026-08-19T09:55:00+00:00,14740.029999999999,14742.539999999999,14739.539999999999,14741.039999999999,37
2026-08-19T10:00:00+00:00,14741.039999999999,14743.039999999999,14741.019999999999,14741.019999999999,43
2026-08-19T10:05:00+00:00,14741.019999999999,14743.039999999999,14740.529999999999,14742.019999999999,24
2026-08-19T10:10:00+00:00,14742.019999999999,14746.019999999999,14741.019999999999,14743.029999999999,45
2026-08-19T10:15:00+00:00,14743.029999999999,14744.039999999999,14741.519999999999,14743.019999999999,46
2026-08-19T10:20:00+00:00,14743.019999999999,14743.039999999999,14740.039999999999,14741.539999999999,47
2026-08-19T10:25:00+00:00,14741.539999999999,14746.029999999999,14740.019999999999,14746.029999999999,58
2026-08-19T10:30:00+00:00,14746.029999999999,14747.029999999999,14744.029999999999,14746.029999999999,28
2026-08-19T10:35:00+00:00,14746.029999999999,14747.039999999999,14746.019999999999,14747.029999999999,30
2026-08-19T10:40:00+00:00,14747.029999999999,14748.039999999999,14747.019999999999,14748.019999999999,37
2026-08-19T10:45:00+00:00,14748.019999999999,14748.039999999999,14747.019999999999,14747.039999999999,31
2026-08-19T10:50:00+00:00,14747.039999999999,14747.039999999999,14746.019999999999,14746.029999999999,23.629298486932598
2026-08-19T10:55:00+00:00,14746.029999999999,14746.039999999999,14745.019999999999,14745.019999999999,22.089373680506686
2026-08-19T11:00:00+00:00,14745.019999999999,14750.019999999999,14744.519999999999,14748.539999999999,57
2026-08-19T11:05:00+00:00,14748.539999999999,14750.519999999999,14747.039999999999,14747.039999999999,41
2026-08-19T11:10:00+00:00,14747.039999999999,14749.039999999999,14746.019999999999,14748.029999999999,32
2026-08-19T11:15:00+00:00,14748.029999999999,14749.029999999999,14747.019999999999,14748.029999999999,28.308984660336012
2026-08-19T11:20:00+00:00,14748.029999999999,14750.039999999999,14747.019999999999,14749.029999999999,39
2026-08-19T11:25:00+00:00,14749.029999999999,14751.039999999999,14748.019999999999,14748.019999999999,35
2026-08-19T11:30:00+00:00,14748.019999999999,14749.539999999999,14746.019999999999,14746.019999999999,59
2026-08-19T11:35:00+00:00,14746.019999999999,14747.039999999999,14746.019999999999,14746.519999999999,20
2026-08-19T11:40:00+00:00,14746.519999999999,14747.019999999999,14744.019999999999,14744.039999999999,32
2026-08-19T11:45:00+00:00,14744.039999999999,14748.039999999999,14744.039999999999,14748.039999999999,26
2026-08-19T11:50:00+00:00,14748.039999999999,14748.039999999999,14745.019999999999,14745.519999999999,27
2026-08-19T11:55:00+00:00,14745.519999999999,14746.529999999999,14745.519999999999,14746.019999999999,19
2026-08-19T12:00:00+00:00,14746.019999999999,14746.039999999999,14743.519999999999,14743.529999999999,75
2026-08-19T12:05:00+00:00,14743.529999999999,14745.529999999999,14743.019999999999,14745.039999999999,33
2026-08-19T12:10:00+00:00,14745.039999999999,14747.039999999999,14744.019999999999,14746.039999999999,43
2026-08-19T12:15:00+00:00,14746.039999999999,14749.019999999999,14746.029999999999,14748.539999999999,38
2026-08-19T12:20:00+00:00,14748.539999999999,14751.039999999999,14748.029999999999,14749.529999999999,48
2026-08-19T12:25:00+00:00,14749.529999999999,14749.539999999999,14745.019999999999,14746.529999999999,63
2026-08-19T12:30:00+00:00,14746.529999999999,14762.039999999999,14745.019999999999,14762.019999999999,251
2026-08-19T12:35:00+00:00,14762.019999999999,14782.019999999999,14757.029999999999,14781.029999999999,348
2026-08-19T12:40:00+00:00,14781.029999999999,14784.039999999999,14774.519999999999,14784.039999999999,193
2026-08-19T12:45:00+00:00,14784.039999999999,14798.019999999999,14783.019999999999,14798.019999999999,203
2026-08-19T12:50:00+00:00,14798.019999999999,14806.029999999999,14794.029999999999,14806.029999999999,222
2026-08-19T12:55:00+00:00,14806.029999999999,14810.029999999999,14803.029999999999,14805.029999999999,227
2026-08-19T13:00:00+00:00,14805.029999999999,14809.029999999999,14802.019999999999,14807.039999999999,114
2026-08-19T13:05:00+00:00,14807.039999999999,14817.539999999999,14806.019999999999,14817.539999999999,110
2026-08-19T13:10:00+00:00,14817.539999999999,14827.019999999999,14817.539999999999,14824.029999999999,89
2026-08-19T13:15:00+00:00,14824.029999999999,14825.039999999999,14817.019999999999,14819.029999999999,100
2026-08-19T13:20:00+00:00,14819.029999999999,14822.019999999999,14817.019999999999,14817.019999999999,92
2026-08-19T13:25:00+00:00,14817.019999999999,14825.039999999999,14814.519999999999,14821.529999999999,84
2026-08-19T13:30:00+00:00,14821.529999999999,14824.039999999999,14807.519999999999,14810.019999999999,355
2026-08-19T13:35:00+00:00,14810.019999999999,14812.019999999999,14799.029999999999,14806.019999999999,367
2026-08-19T13:40:00+00:00,14806.019999999999,14810.039999999999,14796.019999999999,14808.029999999999,231
2026-08-19T13:45:00+00:00,14808.029999999999,14808.039999999999,14791.019999999999,14792.039999999999,288
2026-08-19T13:50:00+00:00,14792.039999999999,14793.039999999999,14783.019999999999,14790.519999999999,364
2026-08-19T13:55:00+00:00,14790.519999999999,14798.019999999999,14788.519999999999,14793.029999999999,344
2026-08-19T14:00:00+00:00,14793.029999999999,14796.029999999999,14783.019999999999,14787.529999999999,293
2026-08-19T14:05:00+00:00,14787.529999999999,14789.039999999999,14777.029999999999,14779.039999999999,247
2026-08-19T14:10:00+00:00,14779.039999999999,14780.039999999999,14770.019999999999,14770.019999999999,174
2026-08-19T14:15:00+00:00,14770.019999999999,14781.039999999999,14770.019999999999,14774.019999999999,342
2026-08-19T14:20:00+00:00,14774.019999999999,14777.539999999999,14766.019999999999,14770.029999999999,289
2026-08-19T14:25:00+00:00,14770.029999999999,14784.039999999999,14769.019999999999,14782.529999999999,145
2026-08-19T14:30:00+00:00,14782.529999999999,14790.019999999999,14782.529999999999,14785.039999999999,185
2026-08-19T14:35:00+00:00,14785.039999999999,14799.019999999999,14784.019999999999,14797.019999999999,149
2026-08-19T14:40:00+00:00,14797.019999999999,14797.539999999999,14791.039999999999,14793.039999999999,161
2026-08-19T14:45:00+00:00,14793.039999999999,14794.039999999999,14785.029999999999,14785.029999999999,110
2026-08-19T14:50:00+00:00,14785.029999999999,14788.039999999999,14783.019999999999,14786.029999999999,82
2026-08-19T14:55:00+00:00,14786.029999999999,14792.539999999999,14785.029999999999,14792.039999999999,106
2026-08-19T15:00:00+00:00,14792.039999999999,14792.039999999999,14788.029999999999,14788.039999999999,88
2026-08-19T15:05:00+00:00,14788.039999999999,14791.039999999999,14784.039999999999,14789.039999999999,110
2026-08-19T15:10:00+00:00,14789.039999999999,14792.039999999999,14787.019999999999,14791.519999999999,60
2026-08-19T15:15:00+00:00,14791.519999999999,14792.039999999999,14788.529999999999,14792.029999999999,74
2026-08-19T15:20:00+00:00,14792.029999999999,14793.029999999999,14787.519999999999,14787.519999999999,57
2026-08-19T15:25:00+00:00,14787.519999999999,14787.519999999999,14783.019999999999,14784.019999999999,78
2026-08-19T15:30:00+00:00,14784.019999999999,14785.029999999999,14779.019999999999,14780.019999999999,84
2026-08-19T15:35:00+00:00,14780.019999999999,14781.039999999999,14778.039999999999,14779.05,68.7404718693285
2026-08-19T15:40:00+00:00,14779.05,14783.55,14774.039999999999,14783.539999999999,85
2026-08-19T15:45:00+00:00,14783.539999999999,14794.05,14783.029999999999,14790.529999999999,93
2026-08-19T15:50:00+00:00,14790.529999999999,14790.529999999999,14785.029999999999,14785.55,49
2026-08-19T15:55:00+00:00,14785.55,14789.05,14785.039999999999,14789.039999999999,57
2026-08-19T16:00:00+00:00,14789.039999999999,14796.05,14787.039999999999,14794.029999999999,71
2026-08-19T16:05:00+00:00,14794.029999999999,14794.55,14792.029999999999,14793.05,52
2026-08-19T16:10:00+00:00,14793.05,14795.039999999999,14792.039999999999,14795.029999999999,30
2026-08-19T16:15:00+00:00,14795.029999999999,14797.529999999999,14794.029999999999,14796.039999999999,53
2026-08-19T16:20:00+00:00,14796.039999999999,14797.05,14794.029999999999,14796.039999999999,27
2026-08-19T16:25:00+00:00,14796.039999999999,14796.039999999999,14789.029999999999,14790.039999999999,64
2026-08-19T16:30:00+00:00,14790.039999999999,14791.039999999999,14788.029999999999,14790.05,55
2026-08-19T16:35:00+00:00,14790.05,14793.029999999999,14788.039999999999,14792.55,59
2026-08-19T16:40:00+00:00,14792.55,14793.05,14790.55,14790.55,46
2026-08-19T16:45:00+00:00,14790.55,14791.529999999999,14789.05,14791.029999999999,51
2026-08-19T16:50:00+00:00,14791.029999999999,14793.05,14788.029999999999,14792.55,52
2026-08-19T16:55:00+00:00,14792.55,14792.55,14789.029999999999,14789.55,32
2026-08-19T17:00:00+00:00,14789.55,14791.05,14788.039999999999,14788.529999999999,57
2026-08-19T17:05:00+00:00,14788.529999999999,14790.05,14786.05,14786.05,42
2026-08-19T17:10:00+00:00,14786.05,14788.539999999999,14785.029999999999,14787.05,60
2026-08-19T17:15:00+00:00,14787.05,14787.05,14782.039999999999,14782.039999999999,46
2026-08-19T17:20:00+00:00,14782.039999999999,14783.05,14781.029999999999,14782.05,38
2026-08-19T17:25:00+00:00,14782.05,14785.05,14781.029999999999,14784.029999999999,55
2026-08-19T17:30:00+00:00,14784.029999999999,14785.05,14779.029999999999,14780.05,79
2026-08-19T17:35:00+00:00,14780.05,14782.05,14779.029999999999,14779.529999999999,53
2026-08-19T17:40:00+00:00,14779.529999999999,14783.029999999999,14779.029999999999,14780.05,63
2026-08-19T17:45:00+00:00,14780.05,14783.05,14780.039999999999,14781.55,57
2026-08-19T17:50:00+00:00,14781.55,14783.05,14781.029999999999,14781.55,40
2026-08-19T17:55:00+00:00,14781.55,14782.039999999999,14780.029999999999,14781.039999999999,48
2026-08-19T18:00:00+00:00,14781.039999999999,14786.05,14779.539999999999,14784.039999999999,154
2026-08-19T18:05:00+00:00,14784.039999999999,14784.039999999999,14778.55,14781.039999999999,138
2026-08-19T18:10:00+00:00,14781.039999999999,14785.039999999999,14779.029999999999,14782.029999999999,71
2026-08-19T18:15:00+00:00,14782.029999999999,14782.05,14778.029999999999,14779.05,68
2026-08-19T18:20:00+00:00,14779.05,14779.05,14776.029999999999,14776.039999999999,36
2026-08-19T18:25:00+00:00,14776.039999999999,14778.05,14775.029999999999,14778.05,55
2026-08-19T18:30:00+00:00,14778.05,14787.55,14778.039999999999,14787.029999999999,51
2026-08-19T18:35:00+00:00,14787.029999999999,14787.05,14784.029999999999,14784.55,33
2026-08-19T18:40:00+00:00,14784.55,14788.05,14784.55,14787.029999999999,53
2026-08-19T18:45:00+00:00,14787.029999999999,14787.539999999999,14785.029999999999,14786.05,54
2026-08-19T18:50:00+00:00,14786.05,14787.55,14784.529999999999,14786.029999999999,39
2026-08-19T18:55:00+00:00,14786.029999999999,14786.039999999999,14783.039999999999,14784.05,49
2026-08-19T19:00:00+00:00,14784.05,14787.039999999999,14783.539999999999,14785.029999999999,33
2026-08-19T19:05:00+00:00,14785.029999999999,14787.05,14783.55,14787.05,17
2026-08-19T19:10:00+00:00,14787.05,14788.539999999999,14786.039999999999,14787.029999999999,28
2026-08-19T19:15:00+00:00,14787.029999999999,14791.529999999999,14787.029999999999,14789.539999999999,48
2026-08-19T19:20:00+00:00,14789.539999999999,14789.539999999999,14786.529999999999,14787.039999999999,33
2026-08-19T19:25:00+00:00,14787.039999999999,14792.039999999999,14787.039999999999,14789.55,42
2026-08-19T19:30:00+00:00,14789.55,14790.55,14786.029999999999,14786.029999999999,54
2026-08-19T19:35:00+00:00,14786.029999999999,14786.05,14784.029999999999,14784.05,44
2026-08-19T19:40:00+00:00,14784.05,14786.529999999999,14784.039999999999,14785.029999999999,39
2026-08-19T19:45:00+00:00,14785.029999999999,14786.05,14783.05,14786.05,57
2026-08-19T19:50:00+00:00,14786.05,14786.55,14778.029999999999,14781.539999999999,85
2026-08-19T19:55:00+00:00,14781.539999999999,14784.05,14780.029999999999,14783.029999999999,69
2026-08-19T20:00:00+00:00,14783.029999999999,14791.05,14783.029999999999,14789.539999999999,32
2026-08-19T20:05:00+00:00,14789.539999999999,14789.55,14788.039999999999,14789.039999999999,14.913284132841328
2026-08-19T20:10:00+00:00,14789.039999999999,14789.05,14787.55,14788.029999999999,12
2026-08-19T20:15:00+00:00,14788.029999999999,14789.05,14787.539999999999,14788.539999999999,11
2026-08-19T20:20:00+00:00,14788.539999999999,14790.029999999999,14788.529999999999,14790.029999999999,10.85943755863908
2026-08-19T20:25:00+00:00,14790.029999999999,14792.55,14789.529999999999,14792.539999999999,14.895953757225433
2026-08-19T20:30:00+00:00,14792.539999999999,14794.039999999999,14792.529999999999,14793.05,15
2026-08-19T20:35:00+00:00,14793.05,14795.05,14793.05,14795.039999999999,8
2026-08-19T20:40:00+00:00,14795.039999999999,14795.539999999999,14795.029999999999,14795.529999999999,9.922155688622755
2026-08-20T01:00:00+00:00,14795.529999999999,14802.67,14778.67,14786.17,243.8654884634266
2026-08-20T01:05:00+00:00,14786.17,14794.67,14777.18,14777.18,151
2026-08-20T01:10:00+00:00,14777.18,14780.18,14765.17,14766.67,235
2026-08-20T01:15:00+00:00,14766.67,14802.189999999999,14766.67,14795.68,530
2026-08-20T01:20:00+00:00,14795.68,14798.17,14773.68,14773.68,299
2026-08-20T01:25:00+00:00,14773.68,14801.689999999999,14770.17,14789.67,731
2026-08-20T01:30:00+00:00,14789.67,14789.67,14719.17,14772.18,4659
2026-08-20T01:35:00+00:00,14772.18,14789.17,14751.189999999999,14782.689999999999,2372
2026-08-20T01:40:00+00:00,14782.689999999999,14813.189999999999,14782.189999999999,14809.17,2114
2026-08-20T01:45:00+00:00,14809.17,14816.67,14784.68,14790.17,1686
2026-08-20T01:50:00+00:00,14790.17,14796.18,14757.67,14763.17,1775
2026-08-20T01:55:00+00:00,14763.17,14774.18,14752.689999999999,14762.189999999999,1603
2026-08-20T02:00:00+00:00,14762.189999999999,14784.18,14757.189999999999,14774.689999999999,1517
2026-08-20T02:05:00+00:00,14774.689999999999,14784.189999999999,14768.67,14769.67,1161
2026-08-20T02:10:00+00:00,14769.67,14776.67,14742.17,14748.17,1089
2026-08-20T02:15:00+00:00,14748.17,14750.68,14721.17,14725.189999999999,948
2026-08-20T02:20:00+00:00,14725.189999999999,14725.189999999999,14695.18,14717.67,1126
2026-08-20T02:25:00+00:00,14717.67,14728.189999999999,14695.67,14724.17,1137
2026-08-20T02:30:00+00:00,14724.17,14726.189999999999,14702.68,14702.689999999999,1100
2026-08-20T02:35:00+00:00,14702.689999999999,14718.689999999999,14688.689999999999,14704.68,883
2026-08-20T02:40:00+00:00,14704.68,14720.689999999999,14693.189999999999,14714.689999999999,796
2026-08-20T02:45:00+00:00,14714.689999999999,14732.17,14712.18,14723.689999999999,958
2026-08-20T02:50:00+00:00,14723.689999999999,14732.17,14719.189999999999,14726.68,853
2026-08-20T02:55:00+00:00,14726.68,14734.67,14718.67,14722.17,620
2026-08-20T03:00:00+00:00,14722.17,14727.689999999999,14707.17,14708.18,624
2026-08-20T03:05:00+00:00,14708.18,14724.18,14704.68,14708.689999999999,707
2026-08-20T03:10:00+00:00,14708.689999999999,14709.189999999999,14691.17,14696.17,551
2026-08-20T03:15:00+00:00,14696.17,14701.189999999999,14686.67,14693.68,555
2026-08-20T03:20:00+00:00,14693.68,14705.18,14688.67,14690.189999999999,625
2026-08-20T03:25:00+00:00,14690.189999999999,14704.189999999999,14686.67,14703.17,513
2026-08-20T03:30:00+00:00,14703.17,14721.67,14703.17,14721.67,183
2026-08-20T03:35:00+00:00,14721.67,14729.18,14717.17,14729.18,207
2026-08-20T03:40:00+00:00,14729.18,14729.68,14720.18,14721.189999999999,163
2026-08-20T03:45:00+00:00,14721.189999999999,14725.189999999999,14720.18,14724.18,116
2026-08-20T03:50:00+00:00,14724.18,14725.68,14721.68,14723.17,107
2026-08-20T03:55:00+00:00,14723.17,14725.689999999999,14721.189999999999,14724.689999999999,98
2026-08-20T04:00:00+00:00,14724.689999999999,14729.189999999999,14723.18,14728.67,70
2026-08-20T04:05:00+00:00,14728.67,14731.17,14727.689999999999,14731.17,44
2026-08-20T04:10:00+00:00,14731.17,14731.17,14724.68,14728.189999999999,56
2026-08-20T04:15:00+00:00,14728.189999999999,14728.189999999999,14724.189999999999,14727.68,65
2026-08-20T04:20:00+00:00,14727.68,14728.189999999999,14725.689999999999,14728.18,64
2026-08-20T04:25:00+00:00,14728.18,14729.18,14724.18,14725.17,70
2026-08-20T04:30:00+00:00,14725.17,14726.689999999999,14720.17,14723.67,122
2026-08-20T04:35:00+00:00,14723.67,14726.17,14722.68,14725.68,56
2026-08-20T04:40:00+00:00,14725.68,14731.18,14725.68,14728.17,66
2026-08-20T04:45:00+00:00,14728.17,14728.68,14724.67,14724.67,54
2026-08-20T04:50:00+00:00,14724.67,14744.189999999999,14724.18,14740.18,124
2026-08-20T04:55:00+00:00,14740.18,14746.189999999999,14738.17,14746.17,102
2026-08-20T05:00:00+00:00,14746.17,14748.189999999999,14720.67,14725.18,1178
2026-08-20T05:05:00+00:00,14725.18,14730.689999999999,14697.68,14701.189999999999,1086
2026-08-20T05:10:00+00:00,14701.189999999999,14708.189999999999,14684.17,14685.189999999999,745
2026-08-20T05:15:00+00:00,14685.189999999999,14691.67,14674.17,14685.18,798
2026-08-20T05:20:00+00:00,14685.18,14713.189999999999,14683.18,14697.189999999999,802
2026-08-20T05:25:00+00:00,14697.189999999999,14707.17,14684.17,14685.189999999999,626
2026-08-20T05:30:00+00:00,14685.189999999999,14689.189999999999,14672.17,14672.189999999999,632
2026-08-20T05:35:00+00:00,14672.189999999999,14674.689999999999,14652.18,14656.68,861
2026-08-20T05:40:00+00:00,14656.68,14685.67,14655.17,14669.189999999999,949
2026-08-20T05:45:00+00:00,14669.189999999999,14677.18,14662.67,14672.17,772
2026-08-20T05:50:00+00:00,14672.17,14675.68,14650.68,14654.17,659
2026-08-20T05:55:00+00:00,14654.17,14660.68,14634.68,14639.17,797
2026-08-20T06:00:00+00:00,14639.17,14645.68,14620.18,14635.189999999999,927
2026-08-20T06:05:00+00:00,14635.189999999999,14650.68,14630.67,14631.689999999999,877
2026-08-20T06:10:00+00:00,14631.689999999999,14663.189999999999,14631.18,14639.689999999999,1006
2026-08-20T06:15:00+00:00,14639.689999999999,14650.18,14634.189999999999,14638.68,818
2026-08-20T06:20:00+00:00,14638.68,14641.18,14628.18,14637.17,583
2026-08-20T06:25:00+00:00,14637.17,14647.68,14631.67,14645.67,572
2026-08-20T06:30:00+00:00,14645.67,14660.189999999999,14644.17,14656.18,872
2026-08-20T06:35:00+00:00,14656.18,14660.189999999999,14641.18,14660.189999999999,668
2026-08-20T06:40:00+00:00,14660.189999999999,14679.689999999999,14659.68,14669.189999999999,664
2026-08-20T06:45:00+00:00,14669.189999999999,14687.17,14669.189999999999,14682.189999999999,711
2026-08-20T06:50:00+00:00,14682.189999999999,14684.17,14668.18,14674.689999999999,789
2026-08-20T06:55:00+00:00,14674.689999999999,14685.189999999999,14674.689999999999,14677.689999999999,682
2026-08-20T07:00:00+00:00,14677.689999999999,14685.189999999999,14675.67,14681.67,396
2026-08-20T07:05:00+00:00,14681.67,14683.68,14678.17,14680.189999999999,153
2026-08-20T07:10:00+00:00,14680.189999999999,14682.67,14676.18,14677.68,106
2026-08-20T07:15:00+00:00,14677.68,14679.17,14675.18,14675.18,61
2026-08-20T07:20:00+00:00,14675.18,14679.189999999999,14673.17,14675.17,80
2026-08-20T07:25:00+00:00,14675.17,14676.189999999999,14672.17,14674.689999999999,77
2026-08-20T07:30:00+00:00,14674.689999999999,14678.67,14667.689999999999,14678.18,115
2026-08-20T07:35:00+00:00,14678.18,14680.68,14674.17,14674.689999999999,86
2026-08-20T07:40:00+00:00,14674.689999999999,14675.189999999999,14666.17,14668.189999999999,162
2026-08-20T07:45:00+00:00,14668.189999999999,14671.689999999999,14666.67,14671.689999999999,120
2026-08-20T07:50:00+00:00,14671.689999999999,14671.689999999999,14663.17,14666.689999999999,97
2026-08-20T07:55:00+00:00,14666.689999999999,14669.189999999999,14664.17,14664.68,121
2026-08-20T08:00:00+00:00,14664.68,14665.189999999999,14659.67,14663.17,188
2026-08-20T08:05:00+00:00,14663.17,14664.68,14662.17,14663.67,79
2026-08-20T08:10:00+00:00,14663.67,14666.189999999999,14661.17,14666.17,45
2026-08-20T08:15:00+00:00,14666.17,14669.67,14665.17,14667.189999999999,73
2026-08-20T08:20:00+00:00,14667.189999999999,14668.17,14664.17,14664.17,90
2026-08-20T08:25:00+00:00,14664.17,14665.689999999999,14657.67,14665.189999999999,158
2026-08-20T09:00:00+00:00,14665.189999999999,14667.689999999999,14653.68,14667.689999999999,231
2026-08-20T09:05:00+00:00,14667.689999999999,14668.68,14665.18,14665.18,45
2026-08-20T09:10:00+00:00,14665.18,14666.17,14662.17,14666.17,27
2026-08-20T09:15:00+00:00,14666.17,14668.189999999999,14659.689999999999,14666.689999999999,115
2026-08-20T09:20:00+00:00,14666.689999999999,14672.68,14666.689999999999,14671.189999999999,43
2026-08-20T09:25:00+00:00,14671.189999999999,14672.189999999999,14670.189999999999,14671.17,51
2026-08-20T09:30:00+00:00,14671.17,14671.17,14664.67,14668.17,122
2026-08-20T09:35:00+00:00,14668.17,14670.68,14667.17,14669.68,78
2026-08-20T09:40:00+00:00,14669.68,14674.18,14668.17,14674.18,75
2026-08-20T09:45:00+00:00,14674.18,14675.18,14671.189999999999,14672.18,42
2026-08-20T09:50:00+00:00,14672.18,14676.189999999999,14668.67,14675.18,87
2026-08-20T09:55:00+00:00,14675.18,14676.189999999999,14674.68,14675.18,30
2026-08-20T10:00:00+00:00,14675.18,14676.18,14671.18,14675.189999999999,91
2026-08-20T10:05:00+00:00,14675.189999999999,14682.189999999999,14674.17,14680.67,68
2026-08-20T10:10:00+00:00,14680.67,14688.189999999999,14680.67,14682.689999999999,44
2026-08-20T10:15:00+00:00,14682.689999999999,14682.689999999999,14678.17,14678.189999999999,52
2026-08-20T10:20:00+00:00,14678.189999999999,14678.67,14674.17,14676.189999999999,50
2026-08-20T10:25:00+00:00,14676.189999999999,14678.18,14674.189999999999,14678.18,59
2026-08-20T10:30:00+00:00,14678.18,14681.189999999999,14677.17,14679.17,40
2026-08-20T10:35:00+00:00,14679.17,14682.689999999999,14676.689999999999,14677.189999999999,125
2026-08-20T10:40:00+00:00,14677.189999999999,14678.67,14676.17,14677.18,50
2026-08-20T10:45:00+00:00,14677.18,14682.189999999999,14676.189999999999,14682.18,34
2026-08-20T10:50:00+00:00,14682.18,14682.18,14679.189999999999,14679.68,36
2026-08-20T10:55:00+00:00,14679.68,14683.17,14679.18,14683.17,36
2026-08-20T11:00:00+00:00,14683.17,14685.189999999999,14677.189999999999,14678.18,194
2026-08-20T11:05:00+00:00,14678.18,14678.18,14672.17,14674.18,77
2026-08-20T11:10:00+00:00,14674.18,14674.689999999999,14671.17,14674.68,95
2026-08-20T11:15:00+00:00,14674.68,14675.189999999999,14673.17,14675.18,51
2026-08-20T11:20:00+00:00,14675.18,14675.18,14671.17,14672.67,78
2026-08-20T11:25:00+00:00,14672.67,14673.689999999999,14668.18,14668.68,63
2026-08-20T11:30:00+00:00,14668.68,14673.189999999999,14668.18,14672.189999999999,80
2026-08-20T11:35:00+00:00,14672.189999999999,14673.189999999999,14669.17,14672.17,87
2026-08-20T11:40:00+00:00,14672.17,14673.189999999999,14669.18,14670.18,92
2026-08-20T11:45:00+00:00,14670.18,14670.18,14664.17,14667.189999999999,144
2026-08-20T11:50:00+00:00,14667.189999999999,14668.18,14664.189999999999,14665.18,92
2026-08-20T11:55:00+00:00,14665.18,14666.18,14660.17,14662.17,109
2026-08-20T12:00:00+00:00,14662.17,14662.18,14649.17,14652.17,176
2026-08-20T12:05:00+00:00,14652.17,14654.17,14648.18,14649.67,205
2026-08-20T12:10:00+00:00,14649.67,14650.18,14644.18,14647.18,128
2026-08-20T12:15:00+00:00,14647.18,14650.17,14645.189999999999,14648.18,170
2026-08-20T12:20:00+00:00,14648.18,14653.189999999999,14645.689999999999,14651.67,106
2026-08-20T12:25:00+00:00,14651.67,14652.189999999999,14648.67,14650.689999999999,92
2026-08-20T12:30:00+00:00,14650.689999999999,14651.18,14642.17,14642.67,130
2026-08-20T12:35:00+00:00,14642.67,14645.68,14639.17,14645.18,141
2026-08-20T12:40:00+00:00,14645.18,14651.67,14645.17,14651.18,120
2026-08-20T12:45:00+00:00,14651.18,14657.17,14650.17,14657.17,81
2026-08-20T12:50:00+00:00,14657.17,14661.18,14656.18,14660.189999999999,49
2026-08-20T12:55:00+00:00,14660.189999999999,14664.189999999999,14659.68,14662.689999999999,55
2026-08-20T13:00:00+00:00,14662.689999999999,14668.689999999999,14661.189999999999,14668.189999999999,74
2026-08-20T13:05:00+00:00,14668.189999999999,14669.18,14662.67,14664.18,57
2026-08-20T13:10:00+00:00,14664.18,14665.189999999999,14663.17,14664.18,64
2026-08-20T13:15:00+00:00,14664.18,14668.18,14663.18,14668.18,72
2026-08-20T13:20:00+00:00,14668.18,14670.189999999999,14666.689999999999,14670.189999999999,60
2026-08-20T13:25:00+00:00,14670.189999999999,14678.17,14669.17,14673.17,177
2026-08-20T13:30:00+00:00,14673.17,14684.189999999999,14672.189999999999,14682.18,518
2026-08-20T13:35:00+00:00,14682.18,14691.189999999999,14679.67,14683.17,334
2026-08-20T13:40:00+00:00,14683.17,14688.67,14679.18,14682.189999999999,330
2026-08-20T13:45:00+00:00,14682.189999999999,14683.18,14670.18,14671.689999999999,344
2026-08-20T13:50:00+00:00,14671.689999999999,14674.189999999999,14657.17,14666.68,300
2026-08-20T13:55:00+00:00,14666.68,14669.68,14662.17,14666.68,267
2026-08-20T14:00:00+00:00,14666.68,14675.189999999999,14664.18,14664.189999999999,352
2026-08-20T14:05:00+00:00,14664.189999999999,14677.189999999999,14663.18,14677.18,295
2026-08-20T14:10:00+00:00,14677.18,14681.189999999999,14672.68,14673.18,258
2026-08-20T14:15:00+00:00,14673.18,14675.18,14665.67,14665.67,244
2026-08-20T14:20:00+00:00,14665.67,14682.18,14664.67,14679.189999999999,301
2026-08-20T14:25:00+00:00,14679.189999999999,14681.18,14673.17,14675.17,249
2026-08-20T14:30:00+00:00,14675.17,14680.67,14674.68,14675.18,176
2026-08-20T14:35:00+00:00,14675.18,14682.189999999999,14675.17,14681.17,171
2026-08-20T14:40:00+00:00,14681.17,14684.189999999999,14679.67,14682.689999999999,143
2026-08-20T14:45:00+00:00,14682.689999999999,14685.18,14680.18,14681.18,142
2026-08-20T14:50:00+00:00,14681.18,14690.189999999999,14680.17,14685.68,155
2026-08-20T14:55:00+00:00,14685.68,14693.189999999999,14685.68,14692.17,213
2026-08-20T15:00:00+00:00,14692.17,14706.189999999999,14689.68,14705.689999999999,320
2026-08-20T15:05:00+00:00,14705.689999999999,14705.689999999999,14688.189999999999,14689.67,274
2026-08-20T15:10:00+00:00,14689.67,14696.18,14687.17,14695.189999999999,202
2026-08-20T15:15:00+00:00,14695.189999999999,14695.189999999999,14692.17,14694.17,130
2026-08-20T15:20:00+00:00,14694.17,14694.189999999999,14685.17,14687.18,144
2026-08-20T15:25:00+00:00,14687.18,14695.189999999999,14686.17,14695.18,159
2026-08-20T15:30:00+00:00,14695.18,14695.18,14685.18,14686.18,172
2026-08-20T15:35:00+00:00,14686.18,14689.18,14682.17,14682.17,125
2026-08-20T15:40:00+00:00,14682.17,14682.689999999999,14677.68,14678.17,77
2026-08-20T15:45:00+00:00,14678.17,14682.189999999999,14676.17,14682.189999999999,138
2026-08-20T15:50:00+00:00,14682.189999999999,14686.67,14681.17,14684.17,100
2026-08-20T15:55:00+00:00,14684.17,14685.689999999999,14683.68,14685.189999999999,61
2026-08-20T16:00:00+00:00,14685.189999999999,14687.189999999999,14682.67,14684.189999999999,104
2026-08-20T16:05:00+00:00,14684.189999999999,14687.189999999999,14682.18,14685.17,81
2026-08-20T16:10:00+00:00,14685.17,14686.17,14680.67,14681.17,84
2026-08-20T16:15:00+00:00,14681.17,14682.17,14680.17,14682.17,42
2026-08-20T16:20:00+00:00,14682.17,14682.189999999999,14678.67,14681.18,78
2026-08-20T16:25:00+00:00,14681.18,14682.189999999999,14678.17,14679.68,54
2026-08-20T16:30:00+00:00,14679.68,14682.189999999999,14677.67,14682.189999999999,72
2026-08-20T16:35:00+00:00,14682.189999999999,14684.689999999999,14680.18,14684.189999999999,54
2026-08-20T16:40:00+00:00,14684.189999999999,14688.67,14684.17,14688.67,56
2026-08-20T16:45:00+00:00,14688.67,14697.18,14688.17,14695.67,64
2026-08-20T16:50:00+00:00,14695.67,14696.18,14691.18,14691.18,55
2026-08-20T16:55:00+00:00,14691.18,14693.189999999999,14689.18,14691.18,59
2026-08-20T17:00:00+00:00,14691.18,14691.189999999999,14688.17,14691.189999999999,63
2026-08-20T17:05:00+00:00,14691.189999999999,14691.189999999999,14687.17,14688.17,57
2026-08-20T17:10:00+00:00,14688.17,14689.189999999999,14686.17,14686.17,51
2026-08-20T17:15:00+00:00,14686.17,14686.189999999999,14682.189999999999,14682.68,47
2026-08-20T17:20:00+00:00,14682.68,14685.189999999999,14681.17,14683.18,89
2026-08-20T17:25:00+00:00,14683.18,14684.17,14682.17,14684.17,37
2026-08-20T17:30:00+00:00,14684.17,14684.189999999999,14680.18,14681.18,35
2026-08-20T17:35:00+00:00,14681.18,14684.189999999999,14681.18,14684.18,41
2026-08-20T17:40:00+00:00,14684.18,14685.189999999999,14682.67,14685.18,29
2026-08-20T17:45:00+00:00,14685.18,14690.17,14685.18,14690.17,32
2026-08-20T17:50:00+00:00,14690.17,14693.189999999999,14689.189999999999,14692.67,48
2026-08-20T17:55:00+00:00,14692.67,14693.189999999999,14691.17,14691.18,37
2026-08-20T18:00:00+00:00,14691.18,14692.18,14688.68,14691.189999999999,67
2026-08-20T18:05:00+00:00,14691.189999999999,14691.189999999999,14684.17,14685.189999999999,96
2026-08-20T18:10:00+00:00,14685.189999999999,14686.189999999999,14683.17,14685.189999999999,58
2026-08-20T18:15:00+00:00,14685.189999999999,14685.68,14681.189999999999,14685.18,63
2026-08-20T18:20:00+00:00,14685.18,14688.18,14684.689999999999,14684.689999999999,58
2026-08-20T18:25:00+00:00,14684.689999999999,14687.18,14683.17,14686.17,63
2026-08-20T18:30:00+00:00,14686.17,14686.189999999999,14682.17,14683.189999999999,62
2026-08-20T18:35:00+00:00,14683.189999999999,14687.189999999999,14683.17,14686.18,53
2026-08-20T18:40:00+00:00,14686.18,14687.68,14685.18,14687.68,60
2026-08-20T18:45:00+00:00,14687.68,14691.189999999999,14687.18,14691.189999999999,31
2026-08-20T18:50:00+00:00,14691.189999999999,14693.18,14690.67,14691.17,29
2026-08-20T18:55:00+00:00,14691.17,14692.189999999999,14687.68,14687.68,38
2026-08-20T19:00:00+00:00,14687.68,14688.18,14686.17,14688.18,57
2026-08-20T19:05:00+00:00,14688.18,14691.17,14687.17,14688.189999999999,30.58513931888545
2026-08-20T19:10:00+00:00,14688.189999999999,14689.689999999999,14685.689999999999,14689.17,31
2026-08-20T19:15:00+00:00,14689.17,14691.189999999999,14688.189999999999,14688.189999999999,27
2026-08-20T19:20:00+00:00,14688.189999999999,14693.17,14688.17,14692.67,41
2026-08-20T19:25:00+00:00,14692.67,14694.17,14691.17,14691.189999999999,33.51252086811352
2026-08-20T19:30:00+00:00,14691.189999999999,14693.17,14690.18,14690.689999999999,41
2026-08-20T19:35:00+00:00,14690.689999999999,14695.189999999999,14690.689999999999,14695.189999999999,45
2026-08-20T19:40:00+00:00,14695.189999999999,14695.189999999999,14691.18,14692.17,55
2026-08-20T19:45:00+00:00,14692.17,14698.189999999999,14692.17,14698.189999999999,68
2026-08-20T19:50:00+00:00,14698.189999999999,14702.189999999999,14698.17,14700.17,103
2026-08-20T19:55:00+00:00,14700.17,14701.18,14697.18,14701.17,137
2026-08-20T20:00:00+00:00,14701.17,14704.68,14701.17,14703.67,28
2026-08-20T20:05:00+00:00,14703.67,14703.689999999999,14701.17,14702.17,17
2026-08-20T20:10:00+00:00,14702.17,14705.17,14701.67,14702.17,28
2026-08-20T20:15:00+00:00,14702.17,14702.17,14700.17,14701.189999999999,13
2026-08-20T20:20:00+00:00,14701.189999999999,14703.189999999999,14700.67,14703.189999999999,13
2026-08-20T20:25:00+00:00,14703.189999999999,14704.67,14703.189999999999,14703.689999999999,8
2026-08-20T20:30:00+00:00,14703.689999999999,14703.689999999999,14703.17,14703.17,11.01811054382366
2026-08-20T20:35:00+00:00,14703.17,14703.689999999999,14703.17,14703.689999999999,10.088822184105203
2026-08-20T20:40:00+00:00,14703.689999999999,14704.189999999999,14703.17,14703.17,7
2026-08-21T01:00:00+00:00,14703.17,14703.17,14663.859999999999,14669.88,216.92123845736012
2026-08-21T01:05:00+00:00,14669.88,14675.369999999999,14666.859999999999,14671.88,164
2026-08-21T01:10:00+00:00,14671.88,14693.38,14667.38,14693.359999999999,148
2026-08-21T01:15:00+00:00,14693.359999999999,14705.859999999999,14676.369999999999,14702.869999999999,635
2026-08-21T01:20:00+00:00,14702.869999999999,14711.869999999999,14686.859999999999,14691.369999999999,519
2026-08-21T01:25:00+00:00,14691.369999999999,14709.88,14689.869999999999,14691.38,652
2026-08-21T01:30:00+00:00,14691.38,14735.38,14680.859999999999,14714.869999999999,3939
2026-08-21T01:35:00+00:00,14714.869999999999,14743.88,14710.88,14740.869999999999,2476
2026-08-21T01:40:00+00:00,14740.869999999999,14804.359999999999,14735.88,14803.859999999999,2010
2026-08-21T01:45:00+00:00,14803.859999999999,14811.88,14784.88,14795.369999999999,1972
2026-08-21T01:50:00+00:00,14795.369999999999,14819.88,14787.359999999999,14816.359999999999,1631
2026-08-21T01:55:00+00:00,14816.359999999999,14832.369999999999,14793.369999999999,14831.859999999999,1400
2026-08-21T02:00:00+00:00,14831.859999999999,14838.88,14820.869999999999,14822.359999999999,1109
2026-08-21T02:05:00+00:00,14822.359999999999,14842.38,14818.859999999999,14839.38,1218
2026-08-21T02:10:00+00:00,14839.38,14852.88,14832.869999999999,14852.88,1319
2026-08-21T02:15:00+00:00,14852.88,14858.859999999999,14840.38,14840.88,1423
2026-08-21T02:20:00+00:00,14840.88,14846.859999999999,14815.859999999999,14830.869999999999,1246
2026-08-21T02:25:00+00:00,14830.869999999999,14842.88,14819.869999999999,14836.859999999999,1151
2026-08-21T02:30:00+00:00,14836.859999999999,14841.359999999999,14797.859999999999,14799.38,1054
2026-08-21T02:35:00+00:00,14799.38,14813.38,14782.38,14785.859999999999,1005
2026-08-21T02:40:00+00:00,14785.859999999999,14803.38,14769.869999999999,14800.38,1240
2026-08-21T02:45:00+00:00,14800.38,14816.88,14799.38,14814.869999999999,1214
2026-08-21T02:50:00+00:00,14814.869999999999,14863.869999999999,14814.869999999999,14856.359999999999,1142
2026-08-21T02:55:00+00:00,14856.359999999999,14866.88,14848.869999999999,14853.359999999999,999
2026-08-21T03:00:00+00:00,14853.359999999999,14859.38,14837.88,14838.369999999999,893
2026-08-21T03:05:00+00:00,14838.369999999999,14841.859999999999,14825.359999999999,14828.359999999999,957
2026-08-21T03:10:00+00:00,14828.359999999999,14831.88,14816.869999999999,14819.369999999999,828
2026-08-21T03:15:00+00:00,14819.369999999999,14845.869999999999,14814.869999999999,14836.38,899
2026-08-21T03:20:00+00:00,14836.38,14849.88,14830.38,14848.369999999999,919
2026-08-21T03:25:00+00:00,14848.369999999999,14853.859999999999,14834.88,14834.88,960
2026-08-21T03:30:00+00:00,14834.88,14840.38,14825.859999999999,14828.869999999999,202
2026-08-21T03:35:00+00:00,14828.869999999999,14828.88,14812.869999999999,14818.88,192
2026-08-21T03:40:00+00:00,14818.88,14823.369999999999,14814.869999999999,14822.88,170
2026-08-21T03:45:00+00:00,14822.88,14822.88,14813.869999999999,14814.869999999999,132
2026-08-21T03:50:00+00:00,14814.869999999999,14815.88,14812.859999999999,14813.88,99
2026-08-21T03:55:00+00:00,14813.88,14820.369999999999,14812.369999999999,14817.88,133
2026-08-21T04:00:00+00:00,14817.88,14817.88,14812.369999999999,14815.859999999999,97
2026-08-21T04:05:00+00:00,14815.859999999999,14815.859999999999,14810.38,14810.38,75
2026-08-21T04:10:00+00:00,14810.38,14811.88,14809.359999999999,14810.88,34
2026-08-21T04:15:00+00:00,14810.88,14811.869999999999,14805.88,14806.859999999999,61
2026-08-21T04:20:00+00:00,14806.859999999999,14809.369999999999,14805.869999999999,14808.869999999999,59
2026-08-21T04:25:00+00:00,14808.869999999999,14809.359999999999,14805.859999999999,14809.359999999999,60
2026-08-21T04:30:00+00:00,14809.359999999999,14812.88,14808.869999999999,14811.359999999999,61
2026-08-21T04:35:00+00:00,14811.359999999999,14814.88,14811.359999999999,14813.359999999999,46
2026-08-21T04:40:00+00:00,14813.359999999999,14818.359999999999,14813.359999999999,14817.859999999999,31
2026-08-21T04:45:00+00:00,14817.859999999999,14824.359999999999,14817.859999999999,14824.359999999999,53
2026-08-21T04:50:00+00:00,14824.359999999999,14825.38,14821.359999999999,14823.369999999999,69
2026-08-21T04:55:00+00:00,14823.369999999999,14824.38,14818.869999999999,14820.88,38
2026-08-21T05:00:00+00:00,14820.88,14829.869999999999,14807.88,14811.869999999999,1430
2026-08-21T05:05:00+00:00,14811.869999999999,14821.869999999999,14773.859999999999,14776.369999999999,874
2026-08-21T05:10:00+00:00,14776.369999999999,14815.369999999999,14776.369999999999,14809.859999999999,1026
2026-08-21T05:15:00+00:00,14809.859999999999,14819.869999999999,14799.859999999999,14814.859999999999,1005
2026-08-21T05:20:00+00:00,14814.859999999999,14827.869999999999,14803.38,14823.88,711
2026-08-21T05:25:00+00:00,14823.88,14831.369999999999,14803.38,14811.859999999999,884
2026-08-21T05:30:00+00:00,14811.859999999999,14812.859999999999,14799.859999999999,14805.869999999999,706
2026-08-21T05:35:00+00:00,14805.869999999999,14824.38,14796.869999999999,14797.88,707
2026-08-21T05:40:00+00:00,14797.88,14801.38,14789.869999999999,14794.859999999999,674
2026-08-21T05:45:00+00:00,14794.859999999999,14805.369999999999,14786.859999999999,14805.369999999999,538
2026-08-21T05:50:00+00:00,14805.369999999999,14809.88,14786.859999999999,14787.859999999999,591
2026-08-21T05:55:00+00:00,14787.859999999999,14805.88,14785.859999999999,14795.369999999999,796
2026-08-21T06:00:00+00:00,14795.369999999999,14798.869999999999,14776.88,14777.88,555
2026-08-21T06:05:00+00:00,14777.88,14796.859999999999,14776.859999999999,14788.859999999999,754
2026-08-21T06:10:00+00:00,14788.859999999999,14805.869999999999,14787.88,14802.88,697
2026-08-21T06:15:00+00:00,14802.88,14810.369999999999,14791.859999999999,14807.88,599
2026-08-21T06:20:00+00:00,14807.88,14815.38,14804.869999999999,14814.869999999999,577
2026-08-21T06:25:00+00:00,14814.869999999999,14831.38,14812.869999999999,14824.369999999999,606
2026-08-21T06:30:00+00:00,14824.369999999999,14846.859999999999,14822.859999999999,14843.869999999999,587
2026-08-21T06:35:00+00:00,14843.869999999999,14850.859999999999,14830.38,14835.88,552
2026-08-21T06:40:00+00:00,14835.88,14836.88,14825.859999999999,14831.869999999999,361
2026-08-21T06:45:00+00:00,14831.869999999999,14833.38,14816.859999999999,14829.369999999999,631
2026-08-21T06:50:00+00:00,14829.369999999999,14829.369999999999,14821.859999999999,14827.359999999999,660
2026-08-21T06:55:00+00:00,14827.359999999999,14837.88,14825.369999999999,14827.359999999999,685
2026-08-21T07:00:00+00:00,14827.359999999999,14828.88,14817.859999999999,14824.859999999999,275
2026-08-21T07:05:00+00:00,14824.859999999999,14825.88,14820.859999999999,14825.38,133
2026-08-21T07:10:00+00:00,14825.38,14827.88,14821.369999999999,14826.88,151
2026-08-21T07:15:00+00:00,14826.88,14829.869999999999,14825.869999999999,14826.369999999999,151
2026-08-21T07:20:00+00:00,14826.369999999999,14828.869999999999,14823.88,14826.859999999999,98
2026-08-21T07:25:00+00:00,14826.859999999999,14826.859999999999,14820.38,14821.369999999999,108
2026-08-21T07:30:00+00:00,14821.369999999999,14829.869999999999,14818.859999999999,14829.869999999999,168
2026-08-21T07:35:00+00:00,14829.869999999999,14831.869999999999,14825.859999999999,14830.369999999999,69
2026-08-21T07:40:00+00:00,14830.369999999999,14834.88,14830.359999999999,14830.359999999999,95
2026-08-21T07:45:00+00:00,14830.359999999999,14830.88,14827.359999999999,14828.359999999999,84
2026-08-21T07:50:00+00:00,14828.359999999999,14829.88,14826.859999999999,14827.869999999999,56
2026-08-21T07:55:00+00:00,14827.869999999999,14834.859999999999,14827.869999999999,14833.869999999999,41
2026-08-21T08:00:00+00:00,14833.869999999999,14843.859999999999,14833.869999999999,14836.359999999999,158
2026-08-21T08:05:00+00:00,14836.359999999999,14836.38,14830.859999999999,14831.88,77
2026-08-21T08:10:00+00:00,14831.88,14833.869999999999,14829.859999999999,14833.38,49
2026-08-21T08:15:00+00:00,14833.38,14837.38,14829.859999999999,14834.38,72
2026-08-21T08:20:00+00:00,14834.38,14836.359999999999,14829.359999999999,14832.359999999999,73
2026-08-21T08:25:00+00:00,14832.359999999999,14836.88,14832.359999999999,14835.859999999999,118
2026-08-21T09:00:00+00:00,14835.859999999999,14835.859999999999,14824.359999999999,14828.869999999999,156
2026-08-21T09:05:00+00:00,14828.869999999999,14833.88,14827.38,14833.38,61
2026-08-21T09:10:00+00:00,14833.38,14833.38,14829.38,14830.859999999999,74
2026-08-21T09:15:00+00:00,14830.859999999999,14831.38,14829.859999999999,14829.859999999999,69
2026-08-21T09:20:00+00:00,14829.859999999999,14830.369999999999,14824.88,14826.88,32
2026-08-21T09:25:00+00:00,14826.88,14828.869999999999,14824.359999999999,14824.88,28
2026-08-21T09:30:00+00:00,14824.88,14826.859999999999,14823.88,14825.359999999999,42
2026-08-21T09:35:00+00:00,14825.359999999999,14831.859999999999,14824.859999999999,14829.869999999999,40
2026-08-21T09:40:00+00:00,14829.869999999999,14830.88,14829.38,14830.359999999999,27
2026-08-21T09:45:00+00:00,14830.359999999999,14832.869999999999,14829.859999999999,14832.359999999999,33
2026-08-21T09:50:00+00:00,14832.359999999999,14832.88,14831.859999999999,14832.369999999999,43
2026-08-21T09:55:00+00:00,14832.369999999999,14832.88,14831.359999999999,14831.88,22
2026-08-21T10:00:00+00:00,14831.88,14835.859999999999,14831.88,14834.38,36
2026-08-21T10:05:00+00:00,14834.38,14835.38,14832.859999999999,14833.869999999999,29
2026-08-21T10:10:00+00:00,14833.869999999999,14834.88,14832.38,14833.359999999999,27
2026-08-21T10:15:00+00:00,14833.359999999999,14834.869999999999,14832.859999999999,14833.859999999999,23
2026-08-21T10:20:00+00:00,14833.859999999999,14834.88,14832.859999999999,14834.88,24
2026-08-21T10:25:00+00:00,14834.88,14837.869999999999,14834.859999999999,14835.869999999999,31.67579173376275
2026-08-21T10:30:00+00:00,14835.869999999999,14835.88,14833.869999999999,14834.359999999999,19
2026-08-21T10:35:00+00:00,14834.359999999999,14834.869999999999,14833.359999999999,14834.38,25
2026-08-21T10:40:00+00:00,14834.38,14834.38,14818.359999999999,14822.869999999999,54
2026-08-21T10:45:00+00:00,14822.869999999999,14825.88,14822.869999999999,14824.88,21
2026-08-21T10:50:00+00:00,14824.88,14824.88,14821.359999999999,14822.369999999999,40
2026-08-21T10:55:00+00:00,14822.369999999999,14825.88,14822.359999999999,14825.88,39
2026-08-21T11:00:00+00:00,14825.88,14827.38,14822.359999999999,14827.38,52
2026-08-21T11:05:00+00:00,14827.38,14832.859999999999,14827.38,14831.38,59
2026-08-21T11:10:00+00:00,14831.38,14833.359999999999,14829.859999999999,14831.859999999999,51
2026-08-21T11:15:00+00:00,14831.859999999999,14833.88,14831.859999999999,14833.369999999999,29
2026-08-21T11:20:00+00:00,14833.369999999999,14841.88,14832.88,14839.359999999999,163
2026-08-21T11:25:00+00:00,14839.359999999999,14839.88,14835.869999999999,14837.88,138
2026-08-21T11:30:00+00:00,14837.88,14837.88,14830.859999999999,14832.88,122
2026-08-21T11:35:00+00:00,14832.88,14835.88,14829.38,14829.38,95
2026-08-21T11:40:00+00:00,14829.38,14831.88,14827.88,14831.859999999999,53
2026-08-21T11:45:00+00:00,14831.859999999999,14834.869999999999,14831.38,14831.38,66
2026-08-21T11:50:00+00:00,14831.38,14832.869999999999,14829.859999999999,14830.859999999999,87
2026-08-21T11:55:00+00:00,14830.859999999999,14831.88,14829.869999999999,14830.869999999999,25
2026-08-21T12:00:00+00:00,14830.869999999999,14831.869999999999,14826.869999999999,14829.869999999999,56
2026-08-21T12:05:00+00:00,14829.869999999999,14837.859999999999,14829.859999999999,14835.369999999999,57
2026-08-21T12:10:00+00:00,14835.369999999999,14836.38,14833.859999999999,14835.88,47
2026-08-21T12:15:00+00:00,14835.88,14835.88,14832.859999999999,14833.859999999999,67
2026-08-21T12:20:00+00:00,14833.859999999999,14834.869999999999,14831.369999999999,14832.88,50
2026-08-21T12:25:00+00:00,14832.88,14833.859999999999,14831.859999999999,14833.859999999999,25
2026-08-21T12:30:00+00:00,14833.859999999999,14833.859999999999,14830.359999999999,14831.369999999999,56
2026-08-21T12:35:00+00:00,14831.369999999999,14831.859999999999,14829.38,14830.869999999999,48
2026-08-21T12:40:00+00:00,14830.869999999999,14832.859999999999,14829.359999999999,14831.88,64
2026-08-21T12:45:00+00:00,14831.88,14835.38,14831.869999999999,14835.38,58
2026-08-21T12:50:00+00:00,14835.38,14836.88,14833.859999999999,14834.88,53
2026-08-21T12:55:00+00:00,14834.88,14834.88,14831.859999999999,14832.869999999999,47
2026-08-21T13:00:00+00:00,14832.869999999999,14834.369999999999,14831.359999999999,14831.369999999999,42
2026-08-21T13:05:00+00:00,14831.369999999999,14831.369999999999,14826.859999999999,14828.869999999999,38
2026-08-21T13:10:00+00:00,14828.869999999999,14830.859999999999,14827.359999999999,14830.38,51
2026-08-21T13:15:00+00:00,14830.38,14831.88,14828.859999999999,14829.38,44
2026-08-21T13:20:00+00:00,14829.38,14832.869999999999,14829.359999999999,14832.859999999999,31.909259259259258
2026-08-21T13:25:00+00:00,14832.859999999999,14839.88,14829.859999999999,14836.88,102
2026-08-21T13:30:00+00:00,14836.88,14836.88,14815.38,14816.869999999999,410
2026-08-21T13:35:00+00:00,14816.869999999999,14820.38,14813.859999999999,14816.859999999999,341
2026-08-21T13:40:00+00:00,14816.859999999999,14820.869999999999,14813.369999999999,14820.869999999999,220
2026-08-21T13:45:00+00:00,14820.869999999999,14829.859999999999,14818.859999999999,14828.859999999999,289
2026-08-21T13:50:00+00:00,14828.859999999999,14829.88,14820.88,14823.869999999999,201
2026-08-21T13:55:00+00:00,14823.869999999999,14829.88,14823.859999999999,14825.869999999999,218
2026-08-21T14:00:00+00:00,14825.869999999999,14826.88,14817.859999999999,14819.359999999999,192
2026-08-21T14:05:00+00:00,14819.359999999999,14823.88,14819.359999999999,14821.869999999999,181
2026-08-21T14:10:00+00:00,14821.869999999999,14822.88,14810.869999999999,14811.88,118
2026-08-21T14:15:00+00:00,14811.88,14814.88,14808.359999999999,14808.359999999999,132
2026-08-21T14:20:00+00:00,14808.359999999999,14814.88,14807.859999999999,14810.88,180
2026-08-21T14:25:00+00:00,14810.88,14817.88,14809.869999999999,14813.369999999999,121
2026-08-21T14:30:00+00:00,14813.369999999999,14815.88,14812.869999999999,14813.88,185
2026-08-21T14:35:00+00:00,14813.88,14813.88,14806.859999999999,14806.869999999999,177
2026-08-21T14:40:00+00:00,14806.869999999999,14809.88,14802.869999999999,14806.859999999999,153
2026-08-21T14:45:00+00:00,14806.859999999999,14808.88,14805.869999999999,14808.38,163
2026-08-21T14:50:00+00:00,14808.38,14809.359999999999,14801.869999999999,14802.369999999999,112
2026-08-21T14:55:00+00:00,14802.369999999999,14806.869999999999,14799.859999999999,14804.869999999999,141
2026-08-21T15:00:00+00:00,14804.869999999999,14810.88,14802.859999999999,14810.359999999999,128
2026-08-21T15:05:00+00:00,14810.359999999999,14810.359999999999,14804.359999999999,14804.869999999999,78
2026-08-21T15:10:00+00:00,14804.869999999999,14807.88,14803.859999999999,14805.869999999999,68
2026-08-21T15:15:00+00:00,14805.869999999999,14810.859999999999,14805.859999999999,14809.88,82
2026-08-21T15:20:00+00:00,14809.88,14812.869999999999,14807.88,14810.88,102
2026-08-21T15:25:00+00:00,14810.88,14812.859999999999,14808.859999999999,14809.859999999999,129
2026-08-21T15:30:00+00:00,14809.859999999999,14812.88,14808.359999999999,14812.359999999999,74
2026-08-21T15:35:00+00:00,14812.359999999999,14817.38,14812.359999999999,14817.38,104
2026-08-21T15:40:00+00:00,14817.38,14821.88,14816.38,14820.38,113
2026-08-21T15:45:00+00:00,14820.38,14820.88,14818.359999999999,14818.859999999999,82
2026-08-21T15:50:00+00:00,14818.859999999999,14824.88,14818.859999999999,14821.859999999999,78
2026-08-21T15:55:00+00:00,14821.859999999999,14821.869999999999,14814.859999999999,14815.359999999999,64
2026-08-21T16:00:00+00:00,14815.359999999999,14817.869999999999,14815.359999999999,14815.859999999999,103
2026-08-21T16:05:00+00:00,14815.859999999999,14816.369999999999,14811.859999999999,14811.88,65
2026-08-21T16:10:00+00:00,14811.88,14813.869999999999,14811.359999999999,14811.88,48
2026-08-21T16:15:00+00:00,14811.88,14813.88,14811.369999999999,14812.859999999999,80
2026-08-21T16:20:00+00:00,14812.859999999999,14821.369999999999,14810.859999999999,14812.869999999999,174
2026-08-21T16:25:00+00:00,14812.869999999999,14813.869999999999,14809.88,14812.369999999999,62
2026-08-21T16:30:00+00:00,14812.369999999999,14814.369999999999,14810.88,14812.369999999999,73
2026-08-21T16:35:00+00:00,14812.369999999999,14814.88,14811.869999999999,14814.859999999999,45
2026-08-21T16:40:00+00:00,14814.859999999999,14816.88,14814.859999999999,14815.88,53
2026-08-21T16:45:00+00:00,14815.88,14816.88,14814.369999999999,14815.869999999999,49
2026-08-21T16:50:00+00:00,14815.869999999999,14815.869999999999,14812.88,14814.869999999999,37
2026-08-21T16:55:00+00:00,14814.869999999999,14817.369999999999,14812.88,14817.359999999999,49
2026-08-21T17:00:00+00:00,14817.359999999999,14817.88,14814.859999999999,14816.859999999999,36
2026-08-21T17:05:00+00:00,14816.859999999999,14820.859999999999,14816.859999999999,14818.859999999999,41
2026-08-21T17:10:00+00:00,14818.859999999999,14819.38,14816.859999999999,14817.369999999999,47
2026-08-21T17:15:00+00:00,14817.369999999999,14817.88,14814.859999999999,14815.359999999999,30
2026-08-21T17:20:00+00:00,14815.359999999999,14815.359999999999,14810.859999999999,14812.369999999999,53
2026-08-21T17:25:00+00:00,14812.369999999999,14815.38,14811.38,14815.38,38
2026-08-21T17:30:00+00:00,14815.38,14817.869999999999,14813.859999999999,14816.369999999999,45
2026-08-21T17:35:00+00:00,14816.369999999999,14818.88,14816.369999999999,14817.859999999999,51
2026-08-21T17:40:00+00:00,14817.859999999999,14819.88,14817.359999999999,14819.869999999999,57
2026-08-21T17:45:00+00:00,14819.869999999999,14820.88,14818.859999999999,14820.38,46
2026-08-21T17:50:00+00:00,14820.38,14821.88,14819.38,14820.859999999999,49
2026-08-21T17:55:00+00:00,14820.859999999999,14822.38,14820.859999999999,14820.859999999999,40
2026-08-21T18:00:00+00:00,14820.859999999999,14823.88,14819.859999999999,14823.869999999999,56
2026-08-21T18:05:00+00:00,14823.869999999999,14823.869999999999,14819.859999999999,14819.859999999999,33
2026-08-21T18:10:00+00:00,14819.859999999999,14822.859999999999,14819.859999999999,14820.869999999999,33.17977528089888
2026-08-21T18:15:00+00:00,14820.869999999999,14823.88,14820.859999999999,14823.859999999999,25.0573199070488
2026-08-21T18:20:00+00:00,14823.859999999999,14824.859999999999,14822.859999999999,14823.869999999999,26
2026-08-21T18:25:00+00:00,14823.869999999999,14824.88,14821.359999999999,14821.869999999999,41
2026-08-21T18:30:00+00:00,14821.869999999999,14821.869999999999,14817.859999999999,14818.88,51
2026-08-21T18:35:00+00:00,14818.88,14820.869999999999,14818.859999999999,14819.859999999999,47
2026-08-21T18:40:00+00:00,14819.859999999999,14821.359999999999,14819.859999999999,14820.869999999999,32
2026-08-21T18:45:00+00:00,14820.869999999999,14821.88,14819.859999999999,14820.869999999999,38
2026-08-21T18:50:00+00:00,14820.869999999999,14822.859999999999,14820.859999999999,14821.859999999999,51.069395017793596
2026-08-21T18:55:00+00:00,14821.859999999999,14822.88,14821.369999999999,14821.859999999999,29
2026-08-21T19:00:00+00:00,14821.859999999999,14822.88,14820.88,14821.369999999999,41
2026-08-21T19:05:00+00:00,14821.369999999999,14821.38,14819.869999999999,14820.88,36
2026-08-21T19:10:00+00:00,14820.88,14820.88,14818.869999999999,14820.88,26
2026-08-21T19:15:00+00:00,14820.88,14820.88,14818.859999999999,14819.38,32
2026-08-21T19:20:00+00:00,14819.38,14820.369999999999,14818.859999999999,14820.369999999999,24
2026-08-21T19:25:00+00:00,14820.369999999999,14820.88,14818.38,14818.38,40
2026-08-21T19:30:00+00:00,14818.38,14819.869999999999,14817.859999999999,14818.38,24
2026-08-21T19:35:00+00:00,14818.38,14820.369999999999,14817.859999999999,14819.859999999999,53
2026-08-21T19:40:00+00:00,14819.859999999999,14820.88,14819.369999999999,14820.359999999999,27
2026-08-21T19:45:00+00:00,14820.359999999999,14823.869999999999,14819.859999999999,14821.869999999999,53
2026-08-21T19:50:00+00:00,14821.869999999999,14822.359999999999,14815.369999999999,14816.369999999999,48
2026-08-21T19:55:00+00:00,14816.369999999999,14821.869999999999,14815.359999999999,14818.359999999999,84
2026-08-21T20:00:00+00:00,14818.359999999999,14818.859999999999,14814.88,14818.369999999999,22
2026-08-21T20:05:00+00:00,14818.369999999999,14818.88,14817.859999999999,14817.869999999999,15
2026-08-21T20:10:00+00:00,14817.869999999999,14818.88,14817.859999999999,14818.88,8
2026-08-21T20:15:00+00:00,14818.88,14818.88,14817.359999999999,14817.369999999999,13
2026-08-21T20:20:00+00:00,14817.369999999999,14818.859999999999,14816.369999999999,14816.859999999999,12
2026-08-21T20:25:00+00:00,14816.859999999999,14817.359999999999,14816.359999999999,14816.359999999999,12.933932206763131
2026-08-21T20:30:00+00:00,14816.359999999999,14816.88,14814.88,14815.859999999999,11.01062416998672
2026-08-21T20:35:00+00:00,14815.859999999999,14815.88,14813.369999999999,14813.369999999999,18
2026-08-21T20:40:00+00:00,14813.369999999999,14813.369999999999,14812.859999999999,14812.859999999999,9.992501704158146
2026-08-24T01:00:00+00:00,14815.3,14815.3,14780.33,14795.32,217
2026-08-24T01:05:00+00:00,14795.32,14798.32,14784.31,14789.32,184
2026-08-24T01:10:00+00:00,14789.32,14792.31,14782.81,14785.83,162
2026-08-24T01:15:00+00:00,14785.83,14819.31,14785.83,14816.81,554
2026-08-24T01:20:00+00:00,14816.81,14816.83,14790.81,14804.31,313
2026-08-24T01:25:00+00:00,14804.31,14835.81,14798.32,14832.33,557
2026-08-24T01:30:00+00:00,14832.33,14854.33,14738.83,14764.32,5142
2026-08-24T01:35:00+00:00,14764.32,14790.83,14752.32,14752.32,3231
2026-08-24T01:40:00+00:00,14752.32,14766.33,14702.82,14706.81,2358
2026-08-24T01:45:00+00:00,14706.81,14727.83,14686.82,14691.31,2362
2026-08-24T01:50:00+00:00,14691.31,14728.32,14665.32,14666.33,2229
2026-08-24T01:55:00+00:00,14666.33,14670.32,14632.33,14639.33,2150
2026-08-24T02:00:00+00:00,14639.33,14672.83,14628.31,14668.31,2219
2026-08-24T02:05:00+00:00,14668.31,14711.31,14666.32,14710.31,1915
2026-08-24T02:10:00+00:00,14710.31,14727.81,14702.31,14720.31,1605
2026-08-24T02:15:00+00:00,14720.31,14728.82,14710.31,14721.83,1702
2026-08-24T02:20:00+00:00,14721.83,14727.82,14715.33,14724.32,1253
2026-08-24T02:25:00+00:00,14724.32,14738.33,14710.31,14716.33,1119
2026-08-24T02:30:00+00:00,14716.33,14724.33,14698.32,14699.31,1151
2026-08-24T02:35:00+00:00,14699.31,14702.83,14676.32,14681.31,1250
2026-08-24T02:40:00+00:00,14681.31,14685.81,14656.33,14662.83,1016
2026-08-24T02:45:00+00:00,14662.83,14667.31,14647.31,14652.82,1260
2026-08-24T02:50:00+00:00,14652.82,14670.83,14651.31,14661.33,1355
2026-08-24T02:55:00+00:00,14661.33,14668.32,14652.81,14660.31,1578
2026-08-24T03:00:00+00:00,14660.31,14661.83,14640.32,14644.31,1205
2026-08-24T03:05:00+00:00,14644.31,14671.33,14636.31,14663.31,1088
2026-08-24T03:10:00+00:00,14663.31,14670.33,14649.82,14663.31,859
2026-08-24T03:15:00+00:00,14663.31,14673.82,14654.81,14661.33,1377
2026-08-24T03:20:00+00:00,14661.33,14664.33,14632.31,14648.83,951
2026-08-24T03:25:00+00:00,14648.83,14660.82,14641.81,14651.33,1175
2026-08-24T03:30:00+00:00,14651.33,14655.82,14645.33,14654.33,251
2026-08-24T03:35:00+00:00,14654.33,14662.33,14652.33,14658.31,181
2026-08-24T03:40:00+00:00,14658.31,14660.33,14651.33,14651.33,163
2026-08-24T03:45:00+00:00,14651.33,14659.33,14650.81,14658.33,67
2026-08-24T03:50:00+00:00,14658.33,14661.33,14655.31,14655.31,109
2026-08-24T03:55:00+00:00,14655.31,14659.31,14654.81,14656.32,108
2026-08-24T04:00:00+00:00,14656.32,14657.33,14652.31,14654.83,79
2026-08-24T04:05:00+00:00,14654.83,14657.33,14653.82,14654.32,79
2026-08-24T04:10:00+00:00,14654.32,14658.31,14653.82,14658.31,63
2026-08-24T04:15:00+00:00,14658.31,14659.33,14654.31,14654.33,59
2026-08-24T04:20:00+00:00,14654.33,14656.33,14652.31,14653.32,106
2026-08-24T04:25:00+00:00,14653.32,14654.83,14650.81,14654.33,120
2026-08-24T04:30:00+00:00,14654.33,14657.81,14652.31,14654.83,93
2026-08-24T04:35:00+00:00,14654.83,14655.33,14653.32,14654.31,102
2026-08-24T04:40:00+00:00,14654.31,14659.33,14653.31,14658.31,79
2026-08-24T04:45:00+00:00,14658.31,14662.33,14658.31,14661.31,57
2026-08-24T04:50:00+00:00,14661.31,14662.83,14659.33,14659.33,86
2026-08-24T04:55:00+00:00,14659.33,14659.82,14654.32,14654.33,82
2026-08-24T05:00:00+00:00,14654.33,14655.33,14595.33,14595.82,1225
2026-08-24T05:05:00+00:00,14595.82,14636.32,14593.81,14615.83,1299
2026-08-24T05:10:00+00:00,14615.83,14622.82,14599.32,14615.31,1213
2026-08-24T05:15:00+00:00,14615.31,14617.33,14602.32,14609.82,1073
2026-08-24T05:20:00+00:00,14609.82,14623.81,14602.81,14618.32,829
2026-08-24T05:25:00+00:00,14618.32,14619.31,14596.31,14602.33,768
2026-08-24T05:30:00+00:00,14602.33,14610.33,14582.81,14585.32,921
2026-08-24T05:35:00+00:00,14585.32,14585.33,14569.32,14576.82,810
2026-08-24T05:40:00+00:00,14576.82,14590.31,14569.33,14574.33,725
2026-08-24T05:45:00+00:00,14574.33,14575.32,14555.33,14558.32,791
2026-08-24T05:50:00+00:00,14558.32,14558.32,14540.31,14543.81,495
2026-08-24T05:55:00+00:00,14543.81,14565.31,14538.32,14545.82,840
2026-08-24T06:00:00+00:00,14545.82,14575.83,14545.81,14571.83,806
2026-08-24T06:05:00+00:00,14571.83,14591.83,14565.81,14587.81,844
2026-08-24T06:10:00+00:00,14587.81,14604.82,14583.33,14595.33,1170
2026-08-24T06:15:00+00:00,14595.33,14615.83,14586.33,14601.83,1035
2026-08-24T06:20:00+00:00,14601.83,14622.81,14596.32,14617.31,1098
2026-08-24T06:25:00+00:00,14617.31,14627.82,14608.81,14617.82,875
2026-08-24T06:30:00+00:00,14617.82,14617.82,14594.32,14602.83,764
2026-08-24T06:35:00+00:00,14602.83,14630.33,14601.31,14625.31,954
2026-08-24T06:40:00+00:00,14625.31,14636.32,14619.32,14628.32,848
2026-08-24T06:45:00+00:00,14628.32,14653.83,14628.32,14650.32,922
2026-08-24T06:50:00+00:00,14650.32,14668.33,14649.31,14653.81,1318
2026-08-24T06:55:00+00:00,14653.81,14664.31,14653.32,14659.33,746
2026-08-24T07:00:00+00:00,14659.33,14669.32,14655.82,14658.33,244
2026-08-24T07:05:00+00:00,14658.33,14658.33,14652.31,14653.33,106
2026-08-24T07:10:00+00:00,14653.33,14657.32,14652.31,14653.32,106
2026-08-24T07:15:00+00:00,14653.32,14655.83,14649.82,14651.82,84
2026-08-24T07:20:00+00:00,14651.82,14651.82,14649.31,14649.31,34
2026-08-24T07:25:00+00:00,14649.31,14652.32,14644.82,14646.32,65
2026-08-24T07:30:00+00:00,14646.32,14657.82,14645.31,14654.82,233
2026-08-24T07:35:00+00:00,14654.82,14655.32,14650.32,14651.32,34
2026-08-24T07:40:00+00:00,14651.32,14651.32,14647.32,14647.32,34
2026-08-24T07:45:00+00:00,14647.32,14652.32,14646.81,14650.31,50
2026-08-24T07:50:00+00:00,14650.31,14654.31,14647.33,14648.81,74
2026-08-24T07:55:00+00:00,14648.81,14650.33,14644.32,14647.83,47
2026-08-24T08:00:00+00:00,14647.83,14651.32,14645.31,14646.83,146
2026-08-24T08:05:00+00:00,14646.83,14657.31,14645.31,14649.32,144
2026-08-24T08:10:00+00:00,14649.32,14652.33,14644.32,14648.33,109
2026-08-24T08:15:00+00:00,14648.33,14649.33,14643.81,14649.31,74
2026-08-24T08:20:00+00:00,14649.31,14649.33,14646.31,14648.31,61
2026-08-24T08:25:00+00:00,14648.31,14648.83,14642.32,14646.83,144
2026-08-24T09:00:00+00:00,14646.83,14646.83,14627.32,14646.31,136
2026-08-24T09:05:00+00:00,14646.31,14647.31,14643.31,14644.82,50
2026-08-24T09:10:00+00:00,14644.82,14645.33,14643.31,14643.83,43
2026-08-24T09:15:00+00:00,14643.83,14645.32,14641.31,14644.33,46
2026-08-24T09:20:00+00:00,14644.33,14648.33,14644.31,14648.33,38
2026-08-24T09:25:00+00:00,14648.33,14650.31,14647.31,14649.33,56
2026-08-24T09:30:00+00:00,14649.33,14652.33,14649.33,14651.32,39
2026-08-24T09:35:00+00:00,14651.32,14652.33,14649.83,14651.32,57
2026-08-24T09:40:00+00:00,14651.32,14651.81,14649.31,14649.83,21
2026-08-24T09:45:00+00:00,14649.83,14656.32,14649.31,14656.32,50
2026-08-24T09:50:00+00:00,14656.32,14657.32,14651.32,14654.31,42
2026-08-24T09:55:00+00:00,14654.31,14655.33,14651.32,14652.33,31
2026-08-24T10:00:00+00:00,14652.33,14655.33,14651.31,14655.31,60
2026-08-24T10:05:00+00:00,14655.31,14655.33,14651.32,14652.82,51
2026-08-24T10:10:00+00:00,14652.82,14653.33,14650.31,14651.82,50
2026-08-24T10:15:00+00:00,14651.82,14652.33,14650.82,14651.82,32
2026-08-24T10:20:00+00:00,14651.82,14653.33,14649.32,14651.81,50
2026-08-24T10:25:00+00:00,14651.81,14652.32,14649.32,14649.32,39
2026-08-24T10:30:00+00:00,14649.32,14651.31,14646.83,14649.81,47
2026-08-24T10:35:00+00:00,14649.81,14651.33,14649.33,14649.83,29
2026-08-24T10:40:00+00:00,14649.83,14649.83,14646.31,14647.31,58
2026-08-24T10:45:00+00:00,14647.31,14647.33,14645.32,14646.33,36
2026-08-24T10:50:00+00:00,14646.33,14646.33,14644.31,14646.32,45
2026-08-24T10:55:00+00:00,14646.32,14647.33,14645.31,14646.82,48
2026-08-24T11:00:00+00:00,14646.82,14646.83,14641.31,14641.31,122
2026-08-24T11:05:00+00:00,14641.31,14642.33,14640.31,14640.83,51
2026-08-24T11:10:00+00:00,14640.83,14642.33,14639.31,14641.31,74
2026-08-24T11:15:00+00:00,14641.31,14641.33,14639.31,14641.33,41
2026-08-24T11:20:00+00:00,14641.33,14644.31,14641.32,14643.81,34
2026-08-24T11:25:00+00:00,14643.81,14647.33,14643.81,14645.82,36
2026-08-24T11:30:00+00:00,14645.82,14651.83,14645.32,14650.33,118
2026-08-24T11:35:00+00:00,14650.33,14658.81,14649.81,14652.33,416
2026-08-24T11:40:00+00:00,14652.33,14654.83,14652.31,14653.32,97
2026-08-24T11:45:00+00:00,14653.32,14653.32,14646.31,14647.32,74
2026-08-24T11:50:00+00:00,14647.32,14649.81,14645.32,14649.32,55
2026-08-24T11:55:00+00:00,14649.32,14650.33,14647.31,14648.33,59
2026-08-24T12:00:00+00:00,14648.33,14648.33,14644.31,14644.32,69
2026-08-24T12:05:00+00:00,14644.32,14645.33,14643.31,14643.83,39
2026-08-24T12:10:00+00:00,14643.83,14644.33,14642.31,14644.33,64
2026-08-24T12:15:00+00:00,14644.33,14646.33,14643.81,14645.33,48
2026-08-24T12:20:00+00:00,14645.33,14648.33,14644.31,14647.33,64
2026-08-24T12:25:00+00:00,14647.33,14647.83,14644.31,14647.83,43
2026-08-24T12:30:00+00:00,14647.83,14648.83,14637.32,14642.82,221
2026-08-24T12:35:00+00:00,14642.82,14650.31,14642.32,14647.82,98
2026-08-24T12:40:00+00:00,14647.82,14655.33,14647.31,14649.33,172
2026-08-24T12:45:00+00:00,14649.33,14652.33,14648.31,14651.82,65
2026-08-24T12:50:00+00:00,14651.82,14651.82,14647.31,14648.31,47
2026-08-24T12:55:00+00:00,14648.31,14649.83,14646.33,14647.31,87
2026-08-24T13:00:00+00:00,14647.31,14651.83,14647.31,14650.32,121
2026-08-24T13:05:00+00:00,14650.32,14651.32,14646.82,14650.33,95
2026-08-24T13:10:00+00:00,14650.33,14652.33,14649.31,14651.33,75
2026-08-24T13:15:00+00:00,14651.33,14654.33,14649.81,14649.81,93
2026-08-24T13:20:00+00:00,14649.81,14651.81,14648.32,14651.33,72
2026-08-24T13:25:00+00:00,14651.33,14656.33,14649.32,14650.82,105
2026-08-24T13:30:00+00:00,14650.82,14654.82,14644.33,14649.33,497
2026-08-24T13:35:00+00:00,14649.33,14654.31,14641.31,14643.83,289
2026-08-24T13:40:00+00:00,14643.83,14645.81,14631.31,14633.33,289
2026-08-24T13:45:00+00:00,14633.33,14640.33,14628.81,14635.31,282
2026-08-24T13:50:00+00:00,14635.31,14635.82,14624.31,14630.33,310
2026-08-24T13:55:00+00:00,14630.33,14634.83,14629.31,14634.33,256
2026-08-24T14:00:00+00:00,14634.33,14634.33,14622.31,14624.32,266
2026-08-24T14:05:00+00:00,14624.32,14626.33,14621.81,14623.33,224
2026-08-24T14:10:00+00:00,14623.33,14625.33,14619.31,14622.81,207
2026-08-24T14:15:00+00:00,14622.81,14626.31,14621.31,14624.33,207
2026-08-24T14:20:00+00:00,14624.33,14629.33,14623.31,14626.33,147
2026-08-24T14:25:00+00:00,14626.33,14628.83,14622.31,14626.83,143
2026-08-24T14:30:00+00:00,14626.83,14635.33,14626.32,14633.33,152
2026-08-24T14:35:00+00:00,14633.33,14635.33,14631.31,14631.31,142
2026-08-24T14:40:00+00:00,14631.31,14633.33,14627.81,14628.33,142
2026-08-24T14:45:00+00:00,14628.33,14633.33,14625.32,14632.81,148
2026-08-24T14:50:00+00:00,14632.81,14633.32,14629.31,14633.32,93
2026-08-24T14:55:00+00:00,14633.32,14634.33,14630.31,14630.31,130
2026-08-24T15:00:00+00:00,14630.31,14631.33,14623.31,14623.83,91
2026-08-24T15:05:00+00:00,14623.83,14626.31,14618.33,14618.33,87
2026-08-24T15:10:00+00:00,14618.33,14619.33,14614.33,14615.32,127
2026-08-24T15:15:00+00:00,14615.32,14615.83,14604.81,14604.81,188
2026-08-24T15:20:00+00:00,14604.81,14622.83,14602.83,14622.31,151
2026-08-24T15:25:00+00:00,14622.31,14632.32,14622.31,14624.83,244
2026-08-24T15:30:00+00:00,14624.83,14632.33,14623.31,14625.33,186
2026-08-24T15:35:00+00:00,14625.33,14628.33,14623.31,14627.33,95
2026-08-24T15:40:00+00:00,14627.33,14630.33,14626.31,14628.33,96
2026-08-24T15:45:00+00:00,14628.33,14631.33,14626.31,14627.83,83
2026-08-24T15:50:00+00:00,14627.83,14629.33,14625.31,14626.31,101
2026-08-24T15:55:00+00:00,14626.31,14626.32,14620.82,14626.31,99
2026-08-24T16:00:00+00:00,14626.31,14631.33,14625.31,14627.33,186
2026-08-24T16:05:00+00:00,14627.33,14628.82,14625.31,14625.81,102
2026-08-24T16:10:00+00:00,14625.81,14627.33,14625.31,14626.32,75
2026-08-24T16:15:00+00:00,14626.32,14630.32,14626.32,14628.82,68
2026-08-24T16:20:00+00:00,14628.82,14631.33,14628.31,14630.33,70
2026-08-24T16:25:00+00:00,14630.33,14632.33,14629.32,14632.33,46
2026-08-24T16:30:00+00:00,14632.33,14634.33,14630.33,14633.82,65
2026-08-24T16:35:00+00:00,14633.82,14635.32,14630.83,14630.83,66
2026-08-24T16:40:00+00:00,14630.83,14630.83,14628.32,14628.83,48
2026-08-24T16:45:00+00:00,14628.83,14630.83,14628.31,14629.33,51
2026-08-24T16:50:00+00:00,14629.33,14630.33,14627.31,14628.32,54
2026-08-24T16:55:00+00:00,14628.32,14628.32,14625.31,14626.32,47
2026-08-24T17:00:00+00:00,14626.32,14626.33,14624.31,14624.33,97
2026-08-24T17:05:00+00:00,14624.33,14635.31,14623.32,14631.83,146
2026-08-24T17:10:00+00:00,14631.83,14635.32,14629.31,14631.32,107
2026-08-24T17:15:00+00:00,14631.32,14632.33,14626.81,14629.32,116
2026-08-24T17:20:00+00:00,14629.32,14629.32,14620.33,14621.31,150
2026-08-24T17:25:00+00:00,14621.31,14622.33,14619.33,14619.33,84
2026-08-24T17:30:00+00:00,14619.33,14621.33,14617.82,14618.33,78
2026-08-24T17:35:00+00:00,14618.33,14619.82,14617.31,14618.32,54
2026-08-24T17:40:00+00:00,14618.32,14619.31,14616.31,14616.81,46
2026-08-24T17:45:00+00:00,14616.81,14616.83,14613.31,14614.31,48
2026-08-24T17:50:00+00:00,14614.31,14616.33,14612.31,14612.31,57
2026-08-24T17:55:00+00:00,14612.31,14615.32,14611.31,14613.83,54
2026-08-24T18:00:00+00:00,14613.83,14619.33,14613.83,14619.33,70
2026-08-24T18:05:00+00:00,14619.33,14621.33,14618.32,14620.82,76
2026-08-24T18:10:00+00:00,14620.82,14622.33,14619.31,14622.31,60
2026-08-24T18:15:00+00:00,14622.31,14625.33,14619.81,14620.31,65
2026-08-24T18:20:00+00:00,14620.31,14628.32,14620.31,14628.32,82
2026-08-24T18:25:00+00:00,14628.32,14631.32,14627.32,14630.33,54
2026-08-24T18:30:00+00:00,14630.33,14633.33,14629.31,14630.32,58
2026-08-24T18:35:00+00:00,14630.32,14631.33,14626.33,14627.82,28
2026-08-24T18:40:00+00:00,14627.82,14630.83,14627.31,14630.31,42
2026-08-24T18:45:00+00:00,14630.31,14630.83,14628.31,14628.33,43
2026-08-24T18:50:00+00:00,14628.33,14629.32,14626.31,14627.33,36
2026-08-24T18:55:00+00:00,14627.33,14627.83,14625.31,14625.31,76
2026-08-24T19:00:00+00:00,14625.31,14626.83,14624.31,14626.83,50
2026-08-24T19:05:00+00:00,14626.83,14627.32,14625.32,14625.32,53
2026-08-24T19:10:00+00:00,14625.32,14627.31,14625.31,14626.83,47
2026-08-24T19:15:00+00:00,14626.83,14627.32,14625.31,14625.81,48
2026-08-24T19:20:00+00:00,14625.81,14626.33,14623.31,14623.31,40
2026-08-24T19:25:00+00:00,14623.31,14624.83,14623.31,14623.33,43
2026-08-24T19:30:00+00:00,14623.33,14625.33,14622.31,14622.31,74
2026-08-24T19:35:00+00:00,14622.31,14623.33,14620.33,14620.81,55
2026-08-24T19:40:00+00:00,14620.81,14623.33,14620.31,14621.31,66
2026-08-24T19:45:00+00:00,14621.31,14621.33,14618.31,14621.31,74
2026-08-24T19:50:00+00:00,14621.31,14622.33,14618.31,14620.33,94
2026-08-24T19:55:00+00:00,14620.33,14624.32,14618.32,14622.32,114
2026-08-24T20:00:00+00:00,14622.32,14622.83,14620.31,14621.33,22
2026-08-24T20:05:00+00:00,14621.33,14622.33,14621.31,14621.83,20
2026-08-24T20:10:00+00:00,14621.83,14622.33,14620.82,14622.31,16
2026-08-24T20:15:00+00:00,14622.31,14622.33,14621.32,14622.33,14
2026-08-24T20:20:00+00:00,14622.33,14622.33,14620.31,14620.31,9
2026-08-24T20:25:00+00:00,14620.31,14620.81,14617.81,14617.83,10
2026-08-24T20:30:00+00:00,14617.83,14620.31,14617.83,14619.82,13
2026-08-24T20:35:00+00:00,14619.82,14621.33,14619.82,14621.33,10
2026-08-24T20:40:00+00:00,14621.33,14624.31,14621.32,14624.31,7
2026-08-25T01:00:00+00:00,14624.31,14624.31,14595.04,14601.03,214
2026-08-25T01:05:00+00:00,14601.03,14609.03,14596.04,14603.54,163
2026-08-25T01:10:00+00:00,14603.54,14608.04,14600.04,14608.04,115
2026-08-25T01:15:00+00:00,14608.04,14608.04,14575.04,14595.04,840
2026-08-25T01:20:00+00:00,14595.04,14597.55,14575.53,14585.54,337
2026-08-25T01:25:00+00:00,14585.54,14635.55,14584.03,14632.05,882
2026-08-25T01:30:00+00:00,14632.05,14633.53,14541.04,14553.04,4535
2026-08-25T01:35:00+00:00,14553.04,14595.04,14553.04,14590.04,2907
2026-08-25T01:40:00+00:00,14590.04,14590.54,14547.03,14549.54,2002
2026-08-25T01:45:00+00:00,14549.54,14572.55,14548.53,14563.53,2127
2026-08-25T01:50:00+00:00,14563.53,14611.03,14563.53,14602.04,1739
2026-08-25T01:55:00+00:00,14602.04,14620.03,14599.05,14607.03,1665
2026-08-25T02:00:00+00:00,14607.03,14626.03,14579.03,14618.54,1662
2026-08-25T02:05:00+00:00,14618.54,14623.05,14601.54,14615.03,1352
2026-08-25T02:10:00+00:00,14615.03,14616.54,14593.03,14599.04,1338
2026-08-25T02:15:00+00:00,14599.04,14623.03,14594.05,14609.54,1450
2026-08-25T02:20:00+00:00,14609.54,14639.03,14608.53,14637.55,1134
2026-08-25T02:25:00+00:00,14637.55,14637.55,14606.03,14617.53,1133
2026-08-25T02:30:00+00:00,14617.53,14622.55,14600.03,14606.05,1401
2026-08-25T02:35:00+00:00,14606.05,14618.05,14598.03,14615.54,1026
2026-08-25T02:40:00+00:00,14615.54,14621.05,14590.03,14591.03,1057
2026-08-25T02:45:00+00:00,14591.03,14595.03,14582.54,14588.04,910
2026-08-25T02:50:00+00:00,14588.04,14590.03,14578.53,14584.54,831
2026-08-25T02:55:00+00:00,14584.54,14587.55,14571.05,14575.04,759
2026-08-25T03:00:00+00:00,14575.04,14586.05,14566.53,14579.03,1102
2026-08-25T03:05:00+00:00,14579.03,14594.03,14575.05,14594.03,900
2026-08-25T03:10:00+00:00,14594.03,14614.04,14593.04,14608.04,850
2026-08-25T03:15:00+00:00,14608.04,14611.03,14582.55,14583.03,900
2026-08-25T03:20:00+00:00,14583.03,14583.55,14569.04,14574.53,899
2026-08-25T03:25:00+00:00,14574.53,14585.54,14568.03,14584.54,927
2026-08-25T03:30:00+00:00,14584.54,14598.05,14582.03,14593.03,204
2026-08-25T03:35:00+00:00,14593.03,14600.53,14588.03,14591.05,155
2026-08-25T03:40:00+00:00,14591.05,14595.03,14590.53,14595.03,148
2026-08-25T03:45:00+00:00,14595.03,14596.04,14587.04,14588.05,82
2026-08-25T03:50:00+00:00,14588.05,14594.05,14588.05,14593.03,150
2026-08-25T03:55:00+00:00,14593.03,14596.05,14590.03,14592.05,140
2026-08-25T04:00:00+00:00,14592.05,14603.04,14591.53,14602.54,93
2026-08-25T04:05:00+00:00,14602.54,14608.53,14599.05,14608.53,110
2026-08-25T04:10:00+00:00,14608.53,14612.03,14605.03,14611.54,73
2026-08-25T04:15:00+00:00,14611.54,14611.55,14606.03,14607.05,86
2026-08-25T04:20:00+00:00,14607.05,14609.04,14604.53,14606.53,65
2026-08-25T04:25:00+00:00,14606.53,14607.53,14603.05,14604.05,130
2026-08-25T04:30:00+00:00,14604.05,14608.54,14603.04,14606.04,171
2026-08-25T04:35:00+00:00,14606.04,14607.04,14604.05,14605.55,110
2026-08-25T04:40:00+00:00,14605.55,14608.05,14602.03,14604.03,126
2026-08-25T04:45:00+00:00,14604.03,14604.05,14599.53,14601.53,81
2026-08-25T04:50:00+00:00,14601.53,14601.53,14595.05,14598.04,73
2026-08-25T04:55:00+00:00,14598.04,14602.04,14597.05,14600.53,85
2026-08-25T05:00:00+00:00,14600.53,14624.53,14598.54,14620.53,1814
2026-08-25T05:05:00+00:00,14620.53,14646.04,14610.03,14642.03,1244
2026-08-25T05:10:00+00:00,14642.03,14674.55,14638.54,14674.53,1275
2026-08-25T05:15:00+00:00,14674.53,14687.04,14650.53,14662.04,1531
2026-08-25T05:20:00+00:00,14662.04,14667.05,14649.54,14658.53,1206
2026-08-25T05:25:00+00:00,14658.53,14662.05,14641.04,14642.55,1009
2026-08-25T05:30:00+00:00,14642.55,14645.03,14617.03,14622.05,899
2026-08-25T05:35:00+00:00,14622.05,14632.55,14608.03,14609.55,897
2026-08-25T05:40:00+00:00,14609.55,14613.05,14592.04,14593.04,947
2026-08-25T05:45:00+00:00,14593.04,14600.05,14579.04,14583.03,963
2026-08-25T05:50:00+00:00,14583.03,14589.04,14572.04,14586.05,960
2026-08-25T05:55:00+00:00,14586.05,14605.04,14585.04,14600.54,885
2026-08-25T06:00:00+00:00,14600.54,14612.55,14600.05,14609.03,807
2026-08-25T06:05:00+00:00,14609.03,14616.55,14603.03,14607.53,775
2026-08-25T06:10:00+00:00,14607.53,14613.54,14604.05,14608.03,849
2026-08-25T06:15:00+00:00,14608.03,14622.04,14602.53,14622.04,764
2026-08-25T06:20:00+00:00,14622.04,14628.04,14617.04,14618.03,631
2026-08-25T06:25:00+00:00,14618.03,14625.55,14612.53,14621.03,521
2026-08-25T06:30:00+00:00,14621.03,14642.03,14621.03,14641.05,773
2026-08-25T06:35:00+00:00,14641.05,14641.05,14625.53,14626.53,656
2026-08-25T06:40:00+00:00,14626.53,14632.04,14619.04,14624.05,571
2026-08-25T06:45:00+00:00,14624.05,14628.55,14611.03,14613.55,649
2026-08-25T06:50:00+00:00,14613.55,14613.55,14602.53,14605.05,519
2026-08-25T06:55:00+00:00,14605.05,14611.05,14599.53,14608.55,704
2026-08-25T07:00:00+00:00,14608.55,14619.05,14608.55,14614.05,416
2026-08-25T07:05:00+00:00,14614.05,14615.05,14610.05,14610.05,109
2026-08-25T07:10:00+00:00,14610.05,14611.05,14607.04,14609.53,86
2026-08-25T07:15:00+00:00,14609.53,14611.04,14608.03,14609.04,84
2026-08-25T07:20:00+00:00,14609.04,14612.05,14608.05,14609.03,76
2026-08-25T07:25:00+00:00,14609.03,14610.03,14608.03,14609.05,59
2026-08-25T07:30:00+00:00,14609.05,14617.05,14607.53,14614.03,198
2026-08-25T07:35:00+00:00,14614.03,14616.05,14613.03,14615.03,110
2026-08-25T07:40:00+00:00,14615.03,14620.05,14615.03,14618.55,70
2026-08-25T07:45:00+00:00,14618.55,14619.03,14615.05,14616.05,59
2026-08-25T07:50:00+00:00,14616.05,14616.05,14612.04,14612.53,93
2026-08-25T07:55:00+00:00,14612.53,14613.05,14611.03,14612.53,178
2026-08-25T08:00:00+00:00,14612.53,14616.05,14609.05,14610.04,148
2026-08-25T08:05:00+00:00,14610.04,14613.05,14609.55,14611.55,119
2026-08-25T08:10:00+00:00,14611.55,14612.05,14607.03,14608.04,76
2026-08-25T08:15:00+00:00,14608.04,14617.53,14608.04,14616.05,84
2026-08-25T08:20:00+00:00,14616.05,14628.55,14614.03,14626.04,275
2026-08-25T08:25:00+00:00,14626.04,14626.05,14617.03,14621.04,235
2026-08-25T09:00:00+00:00,14621.04,14631.54,14621.04,14628.55,168
2026-08-25T09:05:00+00:00,14628.55,14641.54,14627.03,14638.03,101
2026-08-25T09:10:00+00:00,14638.03,14642.04,14637.53,14639.55,93
2026-08-25T09:15:00+00:00,14639.55,14640.04,14636.53,14638.53,62
2026-08-25T09:20:00+00:00,14638.53,14638.55,14635.03,14635.03,62
2026-08-25T09:25:00+00:00,14635.03,14636.03,14632.04,14633.05,79
2026-08-25T09:30:00+00:00,14633.05,14646.04,14631.53,14644.03,197
2026-08-25T09:35:00+00:00,14644.03,14644.03,14637.53,14637.53,157
2026-08-25T09:40:00+00:00,14637.53,14646.05,14636.53,14641.03,84
2026-08-25T09:45:00+00:00,14641.03,14646.54,14641.03,14646.54,86
2026-08-25T09:50:00+00:00,14646.54,14651.05,14644.04,14647.05,65
2026-08-25T09:55:00+00:00,14647.05,14651.04,14646.03,14647.54,89
2026-08-25T10:00:00+00:00,14647.54,14647.54,14643.53,14644.03,55
2026-08-25T10:05:00+00:00,14644.03,14646.05,14644.03,14646.05,57
2026-08-25T10:10:00+00:00,14646.05,14647.05,14644.03,14647.03,61
2026-08-25T10:15:00+00:00,14647.03,14647.04,14643.53,14644.03,35
2026-08-25T10:20:00+00:00,14644.03,14645.05,14642.03,14645.05,29
2026-08-25T10:25:00+00:00,14645.05,14645.53,14641.53,14642.03,48
2026-08-25T10:30:00+00:00,14642.03,14644.05,14642.03,14643.54,24
2026-08-25T10:35:00+00:00,14643.54,14644.04,14642.03,14643.04,26
2026-08-25T10:40:00+00:00,14643.04,14645.05,14640.03,14640.04,41
2026-08-25T10:45:00+00:00,14640.04,14648.05,14640.04,14646.04,112
2026-08-25T10:50:00+00:00,14646.04,14647.03,14642.05,14647.03,59
2026-08-25T10:55:00+00:00,14647.03,14647.05,14645.03,14647.05,28
2026-08-25T11:00:00+00:00,14647.05,14647.55,14644.53,14647.05,38
2026-08-25T11:05:00+00:00,14647.05,14647.05,14639.03,14645.05,75
2026-08-25T11:10:00+00:00,14645.05,14646.04,14643.04,14644.05,58
2026-08-25T11:15:00+00:00,14644.05,14645.04,14641.53,14643.03,40
2026-08-25T11:20:00+00:00,14643.03,14645.03,14640.53,14642.03,33
2026-08-25T11:25:00+00:00,14642.03,14644.04,14640.03,14642.04,35
2026-08-25T11:30:00+00:00,14642.04,14645.03,14642.04,14644.04,37
2026-08-25T11:35:00+00:00,14644.04,14646.55,14643.03,14646.55,38
2026-08-25T11:40:00+00:00,14646.55,14647.05,14643.03,14643.55,25
2026-08-25T11:45:00+00:00,14643.55,14646.059999999998,14643.05,14645.55,38
2026-08-25T11:50:00+00:00,14645.55,14647.559999999998,14645.039999999999,14646.559999999998,23
2026-08-25T11:55:00+00:00,14646.559999999998,14647.559999999998,14645.55,14647.559999999998,44
2026-08-25T12:00:00+00:00,14647.559999999998,14648.059999999998,14644.55,14648.039999999999,66
2026-08-25T12:05:00+00:00,14648.039999999999,14648.539999999999,14644.539999999999,14645.05,46
2026-08-25T12:10:00+00:00,14645.05,14647.039999999999,14642.039999999999,14647.039999999999,75
2026-08-25T12:15:00+00:00,14647.039999999999,14649.559999999998,14646.05,14647.539999999999,46
2026-08-25T12:20:00+00:00,14647.539999999999,14648.539999999999,14646.55,14647.55,39
2026-08-25T12:25:00+00:00,14647.55,14647.55,14645.539999999999,14646.55,45
2026-08-25T12:30:00+00:00,14647.04,14647.55,14640.03,14640.03,48
2026-08-25T12:35:00+00:00,14640.03,14640.54,14635.05,14635.55,69
2026-08-25T12:40:00+00:00,14635.55,14637.05,14634.03,14635.04,84
2026-08-25T12:45:00+00:00,14635.04,14635.05,14634.03,14635.05,43
2026-08-25T12:50:00+00:00,14635.05,14636.05,14632.03,14633.04,90
2026-08-25T12:55:00+00:00,14633.04,14635.05,14632.54,14634.03,34
2026-08-25T13:00:00+00:00,14634.03,14634.05,14629.03,14629.05,67
2026-08-25T13:05:00+00:00,14629.05,14630.05,14627.03,14628.04,60
2026-08-25T13:10:00+00:00,14628.04,14631.05,14627.53,14631.03,68
2026-08-25T13:15:00+00:00,14631.03,14631.05,14629.05,14630.05,59
2026-08-25T13:20:00+00:00,14630.05,14630.05,14626.04,14627.04,38
2026-08-25T13:25:00+00:00,14627.04,14628.05,14625.55,14627.04,70
2026-08-25T13:30:00+00:00,14627.04,14632.05,14625.03,14630.05,282
2026-08-25T13:35:00+00:00,14630.05,14641.05,14629.03,14635.53,180
2026-08-25T13:40:00+00:00,14635.53,14642.05,14635.03,14642.03,189
2026-08-25T13:45:00+00:00,14642.03,14647.04,14640.03,14643.05,161
2026-08-25T13:50:00+00:00,14643.05,14644.54,14636.55,14636.55,179
2026-08-25T13:55:00+00:00,14636.55,14639.55,14632.53,14639.55,133
2026-08-25T14:00:00+00:00,14639.55,14647.04,14637.55,14640.53,222
2026-08-25T14:05:00+00:00,14640.53,14647.05,14640.05,14645.03,157
2026-08-25T14:10:00+00:00,14645.03,14648.05,14644.03,14644.04,142
2026-08-25T14:15:00+00:00,14644.04,14646.04,14641.04,14642.55,128
2026-08-25T14:20:00+00:00,14642.55,14646.54,14639.03,14642.04,140
2026-08-25T14:25:00+00:00,14642.04,14645.05,14640.04,14640.05,102
2026-08-25T14:30:00+00:00,14640.05,14647.05,14628.05,14643.03,237
2026-08-25T14:35:00+00:00,14643.03,14651.03,14643.03,14650.55,115
2026-08-25T14:40:00+00:00,14650.55,14650.55,14640.04,14646.54,108
2026-08-25T14:45:00+00:00,14646.54,14648.05,14645.03,14647.04,130
2026-08-25T14:50:00+00:00,14647.04,14648.05,14644.03,14645.03,71
2026-08-25T14:55:00+00:00,14645.03,14647.05,14643.54,14643.55,69
2026-08-25T15:00:00+00:00,14643.55,14643.55,14638.03,14640.05,92
2026-08-25T15:05:00+00:00,14640.05,14643.05,14640.03,14641.54,81
2026-08-25T15:10:00+00:00,14641.54,14643.53,14640.03,14640.05,61
2026-08-25T15:15:00+00:00,14640.05,14643.03,14639.03,14642.53,49
2026-08-25T15:20:00+00:00,14642.53,14646.05,14641.03,14642.05,91
2026-08-25T15:25:00+00:00,14642.05,14647.05,14641.03,14647.05,75
2026-08-25T15:30:00+00:00,14647.05,14654.05,14646.53,14650.04,112
2026-08-25T15:35:00+00:00,14650.04,14658.05,14650.04,14653.05,139
2026-08-25T15:40:00+00:00,14653.05,14654.04,14650.04,14651.04,57
2026-08-25T15:45:00+00:00,14651.04,14651.05,14647.03,14648.03,35
2026-08-25T15:50:00+00:00,14648.03,14651.04,14647.03,14649.04,76
2026-08-25T15:55:00+00:00,14649.04,14654.04,14649.04,14653.54,80
2026-08-25T16:00:00+00:00,14653.54,14656.04,14652.03,14654.04,70
2026-08-25T16:05:00+00:00,14654.04,14656.04,14653.03,14653.03,50
2026-08-25T16:10:00+00:00,14653.03,14654.55,14653.03,14653.03,49
2026-08-25T16:15:00+00:00,14653.03,14654.04,14652.54,14653.04,20
2026-08-25T16:20:00+00:00,14653.04,14654.05,14651.04,14651.55,44
2026-08-25T16:25:00+00:00,14651.55,14654.05,14651.03,14652.04,43
2026-08-25T16:30:00+00:00,14652.04,14653.05,14651.54,14653.04,34
2026-08-25T16:35:00+00:00,14653.04,14656.04,14651.04,14655.55,29
2026-08-25T16:40:00+00:00,14655.55,14656.05,14653.04,14654.04,39
2026-08-25T16:45:00+00:00,14654.04,14656.04,14653.03,14655.04,39
2026-08-25T16:50:00+00:00,14655.04,14655.04,14652.03,14653.53,35
2026-08-25T16:55:00+00:00,14653.53,14657.54,14653.03,14655.05,57
2026-08-25T17:00:00+00:00,14655.05,14655.05,14652.04,14653.53,70
2026-08-25T17:05:00+00:00,14653.53,14654.05,14651.04,14652.04,64
2026-08-25T17:10:00+00:00,14652.04,14653.05,14650.05,14652.04,50
2026-08-25T17:15:00+00:00,14652.04,14653.05,14651.03,14653.03,54
2026-08-25T17:20:00+00:00,14653.03,14654.05,14652.04,14653.04,35
2026-08-25T17:25:00+00:00,14653.04,14653.05,14651.03,14651.03,39
2026-08-25T17:30:00+00:00,14651.03,14652.05,14650.03,14650.04,65
2026-08-25T17:35:00+00:00,14650.04,14653.05,14650.03,14653.05,26
2026-08-25T17:40:00+00:00,14653.05,14654.05,14653.03,14654.03,28
2026-08-25T17:45:00+00:00,14654.03,14656.05,14653.03,14655.05,33
2026-08-25T17:50:00+00:00,14655.05,14656.05,14653.54,14656.04,23
2026-08-25T17:55:00+00:00,14656.04,14656.05,14654.04,14655.53,25
2026-08-25T18:00:00+00:00,14655.53,14656.05,14653.03,14653.04,47
2026-08-25T18:05:00+00:00,14653.04,14653.05,14652.03,14652.03,19
2026-08-25T18:10:00+00:00,14652.03,14654.04,14652.03,14652.05,41
2026-08-25T18:15:00+00:00,14652.05,14653.05,14651.03,14651.03,33
2026-08-25T18:20:00+00:00,14651.03,14653.05,14651.03,14651.53,17
2026-08-25T18:25:00+00:00,14651.53,14651.53,14649.03,14650.53,30
2026-08-25T18:30:00+00:00,14650.53,14653.05,14650.53,14651.04,19
2026-08-25T18:35:00+00:00,14651.04,14655.05,14651.04,14654.03,26
2026-08-25T18:40:00+00:00,14654.03,14656.05,14654.03,14656.04,40
2026-08-25T18:45:00+00:00,14656.04,14659.04,14656.04,14657.03,31
2026-08-25T18:50:00+00:00,14657.03,14657.55,14656.03,14656.03,32
2026-08-25T18:55:00+00:00,14656.03,14657.05,14655.54,14656.54,31
2026-08-25T19:00:00+00:00,14656.54,14657.05,14653.03,14653.03,38
2026-08-25T19:05:00+00:00,14653.03,14656.55,14653.03,14656.55,26
2026-08-25T19:10:00+00:00,14656.55,14657.04,14653.05,14653.54,30
2026-08-25T19:15:00+00:00,14653.54,14654.04,14652.53,14654.04,16
2026-08-25T19:20:00+00:00,14654.04,14654.55,14652.03,14654.53,17
2026-08-25T19:25:00+00:00,14654.53,14655.53,14654.03,14654.05,20
2026-08-25T19:30:00+00:00,14654.05,14654.05,14648.03,14650.05,86
2026-08-25T19:35:00+00:00,14650.05,14653.04,14650.05,14652.05,15
2026-08-25T19:40:00+00:00,14652.05,14654.04,14652.04,14652.04,26
2026-08-25T19:45:00+00:00,14652.04,14654.04,14650.53,14654.03,36
2026-08-25T19:50:00+00:00,14654.03,14656.55,14654.03,14656.55,53
2026-08-25T19:55:00+00:00,14656.55,14656.55,14652.05,14652.05,67
2026-08-25T20:00:00+00:00,14652.05,14652.05,14649.53,14650.04,32
2026-08-25T20:05:00+00:00,14650.04,14652.04,14650.03,14652.04,14
2026-08-25T20:10:00+00:00,14652.04,14653.04,14652.04,14652.04,8
2026-08-25T20:15:00+00:00,14652.04,14653.05,14652.03,14652.55,11
2026-08-25T20:20:00+00:00,14652.55,14653.03,14652.53,14653.02,7
2026-08-25T20:25:00+00:00,14653.02,14653.55,14652.05,14652.54,10
2026-08-25T20:30:00+00:00,14652.54,14654.05,14652.54,14654.05,10
2026-08-25T20:35:00+00:00,14654.05,14654.55,14653.55,14653.55,4
2026-08-25T20:40:00+00:00,14653.55,14654.53,14653.03,14653.54,9
2026-08-26T01:00:00+00:00,14653.54,14653.54,14623.73,14642.21,140
2026-08-26T01:05:00+00:00,14642.21,14651.71,14637.22,14638.73,188
2026-08-26T01:10:00+00:00,14638.73,14639.73,14626.71,14629.21,115
2026-08-26T01:15:00+00:00,14629.21,14638.22,14624.72,14627.73,642
2026-08-26T01:20:00+00:00,14627.73,14628.23,14603.23,14605.22,323
2026-08-26T01:25:00+00:00,14605.22,14607.73,14586.73,14590.73,458
2026-08-26T01:30:00+00:00,14590.73,14635.23,14579.73,14635.23,4523
2026-08-26T01:35:00+00:00,14635.23,14655.71,14627.73,14651.23,2421
2026-08-26T01:40:00+00:00,14651.23,14685.22,14641.71,14685.22,2268
2026-08-26T01:45:00+00:00,14685.22,14713.72,14682.23,14701.21,1876
2026-08-26T01:50:00+00:00,14701.21,14730.71,14701.21,14718.22,1950
2026-08-26T01:55:00+00:00,14718.22,14729.73,14708.21,14710.73,1809
2026-08-26T02:00:00+00:00,14710.73,14712.21,14683.23,14700.73,1840
2026-08-26T02:05:00+00:00,14700.73,14735.23,14698.73,14724.72,1960
2026-08-26T02:10:00+00:00,14724.72,14751.23,14712.71,14751.23,1666
2026-08-26T02:15:00+00:00,14751.23,14760.73,14747.23,14750.72,1530
2026-08-26T02:20:00+00:00,14750.72,14773.73,14746.71,14758.21,1290
2026-08-26T02:25:00+00:00,14758.21,14763.72,14746.71,14755.73,1268
2026-08-26T02:30:00+00:00,14755.73,14802.71,14754.71,14795.23,1434
2026-08-26T02:35:00+00:00,14795.23,14822.22,14793.71,14818.71,1496
2026-08-26T02:40:00+00:00,14818.71,14837.73,14816.73,14820.73,1466
2026-08-26T02:45:00+00:00,14820.73,14822.73,14793.21,14796.23,1400
2026-08-26T02:50:00+00:00,14796.23,14803.73,14779.22,14780.71,1310
2026-08-26T02:55:00+00:00,14780.71,14781.73,14758.71,14766.73,1056
2026-08-26T03:00:00+00:00,14766.73,14770.21,14750.73,14767.21,1124
2026-08-26T03:05:00+00:00,14767.21,14776.72,14757.21,14763.21,895
2026-08-26T03:10:00+00:00,14763.21,14780.22,14761.22,14777.71,1048
2026-08-26T03:15:00+00:00,14777.71,14778.23,14760.71,14773.72,974
2026-08-26T03:20:00+00:00,14773.72,14787.73,14770.21,14784.21,999
2026-08-26T03:25:00+00:00,14784.21,14794.23,14762.23,14762.72,818
2026-08-26T03:30:00+00:00,14762.72,14764.73,14752.73,14756.73,267
2026-08-26T03:35:00+00:00,14756.73,14765.73,14756.71,14763.21,198
2026-08-26T03:40:00+00:00,14763.21,14764.72,14757.71,14757.71,160
2026-08-26T03:45:00+00:00,14757.71,14759.73,14756.23,14759.71,155
2026-08-26T03:50:00+00:00,14759.71,14761.73,14758.71,14761.22,108
2026-08-26T03:55:00+00:00,14761.22,14765.72,14760.72,14763.73,96
2026-08-26T04:00:00+00:00,14763.73,14763.73,14757.73,14760.72,47
2026-08-26T04:05:00+00:00,14760.72,14760.73,14755.73,14757.71,63
2026-08-26T04:10:00+00:00,14757.71,14759.22,14755.72,14756.73,42
2026-08-26T04:15:00+00:00,14756.73,14757.23,14755.71,14756.71,26
2026-08-26T04:20:00+00:00,14756.71,14758.23,14755.71,14757.71,76
2026-08-26T04:25:00+00:00,14757.71,14757.73,14756.71,14756.73,18
2026-08-26T04:30:00+00:00,14756.73,14757.73,14754.71,14755.72,103
2026-08-26T04:35:00+00:00,14755.72,14755.72,14749.21,14749.71,71
2026-08-26T04:40:00+00:00,14749.71,14751.73,14749.21,14750.72,52
2026-08-26T04:45:00+00:00,14750.72,14751.22,14745.72,14747.72,95
2026-08-26T04:50:00+00:00,14747.72,14748.73,14745.71,14748.23,65
2026-08-26T04:55:00+00:00,14748.23,14750.72,14748.21,14748.71,65
2026-08-26T05:00:00+00:00,14748.71,14762.73,14734.73,14734.73,1382
2026-08-26T05:05:00+00:00,14734.73,14753.73,14727.21,14748.73,889
2026-08-26T05:10:00+00:00,14748.73,14752.72,14734.21,14742.21,845
2026-08-26T05:15:00+00:00,14742.21,14751.23,14731.71,14741.72,865
2026-08-26T05:20:00+00:00,14741.72,14765.71,14737.73,14760.21,848
2026-08-26T05:25:00+00:00,14760.21,14778.73,14759.72,14775.72,892
2026-08-26T05:30:00+00:00,14775.72,14805.21,14773.71,14783.72,1275
2026-08-26T05:35:00+00:00,14783.72,14784.21,14762.23,14765.73,953
2026-08-26T05:40:00+00:00,14765.73,14781.73,14762.71,14780.71,766
2026-08-26T05:45:00+00:00,14780.71,14797.73,14778.71,14792.21,850
2026-08-26T05:50:00+00:00,14792.21,14795.22,14784.23,14790.71,784
2026-08-26T05:55:00+00:00,14790.71,14798.23,14785.71,14789.22,822
2026-08-26T06:00:00+00:00,14789.22,14791.72,14776.71,14778.23,733
2026-08-26T06:05:00+00:00,14778.23,14779.73,14763.73,14765.72,725
2026-08-26T06:10:00+00:00,14765.72,14781.22,14764.22,14778.71,754
2026-08-26T06:15:00+00:00,14778.71,14781.21,14770.21,14775.23,872
2026-08-26T06:20:00+00:00,14775.23,14776.22,14763.71,14768.22,718
2026-08-26T06:25:00+00:00,14768.22,14778.21,14758.21,14777.73,846
2026-08-26T06:30:00+00:00,14777.73,14794.21,14777.21,14785.71,812
2026-08-26T06:35:00+00:00,14785.71,14788.22,14768.73,14785.72,701
2026-08-26T06:40:00+00:00,14785.72,14794.72,14781.21,14781.72,608
2026-08-26T06:45:00+00:00,14781.72,14787.22,14769.72,14772.71,780
2026-08-26T06:50:00+00:00,14772.71,14776.73,14766.71,14768.23,525
2026-08-26T06:55:00+00:00,14768.23,14771.22,14762.72,14770.23,503
2026-08-26T07:00:00+00:00,14770.23,14770.23,14737.21,14748.72,399
2026-08-26T07:05:00+00:00,14748.72,14754.72,14747.71,14748.73,178
2026-08-26T07:10:00+00:00,14748.73,14752.73,14748.71,14750.71,107
2026-08-26T07:15:00+00:00,14750.71,14754.72,14750.71,14752.71,97
2026-08-26T07:20:00+00:00,14752.71,14753.73,14749.71,14749.71,52
2026-08-26T07:25:00+00:00,14749.71,14750.73,14747.71,14748.72,59
2026-08-26T07:30:00+00:00,14748.72,14749.73,14747.71,14748.73,36
2026-08-26T07:35:00+00:00,14748.73,14752.72,14748.71,14752.72,61
2026-08-26T07:40:00+00:00,14752.72,14756.71,14752.71,14754.23,23
2026-08-26T07:45:00+00:00,14754.23,14756.71,14752.72,14755.72,22
2026-08-26T07:50:00+00:00,14755.72,14755.72,14747.71,14749.71,33
2026-08-26T07:55:00+00:00,14749.71,14754.72,14749.71,14753.23,93
2026-08-26T08:00:00+00:00,14753.23,14757.23,14750.71,14756.71,167
2026-08-26T08:05:00+00:00,14756.71,14764.73,14754.71,14759.72,170
2026-08-26T08:10:00+00:00,14759.72,14765.23,14759.72,14760.22,65
2026-08-26T08:15:00+00:00,14760.22,14761.22,14755.72,14756.73,68
2026-08-26T08:20:00+00:00,14756.73,14757.72,14753.23,14756.71,77
2026-08-26T08:25:00+00:00,14756.71,14764.23,14756.71,14764.22,164
2026-08-26T09:00:00+00:00,14764.22,14764.22,14749.71,14753.22,79
2026-08-26T09:05:00+00:00,14753.22,14755.23,14752.71,14753.72,28
2026-08-26T09:10:00+00:00,14753.72,14757.72,14753.71,14757.72,36
2026-08-26T09:15:00+00:00,14757.72,14757.73,14754.72,14755.73,37
2026-08-26T09:20:00+00:00,14755.73,14757.23,14752.72,14752.72,44
2026-08-26T09:25:00+00:00,14752.72,14752.72,14748.71,14749.23,41
2026-08-26T09:30:00+00:00,14749.23,14751.72,14748.71,14749.21,45
2026-08-26T09:35:00+00:00,14749.21,14750.22,14748.22,14748.71,31
2026-08-26T09:40:00+00:00,14748.71,14751.72,14748.71,14750.22,27
2026-08-26T09:45:00+00:00,14750.22,14752.23,14750.21,14751.21,21
2026-08-26T09:50:00+00:00,14751.21,14753.21,14751.21,14752.73,24
2026-08-26T09:55:00+00:00,14752.73,14753.73,14752.23,14752.73,21
2026-08-26T10:00:00+00:00,14752.73,14752.73,14749.71,14749.71,37
2026-08-26T10:05:00+00:00,14749.71,14750.21,14748.71,14749.71,33
2026-08-26T10:10:00+00:00,14749.71,14749.71,14746.71,14747.73,23
2026-08-26T10:15:00+00:00,14747.73,14749.73,14747.71,14748.71,22
2026-08-26T10:20:00+00:00,14748.71,14749.71,14745.73,14748.73,28
2026-08-26T10:25:00+00:00,14748.73,14748.73,14746.72,14746.73,29
2026-08-26T10:30:00+00:00,14746.73,14748.23,14745.71,14748.23,22
2026-08-26T10:35:00+00:00,14748.23,14750.73,14748.23,14750.23,23
2026-08-26T10:40:00+00:00,14750.23,14750.73,14748.22,14748.73,26
2026-08-26T10:45:00+00:00,14748.73,14750.72,14748.71,14749.21,32
2026-08-26T10:50:00+00:00,14749.21,14749.73,14747.71,14747.72,42
2026-08-26T10:55:00+00:00,14747.72,14748.23,14747.21,14748.23,12
2026-08-26T11:00:00+00:00,14748.23,14749.73,14746.71,14747.73,25
2026-08-26T11:05:00+00:00,14747.73,14748.23,14745.73,14747.73,20
2026-08-26T11:10:00+00:00,14747.73,14750.72,14747.72,14750.72,19
2026-08-26T11:15:00+00:00,14750.72,14754.71,14750.23,14751.71,33
2026-08-26T11:20:00+00:00,14751.71,14751.71,14749.23,14749.23,13
2026-08-26T11:25:00+00:00,14749.23,14749.73,14747.71,14749.73,29
2026-08-26T11:30:00+00:00,14749.73,14753.73,14749.71,14750.71,34
2026-08-26T11:35:00+00:00,14750.71,14751.71,14747.71,14747.73,43
2026-08-26T11:40:00+00:00,14747.73,14750.73,14747.71,14749.73,38
2026-08-26T11:45:00+00:00,14749.73,14752.23,14748.73,14748.73,49
2026-08-26T11:50:00+00:00,14748.73,14752.73,14748.71,14751.72,32
2026-08-26T11:55:00+00:00,14751.72,14755.23,14751.71,14754.71,31
2026-08-26T12:00:00+00:00,14754.71,14756.23,14753.71,14754.73,39
2026-08-26T12:05:00+00:00,14754.73,14755.73,14754.21,14755.21,42
2026-08-26T12:10:00+00:00,14755.21,14755.72,14753.71,14754.71,31
2026-08-26T12:15:00+00:00,14754.71,14754.71,14751.71,14753.72,37
2026-08-26T12:20:00+00:00,14753.72,14756.72,14753.71,14756.71,24
2026-08-26T12:25:00+00:00,14756.71,14757.72,14756.21,14757.71,35
2026-08-26T12:30:00+00:00,14757.71,14760.23,14750.73,14753.21,295
2026-08-26T12:35:00+00:00,14753.21,14753.73,14746.72,14748.73,84
2026-08-26T12:40:00+00:00,14748.73,14751.72,14747.71,14748.73,92
2026-08-26T12:45:00+00:00,14748.73,14749.21,14745.71,14748.71,65
2026-08-26T12:50:00+00:00,14748.71,14749.73,14735.73,14739.73,134
2026-08-26T12:55:00+00:00,14739.73,14743.73,14737.71,14740.71,113
2026-08-26T13:00:00+00:00,14740.71,14743.23,14740.21,14740.72,49
2026-08-26T13:05:00+00:00,14740.72,14740.73,14733.71,14734.22,52
2026-08-26T13:10:00+00:00,14734.22,14741.21,14734.22,14740.73,40
2026-08-26T13:15:00+00:00,14740.73,14741.73,14738.21,14740.73,62
2026-08-26T13:20:00+00:00,14740.73,14741.72,14739.72,14741.72,26
2026-08-26T13:25:00+00:00,14741.72,14745.23,14739.71,14745.23,68
2026-08-26T13:30:00+00:00,14745.23,14758.23,14744.71,14748.72,333
2026-08-26T13:35:00+00:00,14748.72,14753.72,14745.71,14749.71,233
2026-08-26T13:40:00+00:00,14749.71,14756.23,14748.72,14752.73,173
2026-08-26T13:45:00+00:00,14752.73,14754.73,14750.72,14752.71,137
2026-08-26T13:50:00+00:00,14752.71,14758.73,14751.23,14758.22,112
2026-08-26T13:55:00+00:00,14758.22,14758.73,14751.71,14752.22,89
2026-08-26T14:00:00+00:00,14752.22,14752.23,14750.23,14752.22,59
2026-08-26T14:05:00+00:00,14752.22,14752.71,14744.71,14744.72,59
2026-08-26T14:10:00+00:00,14744.72,14745.73,14738.71,14739.72,82
2026-08-26T14:15:00+00:00,14739.72,14743.73,14737.71,14741.72,112
2026-08-26T14:20:00+00:00,14741.72,14742.23,14733.72,14734.73,101
2026-08-26T14:25:00+00:00,14734.73,14736.71,14733.71,14735.22,114
2026-08-26T14:30:00+00:00,14735.22,14737.73,14734.22,14737.21,91
2026-08-26T14:35:00+00:00,14737.21,14740.73,14735.72,14738.72,78
2026-08-26T14:40:00+00:00,14738.72,14743.21,14738.72,14741.23,59
2026-08-26T14:45:00+00:00,14741.23,14742.23,14738.71,14739.71,54
2026-08-26T14:50:00+00:00,14739.71,14742.72,14735.73,14735.73,47
2026-08-26T14:55:00+00:00,14735.73,14738.73,14735.71,14737.73,55
2026-08-26T15:00:00+00:00,14737.73,14739.22,14734.71,14739.22,75
2026-08-26T15:05:00+00:00,14739.22,14740.73,14737.71,14739.72,84
2026-08-26T15:10:00+00:00,14739.72,14740.22,14737.71,14738.22,37
2026-08-26T15:15:00+00:00,14738.22,14738.72,14729.71,14735.73,71
2026-08-26T15:20:00+00:00,14735.73,14735.73,14732.71,14733.22,97
2026-08-26T15:25:00+00:00,14733.22,14736.73,14733.22,14736.21,57
2026-08-26T15:30:00+00:00,14736.21,14737.71,14734.72,14737.71,88
2026-08-26T15:35:00+00:00,14737.71,14743.73,14737.71,14741.73,72
2026-08-26T15:40:00+00:00,14741.73,14745.23,14741.71,14745.23,43
2026-08-26T15:45:00+00:00,14745.23,14746.73,14745.23,14746.73,29
2026-08-26T15:50:00+00:00,14746.73,14746.73,14738.72,14739.73,154
2026-08-26T15:55:00+00:00,14739.73,14743.73,14738.73,14741.21,52
2026-08-26T16:00:00+00:00,14741.21,14741.72,14739.71,14741.23,61
2026-08-26T16:05:00+00:00,14741.23,14741.23,14738.72,14739.71,57
2026-08-26T16:10:00+00:00,14739.71,14740.22,14738.21,14739.22,43
2026-08-26T16:15:00+00:00,14739.22,14740.23,14738.23,14740.23,34
2026-08-26T16:20:00+00:00,14740.23,14742.22,14740.21,14740.73,35
2026-08-26T16:25:00+00:00,14740.73,14741.23,14739.21,14739.21,36
2026-08-26T16:30:00+00:00,14739.21,14742.23,14739.21,14741.23,16
2026-08-26T16:35:00+00:00,14741.23,14741.23,14735.71,14735.71,65
2026-08-26T16:40:00+00:00,14735.71,14737.23,14734.21,14735.22,59
2026-08-26T16:45:00+00:00,14735.22,14737.23,14734.23,14736.22,54
2026-08-26T16:50:00+00:00,14736.22,14737.23,14735.71,14736.23,33
2026-08-26T16:55:00+00:00,14736.23,14739.23,14736.23,14739.23,25
2026-08-26T17:00:00+00:00,14739.23,14740.23,14738.22,14739.23,55
2026-08-26T17:05:00+00:00,14739.23,14740.23,14738.21,14740.23,21
2026-08-26T17:10:00+00:00,14740.73,14742.71,14739.73,14742.71,20
2026-08-26T17:15:00+00:00,14742.71,14744.73,14742.71,14744.21,40
2026-08-26T17:20:00+00:00,14744.21,14744.73,14744.21,14744.72,14
2026-08-26T17:25:00+00:00,14744.72,14745.73,14744.21,14744.72,20
2026-08-26T17:30:00+00:00,14744.72,14745.71,14742.71,14745.71,31
2026-08-26T17:35:00+00:00,14745.71,14745.73,14744.71,14745.72,11
2026-08-26T17:40:00+00:00,14745.72,14746.73,14744.72,14745.73,18
2026-08-26T17:45:00+00:00,14745.73,14745.73,14745.21,14745.23,13
2026-08-26T17:50:00+00:00,14745.23,14746.73,14744.71,14746.73,15
2026-08-26T17:55:00+00:00,14746.73,14747.73,14745.71,14745.73,15
2026-08-26T18:00:00+00:00,14745.73,14745.73,14744.71,14744.73,10
2026-08-26T18:05:00+00:00,14744.73,14745.73,14744.21,14745.21,23
2026-08-26T18:10:00+00:00,14745.21,14745.73,14742.71,14742.72,10
2026-08-26T18:15:00+00:00,14742.72,14743.71,14741.71,14742.71,21
2026-08-26T18:20:00+00:00,14742.71,14742.73,14740.71,14740.71,21
2026-08-26T18:25:00+00:00,14740.71,14740.72,14739.72,14739.72,10
2026-08-26T18:30:00+00:00,14739.72,14740.72,14738.71,14740.21,27
2026-08-26T18:35:00+00:00,14740.21,14741.21,14739.71,14739.73,27
2026-08-26T18:40:00+00:00,14739.73,14740.73,14738.72,14738.72,20
2026-08-26T18:45:00+00:00,14738.72,14741.72,14738.72,14739.72,27
2026-08-26T18:50:00+00:00,14739.72,14741.73,14739.72,14741.22,17
2026-08-26T18:55:00+00:00,14741.22,14743.71,14741.21,14741.72,23
2026-08-26T19:00:00+00:00,14741.72,14743.72,14741.71,14743.699999999999,42
2026-08-26T19:05:00+00:00,14743.699999999999,14743.72,14741.21,14741.21,33
2026-08-26T19:10:00+00:00,14741.21,14744.699999999999,14741.199999999999,14743.71,27
2026-08-26T19:15:00+00:00,14743.71,14745.71,14743.699999999999,14744.699999999999,21
2026-08-26T19:20:00+00:00,14744.699999999999,14744.72,14742.71,14743.71,22
2026-08-26T19:25:00+00:00,14743.71,14745.72,14743.699999999999,14744.21,27
2026-08-26T19:30:00+00:00,14744.21,14746.72,14743.72,14745.72,41
2026-08-26T19:35:00+00:00,14745.72,14746.71,14744.71,14745.71,48
2026-08-26T19:40:00+00:00,14745.71,14746.21,14744.699999999999,14744.71,18
2026-08-26T19:45:00+00:00,14744.71,14745.71,14741.199999999999,14743.72,45
2026-08-26T19:50:00+00:00,14743.72,14743.72,14739.699999999999,14740.699999999999,46
2026-08-26T19:55:00+00:00,14740.699999999999,14743.21,14738.71,14742.199999999999,88
2026-08-26T20:00:00+00:00,14742.199999999999,14745.21,14740.71,14743.72,62
2026-08-26T20:05:00+00:00,14743.72,14743.72,14741.72,14742.199999999999,29
2026-08-26T20:10:00+00:00,14742.199999999999,14742.72,14741.23,14741.73,9
2026-08-26T20:15:00+00:00,14741.73,14742.23,14740.22,14741.73,23
2026-08-26T20:20:00+00:00,14741.73,14742.73,14732.72,14738.73,238
2026-08-26T20:25:00+00:00,14738.73,14740.72,14734.71,14736.73,50
2026-08-26T20:30:00+00:00,14736.73,14737.23,14734.73,14736.21,24
2026-08-26T20:35:00+00:00,14736.21,14737.73,14736.21,14737.73,18
2026-08-26T20:40:00+00:00,14737.73,14737.73,14736.71,14737.71,15
2026-08-27T01:00:00+00:00,14737.71,14778.15,14737.71,14761.65,99
2026-08-27T01:05:00+00:00,14761.65,14770.65,14758.65,14767.16,163
2026-08-27T01:10:00+00:00,14767.16,14776.66,14763.16,14765.15,263
2026-08-27T01:15:00+00:00,14765.15,14791.65,14760.64,14790.66,704
2026-08-27T01:20:00+00:00,14790.66,14797.15,14779.64,14787.16,381
2026-08-27T01:25:00+00:00,14787.16,14814.66,14783.64,14805.15,708
2026-08-27T01:30:00+00:00,14805.15,14823.66,14772.64,14783.66,5214
2026-08-27T01:35:00+00:00,14783.66,14789.16,14757.14,14772.14,2660
2026-08-27T01:40:00+00:00,14772.14,14773.65,14736.14,14750.65,2240
2026-08-27T01:45:00+00:00,14750.65,14772.66,14746.14,14758.66,2107
2026-08-27T01:50:00+00:00,14758.66,14764.14,14742.66,14747.66,1595
2026-08-27T01:55:00+00:00,14747.66,14770.64,14746.64,14748.64,1564
2026-08-27T02:00:00+00:00,14748.64,14773.66,14744.65,14767.64,1542
2026-08-27T02:05:00+00:00,14767.64,14777.66,14754.15,14770.14,1310
2026-08-27T02:10:00+00:00,14770.14,14780.64,14759.64,14779.16,1042
2026-08-27T02:15:00+00:00,14779.16,14782.64,14762.64,14765.65,1159
2026-08-27T02:20:00+00:00,14765.65,14770.14,14741.64,14743.66,1066
2026-08-27T02:25:00+00:00,14743.66,14748.65,14734.65,14734.65,923
2026-08-27T02:30:00+00:00,14734.65,14750.66,14732.64,14750.15,843
2026-08-27T02:35:00+00:00,14750.15,14751.65,14731.15,14749.64,910
2026-08-27T02:40:00+00:00,14749.64,14755.65,14733.16,14754.66,912
2026-08-27T02:45:00+00:00,14754.66,14764.65,14742.64,14758.64,1104
2026-08-27T02:50:00+00:00,14758.64,14776.66,14756.64,14773.66,1085
2026-08-27T02:55:00+00:00,14773.66,14781.65,14749.15,14752.65,1063
2026-08-27T03:00:00+00:00,14752.65,14772.64,14744.64,14771.66,1039
2026-08-27T03:05:00+00:00,14771.66,14783.66,14756.64,14761.16,914
2026-08-27T03:10:00+00:00,14761.16,14783.66,14757.15,14783.14,930
2026-08-27T03:15:00+00:00,14783.14,14790.66,14777.14,14790.66,848
2026-08-27T03:20:00+00:00,14790.66,14802.66,14787.64,14793.65,775
2026-08-27T03:25:00+00:00,14793.65,14805.16,14788.65,14789.64,857
2026-08-27T03:30:00+00:00,14789.64,14792.66,14779.14,14792.16,140
2026-08-27T03:35:00+00:00,14792.16,14799.64,14791.64,14798.65,99
2026-08-27T03:40:00+00:00,14798.65,14798.65,14793.64,14794.64,93
2026-08-27T03:45:00+00:00,14794.64,14796.64,14792.64,14792.66,45
2026-08-27T03:50:00+00:00,14792.66,14796.65,14789.64,14790.64,54
2026-08-27T03:55:00+00:00,14790.64,14792.65,14787.64,14789.65,76
2026-08-27T04:00:00+00:00,14789.65,14792.66,14789.65,14790.66,40
2026-08-27T04:05:00+00:00,14790.66,14790.66,14787.64,14789.15,65
2026-08-27T04:10:00+00:00,14789.15,14790.66,14788.15,14789.15,34
2026-08-27T04:15:00+00:00,14789.15,14790.16,14788.64,14789.64,25
2026-08-27T04:20:00+00:00,14789.64,14790.14,14785.64,14786.14,27
2026-08-27T04:25:00+00:00,14786.14,14786.66,14782.66,14782.66,33
2026-08-27T04:30:00+00:00,14782.66,14783.15,14779.64,14781.15,28
2026-08-27T04:35:00+00:00,14781.15,14781.65,14777.64,14777.64,48
2026-08-27T04:40:00+00:00,14777.64,14778.65,14775.66,14777.66,54
2026-08-27T04:45:00+00:00,14777.66,14781.65,14777.65,14779.14,37
2026-08-27T04:50:00+00:00,14779.14,14780.16,14776.64,14777.64,30
2026-08-27T04:55:00+00:00,14777.64,14779.66,14777.14,14777.65,58
2026-08-27T05:00:00+00:00,14777.65,14777.65,14759.65,14771.66,1460
2026-08-27T05:05:00+00:00,14771.66,14780.66,14767.14,14774.66,857
2026-08-27T05:10:00+00:00,14774.66,14791.16,14764.66,14789.16,779
2026-08-27T05:15:00+00:00,14789.16,14791.15,14768.15,14779.14,740
2026-08-27T05:20:00+00:00,14779.14,14799.16,14773.64,14797.65,780
2026-08-27T05:25:00+00:00,14797.65,14801.65,14786.14,14797.14,801
2026-08-27T05:30:00+00:00,14797.14,14802.65,14788.64,14800.65,862
2026-08-27T05:35:00+00:00,14800.65,14803.66,14793.15,14803.15,642
2026-08-27T05:40:00+00:00,14803.15,14804.65,14793.65,14804.65,584
2026-08-27T05:45:00+00:00,14804.65,14822.64,14804.65,14821.66,732
2026-08-27T05:50:00+00:00,14821.66,14823.16,14798.14,14801.64,534
2026-08-27T05:55:00+00:00,14801.64,14814.66,14797.64,14812.16,378
2026-08-27T06:00:00+00:00,14812.16,14818.66,14805.64,14815.64,482
2026-08-27T06:05:00+00:00,14815.64,14818.66,14808.65,14811.14,389
2026-08-27T06:10:00+00:00,14811.14,14812.16,14804.64,14812.14,304
2026-08-27T06:15:00+00:00,14812.14,14813.64,14804.64,14811.16,344
2026-08-27T06:20:00+00:00,14811.16,14816.64,14810.15,14816.64,275
2026-08-27T06:25:00+00:00,14816.64,14825.16,14813.64,14824.64,388
2026-08-27T06:30:00+00:00,14824.64,14843.16,14824.64,14841.66,491
2026-08-27T06:35:00+00:00,14841.66,14845.16,14836.64,14837.65,381
2026-08-27T06:40:00+00:00,14837.65,14845.64,14832.15,14845.15,394
2026-08-27T06:45:00+00:00,14845.15,14854.16,14844.16,14850.14,480
2026-08-27T06:50:00+00:00,14850.14,14854.16,14847.64,14854.16,496
2026-08-27T06:55:00+00:00,14854.16,14859.66,14850.65,14855.64,291
2026-08-27T07:00:00+00:00,14855.64,14855.64,14839.14,14842.65,166
2026-08-27T07:05:00+00:00,14842.65,14844.66,14838.66,14843.15,83
2026-08-27T07:10:00+00:00,14843.15,14845.66,14841.64,14841.64,76
2026-08-27T07:15:00+00:00,14841.64,14842.65,14836.64,14839.64,42
2026-08-27T07:20:00+00:00,14839.64,14840.16,14837.64,14837.65,30
2026-08-27T07:25:00+00:00,14837.65,14837.65,14833.64,14834.66,54
2026-08-27T07:30:00+00:00,14834.66,14836.16,14831.66,14834.65,45
2026-08-27T07:35:00+00:00,14834.65,14837.64,14831.64,14837.64,37
2026-08-27T07:40:00+00:00,14837.64,14838.66,14837.16,14837.16,23
2026-08-27T07:45:00+00:00,14837.16,14837.16,14834.15,14834.16,18
2026-08-27T07:50:00+00:00,14834.16,14835.14,14832.14,14834.65,34
2026-08-27T07:55:00+00:00,14834.65,14834.65,14831.64,14833.16,29
2026-08-27T08:00:00+00:00,14833.16,14837.14,14831.15,14836.66,21
2026-08-27T08:05:00+00:00,14836.66,14839.15,14835.65,14836.66,28
2026-08-27T08:10:00+00:00,14836.66,14843.66,14836.66,14843.66,44
2026-08-27T08:15:00+00:00,14843.66,14843.66,14837.64,14840.66,41
2026-08-27T08:20:00+00:00,14840.66,14845.65,14840.66,14845.65,21
2026-08-27T08:25:00+00:00,14845.65,14847.66,14844.14,14847.14,36
2026-08-27T09:00:00+00:00,14847.14,14847.14,14821.14,14824.16,178
2026-08-27T09:05:00+00:00,14824.16,14824.16,14814.64,14815.65,59
2026-08-27T09:10:00+00:00,14815.65,14819.16,14815.65,14817.15,52
2026-08-27T09:15:00+00:00,14817.15,14821.64,14814.65,14820.14,58
2026-08-27T09:20:00+00:00,14820.14,14821.66,14818.64,14820.16,30
2026-08-27T09:25:00+00:00,14820.16,14822.64,14812.66,14816.14,75
2026-08-27T09:30:00+00:00,14816.14,14818.14,14814.64,14814.64,47
2026-08-27T09:35:00+00:00,14814.64,14814.64,14806.14,14807.16,40
2026-08-27T09:40:00+00:00,14807.16,14810.66,14807.16,14808.15,29
2026-08-27T09:45:00+00:00,14808.15,14811.65,14807.64,14811.16,22
2026-08-27T09:50:00+00:00,14811.16,14814.64,14810.64,14812.14,45
2026-08-27T09:55:00+00:00,14812.14,14812.65,14807.64,14807.65,28
2026-08-27T10:00:00+00:00,14807.65,14809.66,14805.64,14809.15,35
2026-08-27T10:05:00+00:00,14809.15,14812.66,14808.64,14811.66,35
2026-08-27T10:10:00+00:00,14811.66,14813.64,14810.64,14812.15,44
2026-08-27T10:15:00+00:00,14812.15,14813.15,14811.64,14811.66,27
2026-08-27T10:20:00+00:00,14811.66,14812.66,14811.64,14811.65,26
2026-08-27T10:25:00+00:00,14811.65,14811.65,14809.64,14809.64,13
2026-08-27T10:30:00+00:00,14809.64,14811.65,14809.16,14809.64,24
2026-08-27T10:35:00+00:00,14809.64,14809.64,14805.14,14805.14,36
2026-08-27T10:40:00+00:00,14805.14,14809.16,14804.65,14808.66,27
2026-08-27T10:45:00+00:00,14808.66,14809.16,14806.64,14806.64,31
2026-08-27T10:50:00+00:00,14806.64,14809.65,14805.65,14808.66,31
2026-08-27T10:55:00+00:00,14808.66,14812.65,14808.66,14812.65,23
2026-08-27T11:00:00+00:00,14812.65,14812.65,14808.15,14810.15,56
2026-08-27T11:05:00+00:00,14810.15,14811.66,14808.14,14811.66,31
2026-08-27T11:10:00+00:00,14811.66,14811.66,14806.15,14806.66,23
2026-08-27T11:15:00+00:00,14806.66,14806.66,14803.64,14803.66,22
2026-08-27T11:20:00+00:00,14803.66,14805.65,14803.14,14803.65,27
2026-08-27T11:25:00+00:00,14803.65,14803.66,14801.65,14802.16,29
2026-08-27T11:30:00+00:00,14802.16,14807.14,14801.14,14804.64,121
2026-08-27T11:35:00+00:00,14804.64,14804.66,14801.65,14803.64,44
2026-08-27T11:40:00+00:00,14803.64,14804.66,14803.15,14803.64,31
2026-08-27T11:45:00+00:00,14803.64,14803.64,14797.65,14798.66,34
2026-08-27T11:50:00+00:00,14798.66,14800.66,14798.66,14800.65,24
2026-08-27T11:55:00+00:00,14800.65,14803.16,14800.65,14803.14,17
2026-08-27T12:00:00+00:00,14803.14,14805.16,14801.64,14804.65,41
2026-08-27T12:05:00+00:00,14804.65,14804.66,14801.64,14801.64,57
2026-08-27T12:10:00+00:00,14801.64,14802.64,14799.64,14800.64,19
2026-08-27T12:15:00+00:00,14800.64,14801.66,14794.65,14794.65,24
2026-08-27T12:20:00+00:00,14794.65,14795.16,14790.66,14793.16,43
2026-08-27T12:25:00+00:00,14793.16,14793.16,14788.64,14789.16,18
2026-08-27T12:30:00+00:00,14789.16,14797.15,14789.16,14796.64,74
2026-08-27T12:35:00+00:00,14796.64,14797.16,14791.14,14791.66,65
2026-08-27T12:40:00+00:00,14791.66,14794.14,14790.66,14791.65,50
2026-08-27T12:45:00+00:00,14791.65,14792.64,14771.16,14777.15,94
2026-08-27T12:50:00+00:00,14777.15,14793.15,14775.15,14792.65,119
2026-08-27T12:55:00+00:00,14792.65,14798.66,14792.65,14798.66,39
2026-08-27T13:00:00+00:00,14798.66,14801.16,14796.65,14800.16,74
2026-08-27T13:05:00+00:00,14800.16,14803.15,14779.64,14783.15,109
2026-08-27T13:10:00+00:00,14783.15,14785.64,14783.14,14785.16,22
2026-08-27T13:15:00+00:00,14785.16,14794.64,14785.16,14793.65,46
2026-08-27T13:20:00+00:00,14793.65,14796.66,14793.65,14795.16,29
2026-08-27T13:25:00+00:00,14795.16,14800.15,14795.16,14797.16,73
2026-08-27T13:30:00+00:00,14797.16,14811.64,14796.64,14796.66,345
2026-08-27T13:35:00+00:00,14796.66,14802.16,14791.14,14791.14,274
2026-08-27T13:40:00+00:00,14791.14,14795.66,14786.14,14791.64,230
2026-08-27T13:45:00+00:00,14791.64,14793.66,14782.15,14785.66,194
2026-08-27T13:50:00+00:00,14785.66,14798.65,14785.66,14795.66,203
2026-08-27T13:55:00+00:00,14795.66,14795.66,14784.64,14786.65,217
2026-08-27T14:00:00+00:00,14786.65,14792.14,14785.64,14791.66,207
2026-08-27T14:05:00+00:00,14791.66,14800.65,14791.16,14797.65,208
2026-08-27T14:10:00+00:00,14797.65,14802.66,14797.65,14802.14,112
2026-08-27T14:15:00+00:00,14802.14,14809.16,14802.14,14809.16,88
2026-08-27T14:20:00+00:00,14809.16,14812.65,14808.65,14809.16,61
2026-08-27T14:25:00+00:00,14809.16,14812.14,14807.66,14811.65,60
2026-08-27T14:30:00+00:00,14811.65,14811.66,14808.64,14810.65,91
2026-08-27T14:35:00+00:00,14810.65,14813.66,14810.65,14811.66,74
2026-08-27T14:40:00+00:00,14811.66,14814.64,14810.64,14813.64,58
2026-08-27T14:45:00+00:00,14813.64,14818.66,14813.14,14817.64,57
2026-08-27T14:50:00+00:00,14817.64,14819.65,14804.64,14805.66,90
2026-08-27T14:55:00+00:00,14805.66,14806.64,14800.14,14804.66,61
2026-08-27T15:00:00+00:00,14804.66,14808.65,14803.65,14808.15,58
2026-08-27T15:05:00+00:00,14808.15,14810.67,14805.65,14808.65,72
2026-08-27T15:10:00+00:00,14808.65,14812.17,14808.15,14812.16,41
2026-08-27T15:15:00+00:00,14812.65,14814.66,14812.15,14812.66,50
2026-08-27T15:20:00+00:00,14812.66,14817.66,14805.14,14805.65,75
2026-08-27T15:25:00+00:00,14805.65,14811.64,14804.14,14811.14,61
2026-08-27T15:30:00+00:00,14811.14,14817.65,14809.64,14817.65,96
2026-08-27T15:35:00+00:00,14817.65,14819.16,14806.65,14810.64,141
2026-08-27T15:40:00+00:00,14810.64,14813.64,14807.65,14813.16,74
2026-08-27T15:45:00+00:00,14813.16,14813.16,14805.64,14807.64,56
2026-08-27T15:50:00+00:00,14807.64,14818.16,14805.14,14817.66,94
2026-08-27T15:55:00+00:00,14817.66,14820.65,14813.66,14817.66,53
2026-08-27T16:00:00+00:00,14817.66,14822.65,14814.64,14815.65,42
2026-08-27T16:05:00+00:00,14815.65,14815.65,14801.65,14801.65,76
2026-08-27T16:10:00+00:00,14801.65,14801.65,14793.16,14793.16,50
2026-08-27T16:15:00+00:00,14793.16,14793.16,14788.65,14791.64,40
2026-08-27T16:20:00+00:00,14791.64,14796.14,14791.16,14794.66,30
2026-08-27T16:25:00+00:00,14794.66,14798.66,14794.15,14798.66,16
2026-08-27T16:30:00+00:00,14798.66,14802.66,14797.66,14801.15,40
2026-08-27T16:35:00+00:00,14801.15,14804.65,14800.64,14804.16,39
2026-08-27T16:40:00+00:00,14804.16,14807.65,14801.64,14802.15,52
2026-08-27T16:45:00+00:00,14802.15,14803.66,14800.64,14802.16,26
2026-08-27T16:50:00+00:00,14802.16,14805.64,14801.64,14804.65,28
2026-08-27T16:55:00+00:00,14804.65,14814.66,14804.65,14813.64,52
2026-08-27T17:00:00+00:00,14813.64,14819.66,14813.64,14818.66,43
2026-08-27T17:05:00+00:00,14818.66,14819.65,14809.65,14814.65,59
2026-08-27T17:10:00+00:00,14814.65,14815.15,14812.14,14814.64,39
2026-08-27T17:15:00+00:00,14814.64,14818.66,14810.66,14813.15,54
2026-08-27T17:20:00+00:00,14813.15,14813.66,14810.64,14813.64,35
2026-08-27T17:25:00+00:00,14813.64,14813.64,14808.16,14808.65,26
2026-08-27T17:30:00+00:00,14808.65,14810.65,14806.15,14807.66,50
2026-08-27T17:35:00+00:00,14807.66,14808.66,14806.65,14807.66,26
2026-08-27T17:40:00+00:00,14807.66,14808.66,14803.65,14803.65,32
2026-08-27T17:45:00+00:00,14803.65,14806.64,14803.64,14804.66,40
2026-08-27T17:50:00+00:00,14804.66,14805.66,14802.15,14804.64,31
2026-08-27T17:55:00+00:00,14804.64,14807.65,14802.14,14803.16,48
2026-08-27T18:00:00+00:00,14803.16,14803.16,14793.64,14793.64,75
2026-08-27T18:05:00+00:00,14793.64,14796.16,14793.64,14794.64,41
2026-08-27T18:10:00+00:00,14794.64,14798.66,14794.64,14798.66,47
2026-08-27T18:15:00+00:00,14798.66,14798.66,14795.64,14797.16,53
2026-08-27T18:20:00+00:00,14797.16,14797.65,14790.15,14790.66,67
2026-08-27T18:25:00+00:00,14790.66,14791.66,14785.64,14787.66,75
2026-08-27T18:30:00+00:00,14787.66,14789.65,14786.15,14787.66,29
2026-08-27T18:35:00+00:00,14787.66,14789.14,14785.66,14788.15,28
2026-08-27T18:40:00+00:00,14788.15,14788.15,14785.65,14786.66,22
2026-08-27T18:45:00+00:00,14786.66,14786.66,14785.64,14785.64,23
2026-08-27T18:50:00+00:00,14785.64,14789.66,14784.64,14787.14,34
2026-08-27T18:55:00+00:00,14787.14,14788.65,14785.65,14788.14,34
2026-08-27T19:00:00+00:00,14788.14,14790.15,14787.65,14790.15,19
2026-08-27T19:05:00+00:00,14790.15,14792.15,14788.15,14792.14,51
2026-08-27T19:10:00+00:00,14792.14,14792.65,14790.15,14790.15,35
2026-08-27T19:15:00+00:00,14790.15,14792.66,14790.15,14792.64,22
2026-08-27T19:20:00+00:00,14792.64,14793.66,14791.65,14793.16,24
2026-08-27T19:25:00+00:00,14793.16,14795.65,14792.64,14794.16,39
2026-08-27T19:30:00+00:00,14794.16,14797.66,14793.65,14796.65,46
2026-08-27T19:35:00+00:00,14796.65,14797.66,14795.64,14797.14,36
2026-08-27T19:40:00+00:00,14797.14,14798.66,14796.64,14798.14,36
2026-08-27T19:45:00+00:00,14798.14,14799.66,14793.64,14797.64,36
2026-08-27T19:50:00+00:00,14797.64,14801.66,14795.65,14801.66,93
2026-08-27T19:55:00+00:00,14801.66,14804.66,14800.64,14804.16,89
2026-08-27T20:00:00+00:00,14804.16,14804.66,14798.15,14798.15,20
2026-08-27T20:05:00+00:00,14798.15,14799.16,14794.16,14794.16,20
2026-08-27T20:10:00+00:00,14794.16,14794.16,14787.66,14788.66,11
2026-08-27T20:15:00+00:00,14788.66,14788.66,14785.15,14788.15,14
2026-08-27T20:25:00+00:00,14788.15,14788.15,14788.14,14788.14,1
2026-08-27T20:30:00+00:00,14788.14,14788.14,14787.15,14787.15,2
2026-08-27T20:35:00+00:00,14787.15,14787.63,14783.64,14783.64,10
2026-08-27T20:40:00+00:00,14783.64,14789.14,14783.64,14789.14,7
2026-08-28T01:00:00+00:00,14789.14,14789.14,14773.01,14779.99,73
2026-08-28T01:05:00+00:00,14779.99,14782.51,14778.5,14782.01,43
2026-08-28T01:10:00+00:00,14782.01,14783.01,14763.49,14765.01,112
2026-08-28T01:15:00+00:00,14765.01,14791.01,14758.5,14766,476
2026-08-28T01:20:00+00:00,14766,14766,14732.99,14735.99,379
2026-08-28T01:25:00+00:00,14735.99,14740.51,14725,14737,470
2026-08-28T01:30:00+00:00,14737,14789.5,14705.51,14773,3997
2026-08-28T01:35:00+00:00,14773,14797.01,14767,14770.01,2230
2026-08-28T01:40:00+00:00,14770.01,14779.01,14737.99,14779,2059
2026-08-28T01:45:00+00:00,14779,14797,14759.5,14793.5,1559
2026-08-28T01:50:00+00:00,14793.5,14807,14786.99,14791,1712
2026-08-28T01:55:00+00:00,14791,14816.01,14789.51,14815.99,1478
2026-08-28T02:00:00+00:00,14815.99,14830.99,14800.99,14818.49,1499
2026-08-28T02:05:00+00:00,14818.49,14849.49,14817.51,14834,1302
2026-08-28T02:10:00+00:00,14834,14838.99,14814.49,14822.99,1331
2026-08-28T02:15:00+00:00,14822.99,14832.01,14814.99,14820,880
2026-08-28T02:20:00+00:00,14820,14846.51,14818.51,14830.49,908
2026-08-28T02:25:00+00:00,14830.49,14844.51,14816.49,14831.01,1020
2026-08-28T02:30:00+00:00,14831.01,14832.51,14807.99,14819.01,1054
2026-08-28T02:35:00+00:00,14819.01,14822,14801.01,14809,842
2026-08-28T02:40:00+00:00,14809,14814.99,14798,14806.51,733
2026-08-28T02:45:00+00:00,14806.51,14808,14782,14787,956
2026-08-28T02:50:00+00:00,14787,14798.51,14774.99,14780.5,955
2026-08-28T02:55:00+00:00,14780.5,14808,14776.99,14786.99,729
2026-08-28T03:00:00+00:00,14786.99,14811,14784.99,14804.51,805
2026-08-28T03:05:00+00:00,14804.51,14805.99,14781.99,14783,715
2026-08-28T03:10:00+00:00,14783,14794.49,14781.49,14785.99,607
2026-08-28T03:15:00+00:00,14785.99,14808.49,14785.99,14805,764
2026-08-28T03:20:00+00:00,14805,14806.01,14786.99,14796,616
2026-08-28T03:25:00+00:00,14796,14803.01,14790,14791.01,537
2026-08-28T03:30:00+00:00,14791.01,14794,14789.49,14789.49,50
2026-08-28T03:35:00+00:00,14789.49,14789.49,14784.49,14785.01,48
2026-08-28T03:40:00+00:00,14785.01,14788,14783.5,14785.49,30
2026-08-28T03:45:00+00:00,14785.49,14793.51,14782.99,14793,57
2026-08-28T03:50:00+00:00,14793,14798.01,14792.49,14794,46
2026-08-28T03:55:00+00:00,14794,14799,14793.99,14795.49,88
2026-08-28T04:00:00+00:00,14795.49,14797.01,14794.5,14794.99,62
2026-08-28T04:05:00+00:00,14794.99,14796.01,14793.99,14795.51,48
2026-08-28T04:10:00+00:00,14795.51,14802.49,14795.51,14801.51,61
2026-08-28T04:15:00+00:00,14801.51,14803.51,14801.5,14802.51,76
2026-08-28T04:20:00+00:00,14802.51,14802.51,14800,14801.01,16
2026-08-28T04:25:00+00:00,14801.01,14801.01,14797.99,14800.01,37
2026-08-28T04:30:00+00:00,14800.01,14800.01,14795.01,14795.01,92
2026-08-28T04:35:00+00:00,14795.01,14797.01,14794.99,14797,40
2026-08-28T04:40:00+00:00,14797,14798.01,14795,14796,56
2026-08-28T04:45:00+00:00,14796,14798,14796,14797,26
2026-08-28T04:50:00+00:00,14797,14797.5,14795.99,14796,30
2026-08-28T04:55:00+00:00,14796,14797.01,14793.5,14794,55
2026-08-28T05:00:00+00:00,14794,14794,14756,14760,1066
2026-08-28T05:05:00+00:00,14760,14771,14756.99,14763,827
2026-08-28T05:10:00+00:00,14763,14772.01,14755.99,14772.01,673
2026-08-28T05:15:00+00:00,14772.01,14790.01,14768.99,14787.99,732
2026-08-28T05:20:00+00:00,14787.99,14788.01,14763.01,14766,619
2026-08-28T05:25:00+00:00,14766,14775.01,14763.5,14771.99,460
2026-08-28T05:30:00+00:00,14771.99,14781.51,14766,14767,531
2026-08-28T05:35:00+00:00,14767,14772.01,14750.99,14759.99,689
2026-08-28T05:40:00+00:00,14759.99,14761.01,14747,14757.99,642
2026-08-28T05:45:00+00:00,14757.99,14761.51,14751.49,14761,513
2026-08-28T05:50:00+00:00,14761,14779.99,14760.49,14777.99,478
2026-08-28T05:55:00+00:00,14777.99,14782.99,14759.99,14759.99,412
2026-08-28T06:00:00+00:00,14759.99,14764.51,14755.01,14763.01,488
2026-08-28T06:05:00+00:00,14763.01,14764.01,14749,14758,375
2026-08-28T06:10:00+00:00,14758,14773,14756.49,14770.99,451
2026-08-28T06:15:00+00:00,14770.99,14774,14756,14761.01,479
2026-08-28T06:20:00+00:00,14761.01,14761.01,14748.5,14751,389
2026-08-28T06:25:00+00:00,14751,14763,14750,14757,528
2026-08-28T06:30:00+00:00,14757,14762.5,14749.99,14750.5,617
2026-08-28T06:35:00+00:00,14750.5,14758.99,14746.99,14751.51,491
2026-08-28T06:40:00+00:00,14751.51,14751.51,14732.99,14739.5,712
2026-08-28T06:45:00+00:00,14739.5,14752.01,14733.99,14741.99,761
2026-08-28T06:50:00+00:00,14741.99,14747.01,14735.5,14745.01,698
2026-08-28T06:55:00+00:00,14745.01,14770.01,14743.99,14769,1001
2026-08-28T07:00:00+00:00,14769,14774,14759,14768,381
2026-08-28T07:05:00+00:00,14768,14768,14762,14764.51,154
2026-08-28T07:10:00+00:00,14764.51,14767,14762.99,14765.5,173
2026-08-28T07:15:00+00:00,14765.5,14765.5,14758,14759.5,158
2026-08-28T07:20:00+00:00,14759.5,14762,14758.01,14761.01,127
2026-08-28T07:25:00+00:00,14761.01,14764.01,14760.49,14761.01,61
2026-08-28T07:30:00+00:00,14761.01,14762.99,14757.51,14757.51,71
2026-08-28T07:35:00+00:00,14757.51,14760.01,14757,14759.01,42
2026-08-28T07:40:00+00:00,14759.01,14759.01,14756.01,14756.01,44
2026-08-28T07:45:00+00:00,14756.01,14759.01,14755.99,14757,63
2026-08-28T07:50:00+00:00,14757,14761.99,14754.99,14761.99,111
2026-08-28T07:55:00+00:00,14761.99,14764.5,14759.99,14763.49,138
2026-08-28T08:00:00+00:00,14763.49,14767,14761.49,14761.99,120
2026-08-28T08:05:00+00:00,14761.99,14764.01,14760.99,14761.5,83
2026-08-28T08:10:00+00:00,14761.5,14765,14761.5,14762.99,93
2026-08-28T08:15:00+00:00,14762.99,14763.99,14757.5,14758,61
2026-08-28T08:20:00+00:00,14758,14759,14755.99,14757.5,56
2026-08-28T08:25:00+00:00,14757.5,14761.99,14757.5,14761.99,100
2026-08-28T09:00:00+00:00,14761.99,14769.99,14760.49,14761.01,111
2026-08-28T09:05:00+00:00,14761.01,14768.01,14760,14767.51,55
2026-08-28T09:10:00+00:00,14767.51,14768,14767,14767.49,9
2026-08-28T09:15:00+00:00,14767.49,14767.51,14763.99,14765.51,61
2026-08-28T09:20:00+00:00,14765.51,14767.5,14763.49,14766,31
2026-08-28T09:25:00+00:00,14766,14767.01,14765.51,14767.01,24
2026-08-28T09:30:00+00:00,14767.01,14767.51,14764.01,14765.99,38
2026-08-28T09:35:00+00:00,14765.99,14766.01,14764.01,14764.99,27
2026-08-28T09:40:00+00:00,14764.99,14765.99,14764,14765.51,41
2026-08-28T09:45:00+00:00,14765.51,14768,14764.49,14768,24
2026-08-28T09:50:00+00:00,14768,14770.01,14768,14769.49,32
2026-08-28T09:55:00+00:00,14769.49,14770,14767,14767.49,32
2026-08-28T10:00:00+00:00,14767.49,14769,14764.99,14768.49,39
2026-08-28T10:05:00+00:00,14768.49,14769.01,14765.49,14767,30
2026-08-28T10:10:00+00:00,14767,14767.5,14765.01,14766.51,22
2026-08-28T10:15:00+00:00,14766.51,14770.01,14765.99,14770,34
2026-08-28T10:20:00+00:00,14770,14771.01,14766.99,14767,15
2026-08-28T10:25:00+00:00,14767,14768.49,14766,14767.51,17
2026-08-28T10:30:00+00:00,14767.51,14771.01,14767.51,14770.01,24
2026-08-28T10:35:00+00:00,14770.01,14771.01,14768.01,14769.01,25
2026-08-28T10:40:00+00:00,14769.01,14769.5,14765.99,14765.99,25
2026-08-28T10:45:00+00:00,14765.99,14766.51,14764.99,14765.49,20
2026-08-28T10:50:00+00:00,14765.49,14765.5,14763.99,14763.99,10
2026-08-28T10:55:00+00:00,14763.99,14766.51,14763.99,14766.51,8
2026-08-28T11:00:00+00:00,14766.51,14767,14764.99,14765.51,42
2026-08-28T11:05:00+00:00,14765.51,14771.5,14764.99,14769,43
2026-08-28T11:10:00+00:00,14769,14770.51,14764.99,14770.51,41
2026-08-28T11:15:00+00:00,14770.51,14770.51,14769.5,14770.01,10
2026-08-28T11:20:00+00:00,14770.01,14773.01,14770.01,14773.01,20
2026-08-28T11:25:00+00:00,14773.01,14776,14772,14776,18
2026-08-28T11:30:00+00:00,14776,14779.01,14776,14778.49,35
2026-08-28T11:35:00+00:00,14778.49,14781.01,14778,14780.99,25
2026-08-28T11:40:00+00:00,14780.99,14780.99,14777.49,14779.99,20
2026-08-28T11:45:00+00:00,14779.99,14782.01,14778.99,14781.49,65
2026-08-28T11:50:00+00:00,14781.49,14781.5,14777.01,14780,28
2026-08-28T11:55:00+00:00,14780,14783.5,14780,14783,35
2026-08-28T12:00:00+00:00,14783,14786,14782.49,14782.49,66
2026-08-28T12:05:00+00:00,14782.49,14782.49,14779.49,14782.01,20
2026-08-28T12:10:00+00:00,14782.01,14783,14779.99,14782.5,35
2026-08-28T12:15:00+00:00,14782.5,14783.99,14780.99,14783.99,21
2026-08-28T12:20:00+00:00,14783.99,14786.01,14783.49,14785.99,29
2026-08-28T12:25:00+00:00,14785.99,14786.01,14783.99,14784.49,42
2026-08-28T12:30:00+00:00,14784.49,14784.49,14779.99,14780,27
2026-08-28T12:35:00+00:00,14780,14781.51,14778.99,14779.01,27
2026-08-28T12:40:00+00:00,14779.01,14780.01,14776.99,14777,19
2026-08-28T12:45:00+00:00,14777,14778.01,14776.99,14778.01,31
2026-08-28T12:50:00+00:00,14778.01,14779.99,14778,14779.51,21
2026-08-28T12:55:00+00:00,14779.51,14781.01,14777.49,14778.99,28
2026-08-28T13:00:00+00:00,14778.99,14784.01,14778.99,14780.51,56
2026-08-28T13:05:00+00:00,14780.51,14781.01,14779.01,14779.99,24
2026-08-28T13:10:00+00:00,14779.99,14781.01,14778.99,14781.01,22
2026-08-28T13:15:00+00:00,14781.01,14781.01,14777.5,14777.5,14
2026-08-28T13:20:00+00:00,14777.5,14777.51,14772.51,14774.01,35
2026-08-28T13:25:00+00:00,14774.01,14777.01,14771.99,14775.99,54
2026-08-28T13:30:00+00:00,14775.99,14778.51,14767.99,14772.99,214
2026-08-28T13:35:00+00:00,14772.99,14777.01,14771.99,14777,105
2026-08-28T13:40:00+00:00,14777,14777.01,14768.99,14769.01,123
2026-08-28T13:45:00+00:00,14769.01,14775.01,14769,14772.49,71
2026-08-28T13:50:00+00:00,14772.49,14774.01,14766.99,14768.01,117
2026-08-28T13:55:00+00:00,14768.01,14780.99,14767.01,14773,76
2026-08-28T14:00:00+00:00,14773,14792,14764.99,14766.51,605
2026-08-28T14:05:00+00:00,14766.51,14768.01,14756.49,14764.51,325
2026-08-28T14:10:00+00:00,14764.51,14765.01,14750.5,14752.99,311
2026-08-28T14:15:00+00:00,14752.99,14765.5,14752,14762,259
2026-08-28T14:20:00+00:00,14762,14767,14750.99,14753.99,239
2026-08-28T14:25:00+00:00,14753.99,14755,14744.99,14752.01,231
2026-08-28T14:30:00+00:00,14752.01,14767.51,14752.01,14767.51,263
2026-08-28T14:35:00+00:00,14767.51,14772.01,14766.01,14766.5,189
2026-08-28T14:40:00+00:00,14766.5,14767,14760.99,14763.99,217
2026-08-28T14:45:00+00:00,14763.99,14764.99,14757.99,14759,124
2026-08-28T14:50:00+00:00,14759,14765.01,14759,14764.49,122
2026-08-28T14:55:00+00:00,14764.49,14774.01,14764.49,14769.99,145
2026-08-28T15:00:00+00:00,14769.99,14773.01,14762.99,14763,131
2026-08-28T15:05:00+00:00,14763,14765.99,14760.99,14761.99,92
2026-08-28T15:10:00+00:00,14761.99,14765,14761.49,14761.99,105
2026-08-28T15:15:00+00:00,14761.99,14765.51,14761,14763.49,159
2026-08-28T15:20:00+00:00,14763.49,14766,14761.99,14762,165
2026-08-28T15:25:00+00:00,14762,14766.01,14761.99,14766.01,88
2026-08-28T15:30:00+00:00,14766.01,14766.01,14760.99,14760.99,102
2026-08-28T15:35:00+00:00,14760.99,14764,14755.99,14755.99,145
2026-08-28T15:40:00+00:00,14755.99,14756.01,14748.99,14753,215
2026-08-28T15:45:00+00:00,14753,14754.01,14741.99,14741.99,185
2026-08-28T15:50:00+00:00,14741.99,14745.01,14737.51,14743.5,207
2026-08-28T15:55:00+00:00,14743.5,14743.99,14727.99,14728.51,185
2026-08-28T16:00:00+00:00,14728.51,14730.49,14720.01,14723.99,260
2026-08-28T16:05:00+00:00,14723.99,14732.01,14722.99,14732.01,147
2026-08-28T16:10:00+00:00,14732.01,14732.49,14726,14726,133
2026-08-28T16:15:00+00:00,14726,14726.01,14715.49,14718.01,174
2026-08-28T16:20:00+00:00,14718.01,14718.01,14712.49,14713.99,192
2026-08-28T16:25:00+00:00,14713.99,14719,14712.49,14717.99,151
2026-08-28T16:30:00+00:00,14717.99,14721.51,14713.99,14713.99,130
2026-08-28T16:35:00+00:00,14713.99,14722.5,14713.99,14721.99,112
2026-08-28T16:40:00+00:00,14721.99,14722,14716,14716.51,104
2026-08-28T16:45:00+00:00,14716.51,14723.01,14716.5,14722,110
2026-08-28T16:50:00+00:00,14722,14726,14719.99,14721.49,120
2026-08-28T16:55:00+00:00,14721.49,14722.49,14718.99,14719.01,89
2026-08-28T17:00:00+00:00,14719.01,14719.51,14713.99,14716,145
2026-08-28T17:05:00+00:00,14716,14716.01,14713.99,14714.01,103
2026-08-28T17:10:00+00:00,14714.01,14717.01,14712,14717,92
2026-08-28T17:15:00+00:00,14717,14717.01,14713.99,14716.01,89
2026-08-28T17:20:00+00:00,14716.01,14718.51,14714.99,14718,67
2026-08-28T17:25:00+00:00,14718,14719.51,14715.51,14717,84
2026-08-28T17:30:00+00:00,14717,14720.01,14715.99,14720.01,72
2026-08-28T17:35:00+00:00,14720.01,14721.01,14716.01,14716.01,79
2026-08-28T17:40:00+00:00,14716.01,14718.99,14716,14718.51,59
2026-08-28T17:45:00+00:00,14718.51,14725,14718,14724.5,51
2026-08-28T17:50:00+00:00,14724.5,14726.01,14722.5,14725.5,53
2026-08-28T17:55:00+00:00,14725.5,14726,14722.01,14725,65
2026-08-28T18:00:00+00:00,14725,14725.49,14722.49,14722.51,81
2026-08-28T18:05:00+00:00,14722.51,14726,14720.99,14722.01,117
2026-08-28T18:10:00+00:00,14722.01,14724,14720.01,14720.01,58
2026-08-28T18:15:00+00:00,14720.01,14722.5,14720,14721.49,64
2026-08-28T18:20:00+00:00,14721.49,14723.01,14718.99,14719.49,56
2026-08-28T18:25:00+00:00,14719.49,14723.01,14718.99,14719.99,60
2026-08-28T18:30:00+00:00,14719.99,14721,14718.99,14719.99,60
2026-08-28T18:35:00+00:00,14719.99,14721.01,14716.01,14716.01,47
2026-08-28T18:40:00+00:00,14716.01,14718.01,14715.5,14717.01,43
2026-08-28T18:45:00+00:00,14717.01,14717.99,14714,14715,44
2026-08-28T18:50:00+00:00,14715,14716,14713,14715,81
2026-08-28T18:55:00+00:00,14715,14715.49,14712.99,14715,50
2026-08-28T19:00:00+00:00,14715,14717.01,14713.51,14716.99,60
2026-08-28T19:05:00+00:00,14716.99,14720,14716,14720,41
2026-08-28T19:10:00+00:00,14720,14720,14717.49,14719,45
2026-08-28T19:15:00+00:00,14719,14721.01,14716.99,14720.5,26
2026-08-28T19:20:00+00:00,14720.5,14723.01,14720.5,14723.01,34
2026-08-28T19:25:00+00:00,14723.01,14724.01,14722.99,14723.5,20
2026-08-28T19:30:00+00:00,14723.5,14727.01,14723.01,14726.49,37
2026-08-28T19:35:00+00:00,14726.49,14726.99,14723.01,14724.99,39
2026-08-28T19:40:00+00:00,14724.99,14727.51,14724.99,14726.51,35
2026-08-28T19:45:00+00:00,14726.51,14727.49,14722.99,14725.01,53
2026-08-28T19:50:00+00:00,14725.01,14728.51,14722.99,14724,103
2026-08-28T19:55:00+00:00,14724,14727.01,14723,14725.5,109
2026-08-28T20:00:00+00:00,14725.5,14725.5,14721.99,14722,29
2026-08-28T20:05:00+00:00,14722,14722.5,14721.99,14722.01,9
2026-08-28T20:10:00+00:00,14722.01,14723.01,14722.01,14723,8
2026-08-28T20:15:00+00:00,14723,14723.01,14721.99,14723.01,9
2026-08-28T20:20:00+00:00,14723.01,14723.01,14722.01,14723.01,12
2026-08-28T20:25:00+00:00,14723.01,14723.01,14721.51,14723.01,8
2026-08-28T20:30:00+00:00,14723.01,14723.01,14721.49,14721.99,11
2026-08-28T20:35:00+00:00,14721.99,14724,14721.99,14723.51,10
2026-08-28T20:40:00+00:00,14723.51,14724.51,14722.5,14724.01,11
2026-08-31T01:00:00+00:00,14724.01,14724.01,14677.99,14679.99,369
2026-08-31T01:05:00+00:00,14679.99,14686.01,14671.01,14671.99,308
2026-08-31T01:10:00+00:00,14671.99,14676.49,14662,14675,296
2026-08-31T01:15:00+00:00,14675,14675,14605.99,14613,957
2026-08-31T01:20:00+00:00,14613,14619,14597.99,14611.49,460
2026-08-31T01:25:00+00:00,14611.49,14636.01,14602.49,14616.01,674
2026-08-31T01:30:00+00:00,14616.01,14631.01,14591.01,14604.51,4758
2026-08-31T01:35:00+00:00,14604.51,14637.01,14602.99,14621.51,2299
2026-08-31T01:40:00+00:00,14621.51,14621.51,14584.99,14586.99,2100
2026-08-31T01:45:00+00:00,14586.99,14597.01,14547.49,14548.49,1963
2026-08-31T01:50:00+00:00,14548.49,14580,14518.99,14579.5,1856
2026-08-31T01:55:00+00:00,14579.5,14600.49,14562.5,14587.99,1747
2026-08-31T02:00:00+00:00,14587.99,14620.51,14553.99,14620,1893
2026-08-31T02:05:00+00:00,14620,14642.01,14616.99,14624,1764
2026-08-31T02:10:00+00:00,14624,14646.01,14618.51,14640.99,1454
2026-08-31T02:15:00+00:00,14640.99,14642.5,14616.51,14617,1092
2026-08-31T02:20:00+00:00,14617,14627,14600,14621,1041
2026-08-31T02:25:00+00:00,14621,14645.01,14619.99,14626,1047
2026-08-31T02:30:00+00:00,14626,14638.5,14608.99,14610.99,1110
2026-08-31T02:35:00+00:00,14610.99,14622.01,14605.51,14620.5,764
2026-08-31T02:40:00+00:00,14620.5,14620.5,14597,14598.49,760
2026-08-31T02:45:00+00:00,14598.49,14617.51,14596.5,14597.99,642
2026-08-31T02:50:00+00:00,14597.99,14611,14597.99,14602.5,861
2026-08-31T02:55:00+00:00,14602.5,14627.01,14599.49,14614.99,856
2026-08-31T03:00:00+00:00,14614.99,14620,14596.49,14615.01,752
2026-08-31T03:05:00+00:00,14615.01,14631.51,14607.49,14630.51,563
2026-08-31T03:10:00+00:00,14630.51,14632.49,14616.5,14625.49,492
2026-08-31T03:15:00+00:00,14625.49,14633.5,14622.99,14622.99,513
2026-08-31T03:20:00+00:00,14622.99,14635.99,14619.01,14629.49,562
2026-08-31T03:25:00+00:00,14629.49,14632.01,14616,14620,537
2026-08-31T03:30:00+00:00,14620,14631.51,14620,14625.99,202
2026-08-31T03:35:00+00:00,14625.99,14632.51,14625.99,14629.99,119
2026-08-31T03:40:00+00:00,14629.99,14635.99,14629.51,14630.5,99
2026-08-31T03:45:00+00:00,14630.5,14632.49,14629,14631.5,62
2026-08-31T03:50:00+00:00,14631.5,14633.51,14631,14631.99,84
2026-08-31T03:55:00+00:00,14631.99,14634.01,14630.99,14633.51,60
2026-08-31T04:00:00+00:00,14633.51,14636.5,14632.51,14636.01,60
2026-08-31T04:05:00+00:00,14636.01,14636.01,14633,14634.01,62
2026-08-31T04:10:00+00:00,14634.01,14634.99,14632.99,14633.99,44
2026-08-31T04:15:00+00:00,14633.99,14634.01,14632,14633.01,35
2026-08-31T04:20:00+00:00,14633.01,14635.99,14632.99,14635.99,49
2026-08-31T04:25:00+00:00,14635.99,14639.49,14635.99,14637.51,48
2026-08-31T04:30:00+00:00,14637.51,14638.01,14634.99,14636.99,68
2026-08-31T04:35:00+00:00,14636.99,14646.01,14636.99,14645,69
2026-08-31T04:40:00+00:00,14645,14646.99,14641.99,14643.5,57
2026-08-31T04:45:00+00:00,14643.5,14644.5,14641.49,14641.51,35
2026-08-31T04:50:00+00:00,14641.51,14645.99,14640.99,14645.99,62
2026-08-31T04:55:00+00:00,14645.99,14649,14643.99,14648.01,63
2026-08-31T05:00:00+00:00,14648.01,14678.01,14648,14655.5,1211
2026-08-31T05:05:00+00:00,14655.5,14657.01,14631.99,14637.99,731
2026-08-31T05:10:00+00:00,14637.99,14663.99,14630.5,14661.51,747
2026-08-31T05:15:00+00:00,14661.51,14681.01,14659.49,14676.51,720
2026-08-31T05:20:00+00:00,14676.51,14692.01,14670,14689.5,945
2026-08-31T05:25:00+00:00,14689.5,14716.01,14689.5,14712.51,852
2026-08-31T05:30:00+00:00,14712.51,14719.5,14691.99,14694.51,1087
2026-08-31T05:35:00+00:00,14694.51,14699.01,14678.99,14683.99,600
2026-08-31T05:40:00+00:00,14683.99,14708.51,14677,14704.5,664
2026-08-31T05:45:00+00:00,14704.5,14706,14688.49,14696.01,652
2026-08-31T05:50:00+00:00,14696.01,14698.51,14685.99,14695.51,514
2026-08-31T05:55:00+00:00,14695.51,14721.51,14687.5,14720.5,551
2026-08-31T06:00:00+00:00,14720.5,14729.99,14702,14709.01,717
2026-08-31T06:05:00+00:00,14709.01,14723.5,14707.49,14717.01,577
2026-08-31T06:10:00+00:00,14717.01,14730.5,14710.01,14730.01,544
2026-08-31T06:15:00+00:00,14730.01,14739.99,14720.99,14732.01,628
2026-08-31T06:20:00+00:00,14732.01,14751.99,14731.49,14749.01,566
2026-08-31T06:25:00+00:00,14749.01,14758.49,14738,14744,599
2026-08-31T06:30:00+00:00,14744,14761.51,14735,14757.01,630
2026-08-31T06:35:00+00:00,14757.01,14769.01,14751.49,14768.5,661
2026-08-31T06:40:00+00:00,14768.5,14769,14750,14751.5,436
2026-08-31T06:45:00+00:00,14751.5,14759,14746.01,14751.5,395
2026-08-31T06:50:00+00:00,14751.5,14752.99,14741.01,14742,541
2026-08-31T06:55:00+00:00,14742,14744,14730.99,14739.5,797
2026-08-31T07:00:00+00:00,14739.5,14746.5,14732.49,14745.01,410
2026-08-31T07:05:00+00:00,14745.01,14748.01,14741.99,14748,156
2026-08-31T07:10:00+00:00,14748,14750,14744.49,14745.49,113
2026-08-31T07:15:00+00:00,14745.49,14746,14741.5,14742.99,71
2026-08-31T07:20:00+00:00,14742.99,14744,14740.99,14743.5,61
2026-08-31T07:25:00+00:00,14743.5,14744,14740.01,14743,34
2026-08-31T07:30:00+00:00,14743,14746.5,14740,14744.99,103
2026-08-31T07:35:00+00:00,14744.99,14747.99,14744.99,14745.51,50
2026-08-31T07:40:00+00:00,14745.51,14745.51,14739.99,14740.99,98
2026-08-31T07:45:00+00:00,14740.99,14743.01,14739.01,14742.5,76
2026-08-31T07:50:00+00:00,14742.5,14744.99,14741.99,14742,52
2026-08-31T07:55:00+00:00,14742,14745.01,14741,14741.99,142
2026-08-31T08:00:00+00:00,14741.99,14746.49,14741.49,14745,113
2026-08-31T08:05:00+00:00,14745,14750.01,14743.99,14744.49,138
2026-08-31T08:10:00+00:00,14744.49,14747.01,14742.99,14742.99,45
2026-08-31T08:15:00+00:00,14742.99,14743.01,14740.49,14741.51,56
2026-08-31T08:20:00+00:00,14741.51,14742.5,14740.49,14742.49,24
2026-08-31T08:25:00+00:00,14742.49,14748.01,14741.99,14747.49,67
2026-08-31T09:00:00+00:00,14747.49,14747.49,14728.99,14736.51,223
2026-08-31T09:05:00+00:00,14736.51,14737.51,14732,14735.51,42
2026-08-31T09:10:00+00:00,14735.51,14736.99,14733.99,14736.99,33
2026-08-31T09:15:00+00:00,14736.99,14743.01,14736.99,14741.99,65
2026-08-31T09:20:00+00:00,14741.99,14742.49,14739,14739,28
2026-08-31T09:25:00+00:00,14739,14740,14737,14738.51,24
2026-08-31T09:30:00+00:00,14738.51,14741.01,14738.51,14740.99,41
2026-08-31T09:35:00+00:00,14740.99,14741.01,14740,14741,23
2026-08-31T09:40:00+00:00,14741,14741.01,14738.99,14739.51,25
2026-08-31T09:45:00+00:00,14739.51,14740.01,14736,14736,20
2026-08-31T09:50:00+00:00,14736,14738.01,14735.99,14738,38
2026-08-31T09:55:00+00:00,14738,14739.5,14736.99,14739,27
2026-08-31T10:00:00+00:00,14739,14740.01,14735.99,14740.01,38
2026-08-31T10:05:00+00:00,14740.01,14740.01,14736.5,14736.5,19
2026-08-31T10:10:00+00:00,14736.5,14740.99,14736.5,14740.5,32
2026-08-31T10:15:00+00:00,14740.5,14741.01,14739,14740.49,29
2026-08-31T10:20:00+00:00,14740.49,14741.99,14740.49,14741,19
2026-08-31T10:25:00+00:00,14741,14742.01,14739.5,14739.99,26
2026-08-31T10:30:00+00:00,14739.99,14742.01,14739.5,14742.01,24
2026-08-31T10:35:00+00:00,14742.01,14743.01,14741.51,14743,27
2026-08-31T10:40:00+00:00,14743,14744.01,14738.49,14738.49,36
2026-08-31T10:45:00+00:00,14738.49,14742.01,14738.49,14740.99,24
2026-08-31T10:50:00+00:00,14740.99,14746.01,14740.49,14743.51,40
2026-08-31T10:55:00+00:00,14743.51,14745,14742.99,14742.99,12
2026-08-31T11:00:00+00:00,14742.99,14745.99,14742.5,14743.99,46
2026-08-31T11:05:00+00:00,14743.99,14747.01,14743.99,14746.99,19
2026-08-31T11:10:00+00:00,14746.99,14748.01,14746.99,14746.99,23
2026-08-31T11:15:00+00:00,14746.99,14751.49,14746.99,14751,38
2026-08-31T11:20:00+00:00,14751,14752.01,14750.49,14752,17
2026-08-31T11:25:00+00:00,14752,14756.99,14751.5,14756,15
2026-08-31T11:30:00+00:00,14756,14756,14751.01,14751.51,22
2026-08-31T11:35:00+00:00,14751.51,14751.51,14748.99,14749.49,16
2026-08-31T11:40:00+00:00,14749.49,14752.5,14748.99,14750.99,55
2026-08-31T11:45:00+00:00,14750.99,14751.5,14749.99,14751,26
2026-08-31T11:50:00+00:00,14751,14752.01,14750.49,14751,23
2026-08-31T11:55:00+00:00,14751,14752.99,14751,14751,15
2026-08-31T12:00:00+00:00,14751,14755,14751,14754.01,47
2026-08-31T12:05:00+00:00,14754.01,14757.99,14745.51,14756.01,99
2026-08-31T12:10:00+00:00,14756.01,14758.99,14754.49,14758,22
2026-08-31T12:15:00+00:00,14758,14760.51,14758,14759.99,34
2026-08-31T12:20:00+00:00,14759.99,14761.01,14755,14756.51,47
2026-08-31T12:25:00+00:00,14756.51,14757.01,14748.51,14752.99,111
2026-08-31T12:30:00+00:00,14752.99,14756.49,14752.99,14756.49,64
2026-08-31T12:35:00+00:00,14756.49,14758.01,14754.01,14755.01,56
2026-08-31T12:40:00+00:00,14755.01,14755.01,14750.99,14750.99,41
2026-08-31T12:45:00+00:00,14750.99,14751.01,14748.5,14748.5,31
2026-08-31T12:50:00+00:00,14748.5,14748.99,14745.49,14745.49,24
2026-08-31T12:55:00+00:00,14745.49,14746.51,14744.99,14745.01,31
2026-08-31T13:00:00+00:00,14745.01,14746.01,14743.01,14744.49,46
2026-08-31T13:05:00+00:00,14744.49,14746.01,14742.5,14746.01,36
2026-08-31T13:10:00+00:00,14746.01,14747.01,14745.99,14747.01,20
2026-08-31T13:15:00+00:00,14747.01,14747.5,14745.99,14746.5,26
2026-08-31T13:20:00+00:00,14746.5,14747.99,14746.49,14747.99,18
2026-08-31T13:25:00+00:00,14747.99,14753,14746,14746.99,63
2026-08-31T13:30:00+00:00,14746.99,14750.99,14738.01,14738.99,146
2026-08-31T13:35:00+00:00,14738.99,14740.99,14735.99,14739.5,130
2026-08-31T13:40:00+00:00,14739.5,14741.01,14734.99,14735.51,115
2026-08-31T13:45:00+00:00,14735.51,14741.01,14733,14736.01,186
2026-08-31T13:50:00+00:00,14736.01,14737.01,14731,14737.01,136
2026-08-31T13:55:00+00:00,14737.01,14740,14734.99,14740,122
2026-08-31T14:00:00+00:00,14740,14741.99,14738.5,14739.99,117
2026-08-31T14:05:00+00:00,14739.99,14743.01,14738.5,14739.99,99
2026-08-31T14:10:00+00:00,14739.99,14742,14738.99,14740.99,44
2026-08-31T14:15:00+00:00,14740.99,14743,14739,14742.01,83
2026-08-31T14:20:00+00:00,14742.01,14742.01,14731,14732.01,104
2026-08-31T14:25:00+00:00,14732.01,14735.01,14729.49,14732,84
2026-08-31T14:30:00+00:00,14732,14735.99,14730.99,14734.5,64
2026-08-31T14:35:00+00:00,14734.5,14745.01,14733.99,14742.49,77
2026-08-31T14:40:00+00:00,14742.49,14746,14741.5,14745.01,38
2026-08-31T14:45:00+00:00,14745.01,14746,14740.5,14740.99,50
2026-08-31T14:50:00+00:00,14740.99,14744.01,14740,14744.01,87
2026-08-31T14:55:00+00:00,14744.01,14750.01,14742.99,14743.99,94
2026-08-31T15:00:00+00:00,14743.99,14747.99,14737.01,14737.01,135
2026-08-31T15:05:00+00:00,14737.01,14743.01,14735.99,14736.01,86
2026-08-31T15:10:00+00:00,14736.01,14736.01,14730.01,14731.49,86
2026-08-31T15:15:00+00:00,14731.49,14733.01,14728.99,14733.01,107
2026-08-31T15:20:00+00:00,14733.01,14733.01,14729,14731.01,76
2026-08-31T15:25:00+00:00,14731.01,14736.01,14730,14735.01,84
2026-08-31T15:30:00+00:00,14735.01,14737.51,14732.5,14732.99,87
2026-08-31T15:35:00+00:00,14732.99,14733.01,14726.99,14728.01,65
2026-08-31T15:40:00+00:00,14728.01,14731.01,14727,14730.5,66
2026-08-31T15:45:00+00:00,14730.5,14732,14728.49,14731.51,58
2026-08-31T15:50:00+00:00,14731.51,14734.01,14730.99,14731.01,55
2026-08-31T15:55:00+00:00,14731.01,14731.01,14725.99,14728,65
2026-08-31T16:00:00+00:00,14728,14728,14724.5,14725.01,54
2026-08-31T16:05:00+00:00,14725.01,14726,14723.99,14724.5,63
2026-08-31T16:10:00+00:00,14724.5,14729.99,14723,14729.01,50
2026-08-31T16:15:00+00:00,14729.01,14729.99,14727.01,14729.99,52
2026-08-31T16:20:00+00:00,14729.99,14731,14727.99,14729.5,42
2026-08-31T16:25:00+00:00,14729.5,14731.01,14729,14730.99,30
2026-08-31T16:30:00+00:00,14730.99,14732.01,14729,14731.01,51
2026-08-31T16:35:00+00:00,14731.01,14732.01,14728,14728,40
2026-08-31T16:40:00+00:00,14728,14733.01,14728,14730.99,50
2026-08-31T16:45:00+00:00,14730.99,14732.51,14729.99,14731.99,35
2026-08-31T16:50:00+00:00,14731.99,14734,14731.99,14732.49,36
2026-08-31T16:55:00+00:00,14732.49,14733,14731.99,14732.5,35
2026-08-31T17:00:00+00:00,14732.5,14732.5,14726.99,14728,32
2026-08-31T17:05:00+00:00,14728,14729.01,14726,14727,26
2026-08-31T17:10:00+00:00,14727,14729.01,14725.99,14727.49,49
2026-08-31T17:15:00+00:00,14727.49,14729.01,14725,14726.01,25
2026-08-31T17:20:00+00:00,14726.01,14726.01,14722.49,14722.49,24
2026-08-31T17:25:00+00:00,14722.49,14722.49,14717.99,14718,35
2026-08-31T17:30:00+00:00,14718,14721.01,14717.51,14719.51,43
2026-08-31T17:35:00+00:00,14719.51,14722.01,14719.51,14722,55
2026-08-31T17:40:00+00:00,14722,14726,14722,14726,38
2026-08-31T17:45:00+00:00,14726,14728.99,14725.99,14727.49,47
2026-08-31T17:50:00+00:00,14727.49,14729.01,14727.01,14727.99,27
2026-08-31T17:55:00+00:00,14727.99,14729.01,14725.99,14726.01,31
2026-08-31T18:00:00+00:00,14726.01,14726.01,14722.99,14724.99,45
2026-08-31T18:05:00+00:00,14724.99,14725.5,14723.99,14724.49,20
2026-08-31T18:10:00+00:00,14724.49,14726.01,14722.99,14725.51,30
2026-08-31T18:15:00+00:00,14725.51,14725.51,14723.99,14724,8
2026-08-31T18:20:00+00:00,14724,14725.99,14723.99,14725.01,35
2026-08-31T18:25:00+00:00,14725.01,14725.01,14723,14723.01,36
2026-08-31T18:30:00+00:00,14723.01,14723.49,14721.01,14721.49,29
2026-08-31T18:35:00+00:00,14721.49,14722.01,14718.01,14718.99,39
2026-08-31T18:40:00+00:00,14718.99,14719.49,14716.49,14718.99,41
2026-08-31T18:45:00+00:00,14718.99,14720.01,14717.99,14720.01,27
2026-08-31T18:50:00+00:00,14720.01,14720.51,14718.99,14720,31
2026-08-31T18:55:00+00:00,14720,14720.99,14718,14718,38
2026-08-31T19:00:00+00:00,14718,14721.01,14718,14718,31
2026-08-31T19:05:00+00:00,14718,14720.01,14717.49,14719,23
2026-08-31T19:10:00+00:00,14719,14720.01,14718.99,14720.01,21
2026-08-31T19:15:00+00:00,14720.01,14720.01,14718.5,14718.99,26
2026-08-31T19:20:00+00:00,14718.99,14721.01,14718.99,14721.01,35
2026-08-31T19:25:00+00:00,14721.01,14722.5,14719.99,14719.99,20
2026-08-31T19:30:00+00:00,14719.99,14721,14718.99,14720,28
2026-08-31T19:35:00+00:00,14720,14722.01,14720,14720,31
2026-08-31T19:40:00+00:00,14720,14723.49,14719.99,14722.99,25
2026-08-31T19:45:00+00:00,14722.99,14725.01,14721.01,14723.5,25
2026-08-31T19:50:00+00:00,14723.5,14733.51,14723.5,14730.99,78
2026-08-31T19:55:00+00:00,14730.99,14730.99,14723.49,14723.51,79
2026-08-31T20:00:00+00:00,14723.51,14731,14723.51,14728.51,30
2026-08-31T20:05:00+00:00,14728.51,14730,14728.49,14729.49,15
2026-08-31T20:10:00+00:00,14729.49,14729.51,14728,14729,10
2026-08-31T20:15:00+00:00,14729,14729.01,14727.99,14727.99,11
2026-08-31T20:20:00+00:00,14727.99,14730.51,14727.99,14730.51,18
2026-08-31T20:25:00+00:00,14730.51,14731.99,14730.49,14730.49,10
2026-08-31T20:30:00+00:00,14730.49,14732.01,14729,14731.49,11
2026-08-31T20:35:00+00:00,14731.49,14733.51,14731.01,14733.01,8
2026-08-31T20:40:00+00:00,14733.01,14733.51,14733.01,14733.49,6
2026-09-01T01:00:00+00:00,14733.49,14749.51,14733.49,14748.01,107
2026-09-01T01:05:00+00:00,14748.01,14754.5,14745.01,14754.01,90
2026-09-01T01:10:00+00:00,14754.01,14758.5,14751,14756.99,102
2026-09-01T01:15:00+00:00,14756.99,14758.5,14738,14750.99,387
2026-09-01T01:20:00+00:00,14750.99,14751.01,14734.99,14740.01,242
2026-09-01T01:25:00+00:00,14740.01,14743.01,14721.99,14737.5,673
2026-09-01T01:30:00+00:00,14737.5,14755.01,14703.51,14735,3301
2026-09-01T01:35:00+00:00,14735,14776.51,14719,14776.51,2076
2026-09-01T01:40:00+00:00,14776.51,14776.51,14753.01,14764,1979
2026-09-01T01:45:00+00:00,14764,14769,14730.49,14739.51,1948
2026-09-01T01:50:00+00:00,14739.51,14748,14724.5,14728.01,1467
2026-09-01T01:55:00+00:00,14728.01,14754,14723.99,14736.51,1582
2026-09-01T02:00:00+00:00,14736.51,14741.51,14707.01,14726.01,1337
2026-09-01T02:05:00+00:00,14726.01,14736.01,14705,14706.99,1041
2026-09-01T02:10:00+00:00,14706.99,14736,14700.51,14736,1070
2026-09-01T02:15:00+00:00,14736,14760.5,14730.49,14753.99,1152
2026-09-01T02:20:00+00:00,14753.99,14759.01,14733.5,14733.5,949
2026-09-01T02:25:00+00:00,14733.5,14735.01,14722.49,14728.01,996
2026-09-01T02:30:00+00:00,14728.01,14729.01,14705.49,14713.5,947
2026-09-01T02:35:00+00:00,14713.5,14721.01,14706,14707.51,869
2026-09-01T02:40:00+00:00,14707.51,14718,14691.99,14712.49,792
2026-09-01T02:45:00+00:00,14712.49,14725,14702.5,14723.5,772
2026-09-01T02:50:00+00:00,14723.5,14736.49,14721.51,14724.99,678
2026-09-01T02:55:00+00:00,14724.99,14739.51,14715.5,14739.51,733
2026-09-01T03:00:00+00:00,14739.51,14751.99,14736.99,14742.49,903
2026-09-01T03:05:00+00:00,14742.49,14743.99,14716.49,14726.99,776
2026-09-01T03:10:00+00:00,14726.99,14733.49,14723.5,14725.5,634
2026-09-01T03:15:00+00:00,14725.5,14734.01,14723,14731.51,553
2026-09-01T03:20:00+00:00,14731.51,14742.5,14726.5,14741.01,594
2026-09-01T03:25:00+00:00,14741.01,14781.5,14741.01,14759.51,955
2026-09-01T03:30:00+00:00,14759.51,14773.5,14758.99,14771.99,151
2026-09-01T03:35:00+00:00,14771.99,14779.01,14769.99,14777.51,89
2026-09-01T03:40:00+00:00,14777.51,14777.51,14772.99,14773.51,120
2026-09-01T03:45:00+00:00,14773.51,14777,14772,14776.49,48
2026-09-01T03:50:00+00:00,14776.49,14777.51,14775,14776.99,78
2026-09-01T03:55:00+00:00,14776.99,14780,14775.99,14777.5,82
2026-09-01T04:00:00+00:00,14777.5,14778.51,14774,14774,45
2026-09-01T04:05:00+00:00,14774,14774.01,14770.49,14773.01,41
2026-09-01T04:10:00+00:00,14773.01,14776,14773.01,14775,21
2026-09-01T04:15:00+00:00,14775,14776,14773.49,14773.99,24
2026-09-01T04:20:00+00:00,14773.99,14775.51,14773.99,14774.99,25
2026-09-01T04:25:00+00:00,14774.99,14775.01,14771.99,14772.49,40
2026-09-01T04:30:00+00:00,14772.49,14774,14769.99,14773.01,57
2026-09-01T04:35:00+00:00,14773.01,14774.99,14771.99,14772.49,46
2026-09-01T04:40:00+00:00,14772.49,14772.5,14767.49,14768.01,44
2026-09-01T04:45:00+00:00,14768.01,14772.99,14767.49,14772.99,34
2026-09-01T04:50:00+00:00,14772.99,14773,14769.99,14770,32
2026-09-01T04:55:00+00:00,14770,14770,14764,14765.01,48
2026-09-01T05:00:00+00:00,14765.01,14807.51,14756.5,14803,1483
2026-09-01T05:05:00+00:00,14803,14852.51,14799.51,14851.01,1414
2026-09-01T05:10:00+00:00,14851.01,14871.01,14839,14853.99,1783
2026-09-01T05:15:00+00:00,14853.99,14872.51,14845.01,14853.01,1747
2026-09-01T05:20:00+00:00,14853.01,14854.01,14816.49,14818,1663
2026-09-01T05:25:00+00:00,14818,14826.01,14807,14809.49,1071
2026-09-01T05:30:00+00:00,14809.49,14832,14806,14832,1121
2026-09-01T05:35:00+00:00,14832,14850,14819,14848.01,1067
2026-09-01T05:40:00+00:00,14848.01,14848.01,14824.99,14843.49,1336
2026-09-01T05:45:00+00:00,14843.49,14856,14836.51,14845.01,912
2026-09-01T05:50:00+00:00,14845.01,14849.5,14829.01,14835,814
2026-09-01T05:55:00+00:00,14835,14847.99,14820.99,14840,953
2026-09-01T06:00:00+00:00,14840,14842,14824,14830.49,625
2026-09-01T06:05:00+00:00,14830.49,14835.99,14821.99,14824.01,434
2026-09-01T06:10:00+00:00,14824.01,14828.01,14810,14813,751
2026-09-01T06:15:00+00:00,14813,14821.01,14808,14811.49,599
2026-09-01T06:20:00+00:00,14811.49,14813.99,14798.99,14804.99,472
2026-09-01T06:25:00+00:00,14804.99,14817.49,14802.49,14809.49,646
2026-09-01T06:30:00+00:00,14809.49,14811.01,14789.99,14796.01,649
2026-09-01T06:35:00+00:00,14796.01,14802.49,14791.5,14800.99,383
2026-09-01T06:40:00+00:00,14800.99,14816.01,14797,14815.5,593
2026-09-01T06:45:00+00:00,14815.5,14818.51,14802.01,14808.01,602
2026-09-01T06:50:00+00:00,14808.01,14809.01,14793.01,14795.51,446
2026-09-01T06:55:00+00:00,14795.51,14803.51,14794.01,14801.5,721
2026-09-01T07:00:00+00:00,14801.5,14808.01,14791.99,14793,245
2026-09-01T07:05:00+00:00,14793,14797.99,14790.01,14790.99,127
2026-09-01T07:10:00+00:00,14790.99,14794.01,14789.5,14794,80
2026-09-01T07:15:00+00:00,14794,14799.5,14794,14798.51,81
2026-09-01T07:20:00+00:00,14798.51,14799.01,14797.49,14799,38
2026-09-01T07:25:00+00:00,14799,14801.01,14798.99,14799.49,44
2026-09-01T07:30:00+00:00,14799.49,14799.49,14794,14794.49,135
2026-09-01T07:35:00+00:00,14794.49,14794.49,14785.99,14785.99,185
2026-09-01T07:40:00+00:00,14785.99,14788.49,14782.99,14784.49,204
2026-09-01T07:45:00+00:00,14784.49,14790,14782.01,14787.01,171
2026-09-01T07:50:00+00:00,14787.01,14789,14786.99,14788.99,75
2026-09-01T07:55:00+00:00,14788.99,14789.51,14785.01,14786.01,32
2026-09-01T08:00:00+00:00,14786.01,14799.01,14786.01,14799.01,303
2026-09-01T08:05:00+00:00,14799.01,14800.01,14778.99,14779.01,488
2026-09-01T08:10:00+00:00,14779.01,14780,14773.99,14777.49,166
2026-09-01T08:15:00+00:00,14777.49,14779.01,14768.99,14771.01,136
2026-09-01T08:20:00+00:00,14771.01,14773.01,14766.49,14768.51,253
2026-09-01T08:25:00+00:00,14768.51,14768.51,14762.99,14765.5,253
2026-09-01T09:00:00+00:00,14765.5,14765.5,14742,14745.5,271
2026-09-01T09:05:00+00:00,14745.5,14747,14743.51,14744.01,70
2026-09-01T09:10:00+00:00,14744.01,14749.51,14743.99,14747.01,72
2026-09-01T09:15:00+00:00,14747.01,14748.01,14744.49,14747,57
2026-09-01T09:20:00+00:00,14747,14750.01,14745.5,14747.5,77
2026-09-01T09:25:00+00:00,14747.5,14754.01,14747.49,14753.51,67
2026-09-01T09:30:00+00:00,14753.51,14755.01,14750.01,14751.49,63
2026-09-01T09:35:00+00:00,14751.49,14752,14747,14749.01,72
2026-09-01T09:40:00+00:00,14749.01,14752.5,14747,14751.01,39
2026-09-01T09:45:00+00:00,14751.01,14755.01,14751.01,14751.51,36
2026-09-01T09:50:00+00:00,14751.51,14752,14748,14749.5,31
2026-09-01T09:55:00+00:00,14749.5,14750.51,14748.01,14748.49,34
2026-09-01T10:00:00+00:00,14748.49,14751.51,14747.49,14747.99,44
2026-09-01T10:05:00+00:00,14747.99,14751.01,14747.99,14750.51,31
2026-09-01T10:10:00+00:00,14750.51,14755.51,14750.51,14755.49,35
2026-09-01T10:15:00+00:00,14755.49,14756.5,14751.99,14752.99,48
2026-09-01T10:20:00+00:00,14752.99,14759.01,14752.99,14758.51,35
2026-09-01T10:25:00+00:00,14758.51,14759.01,14757.01,14758,25
2026-09-01T10:30:00+00:00,14758,14759.01,14757.99,14758.99,17
2026-09-01T10:35:00+00:00,14758.99,14766.01,14758.99,14761.01,46
2026-09-01T10:40:00+00:00,14761.01,14761.01,14756,14756,35
2026-09-01T10:45:00+00:00,14756,14757.51,14752.99,14753,62
2026-09-01T10:50:00+00:00,14753,14753,14746.99,14748,60
2026-09-01T10:55:00+00:00,14748,14750,14746.99,14748.01,41
2026-09-01T11:00:00+00:00,14748.01,14750,14746.99,14748.01,78
2026-09-01T11:05:00+00:00,14748.01,14748.01,14742.99,14748.01,72
2026-09-01T11:10:00+00:00,14748.01,14750.01,14747.49,14748.01,34
2026-09-01T11:15:00+00:00,14748.01,14750,14747.99,14747.99,32
2026-09-01T11:20:00+00:00,14747.99,14749.51,14746.99,14746.99,55
2026-09-01T11:25:00+00:00,14746.99,14750.01,14746.99,14749.49,27
2026-09-01T11:30:00+00:00,14749.49,14752.01,14749.49,14751.01,25
2026-09-01T11:35:00+00:00,14751.01,14753.49,14748.99,14753.49,27
2026-09-01T11:40:00+00:00,14753.49,14753.49,14752,14752.5,23
2026-09-01T11:45:00+00:00,14752.5,14755.5,14751.99,14754.5,37
2026-09-01T11:50:00+00:00,14754.5,14756.49,14751.49,14751.49,35
2026-09-01T11:55:00+00:00,14751.49,14751.49,14746.01,14747.99,73
2026-09-01T12:00:00+00:00,14747.99,14747.99,14742.99,14747.01,84
2026-09-01T12:05:00+00:00,14747.01,14747.01,14744.99,14746.51,61
2026-09-01T12:10:00+00:00,14746.51,14747.01,14744.99,14746.51,28
2026-09-01T12:15:00+00:00,14746.51,14751.01,14746.51,14746.99,45
2026-09-01T12:20:00+00:00,14746.99,14750.01,14745.99,14749.99,44
2026-09-01T12:25:00+00:00,14749.99,14753.99,14749.99,14752.99,25
2026-09-01T12:30:00+00:00,14752.99,14754.5,14751.51,14754,32
2026-09-01T12:35:00+00:00,14754,14756.01,14750,14753.5,95
2026-09-01T12:40:00+00:00,14753.5,14754.01,14752,14753,52
2026-09-01T12:45:00+00:00,14753,14758,14753,14755.01,49
2026-09-01T12:50:00+00:00,14755.01,14759.99,14754.51,14759.99,47
2026-09-01T12:55:00+00:00,14759.99,14763.01,14756.99,14761.49,67
2026-09-01T13:00:00+00:00,14761.49,14762.51,14752.99,14753,89
2026-09-01T13:05:00+00:00,14753,14755.01,14752,14753.5,58
2026-09-01T13:10:00+00:00,14753.5,14753.5,14750.01,14751.01,31
2026-09-01T13:15:00+00:00,14751.01,14753.99,14747.99,14753.99,66
2026-09-01T13:20:00+00:00,14753.99,14758.99,14753,14758.99,51
2026-09-01T13:25:00+00:00,14758.99,14763.51,14757.5,14763.51,61
2026-09-01T13:30:00+00:00,14763.51,14782.5,14761,14782.01,205
2026-09-01T13:35:00+00:00,14782.01,14785.51,14779,14784.99,181
2026-09-01T13:40:00+00:00,14784.99,14788.01,14776.01,14787,180
2026-09-01T13:45:00+00:00,14787,14787,14772.99,14779,205
2026-09-01T13:50:00+00:00,14779,14779.99,14772.99,14772.99,144
2026-09-01T13:55:00+00:00,14772.99,14777.51,14770.99,14774.5,114
2026-09-01T14:00:00+00:00,14774.5,14779.01,14772.99,14775,181
2026-09-01T14:05:00+00:00,14775,14783,14773.99,14781,161
2026-09-01T14:10:00+00:00,14781,14781.01,14775,14779.99,124
2026-09-01T14:15:00+00:00,14779.99,14782,14774,14776.5,109
2026-09-01T14:20:00+00:00,14776.5,14778,14773.99,14774,74
2026-09-01T14:25:00+00:00,14774,14775.01,14766.99,14766.99,77
2026-09-01T14:30:00+00:00,14766.99,14773,14766.99,14771.01,79
2026-09-01T14:35:00+00:00,14771.01,14771.49,14768,14769.5,91
2026-09-01T14:40:00+00:00,14769.5,14773.01,14766.49,14773.01,79
2026-09-01T14:45:00+00:00,14773.01,14777.5,14770.99,14774,49
2026-09-01T14:50:00+00:00,14774,14774.01,14770,14770.5,93
2026-09-01T14:55:00+00:00,14770.5,14771.01,14767,14771.01,49
2026-09-01T15:00:00+00:00,14771.01,14775.49,14767,14770,64
2026-09-01T15:05:00+00:00,14770,14770.99,14762.99,14763.01,92
2026-09-01T15:10:00+00:00,14763.01,14767.5,14760.99,14764.51,82
2026-09-01T15:15:00+00:00,14764.51,14765,14761.01,14761.01,83
2026-09-01T15:20:00+00:00,14761.01,14764.99,14760,14762.01,74
2026-09-01T15:25:00+00:00,14762.01,14762.01,14758.01,14761.5,76
2026-09-01T15:30:00+00:00,14761.5,14766.5,14759.99,14763.51,81
2026-09-01T15:35:00+00:00,14763.51,14767.01,14759.99,14763.99,72
2026-09-01T15:40:00+00:00,14763.99,14768.51,14763.99,14768.51,78
2026-09-01T15:45:00+00:00,14768.51,14772.5,14768.49,14771.99,51
2026-09-01T15:50:00+00:00,14771.99,14774.01,14771,14772.51,40
2026-09-01T15:55:00+00:00,14772.51,14775,14770.99,14773,49
2026-09-01T16:00:00+00:00,14773,14775.01,14771,14771,67
2026-09-01T16:05:00+00:00,14771,14772.99,14770,14770.99,59
2026-09-01T16:10:00+00:00,14770.99,14772.51,14767.01,14767.99,64
2026-09-01T16:15:00+00:00,14767.99,14770,14764.01,14764.49,68
2026-09-01T16:20:00+00:00,14764.49,14764.49,14756.99,14757,116
2026-09-01T16:25:00+00:00,14757,14757.5,14752.49,14754.99,74
2026-09-01T16:30:00+00:00,14754.99,14755,14746.49,14746.51,82
2026-09-01T16:35:00+00:00,14746.51,14751.99,14746,14751.99,109
2026-09-01T16:40:00+00:00,14751.99,14754.01,14748.99,14750.01,100
2026-09-01T16:45:00+00:00,14750.01,14752,14748.99,14752,46
2026-09-01T16:50:00+00:00,14752,14753.01,14747.99,14749.51,57
2026-09-01T16:55:00+00:00,14749.51,14753.01,14749.51,14752.99,57
2026-09-01T17:00:00+00:00,14752.99,14752.99,14748.99,14748.99,95
2026-09-01T17:05:00+00:00,14748.99,14749.99,14747,14749.01,53
2026-09-01T17:10:00+00:00,14749.01,14752,14748.99,14749.99,60
2026-09-01T17:15:00+00:00,14749.99,14750.99,14745.01,14746.49,63
2026-09-01T17:20:00+00:00,14746.49,14747.5,14744.99,14746,50
2026-09-01T17:25:00+00:00,14746,14748.01,14741.49,14746.01,127
2026-09-01T17:30:00+00:00,14746.01,14749.01,14746,14748,99
2026-09-01T17:35:00+00:00,14748,14749.01,14746.49,14746.99,44
2026-09-01T17:40:00+00:00,14746.99,14750.01,14746.99,14748,40
2026-09-01T17:45:00+00:00,14748,14748,14744.01,14744.01,25
2026-09-01T17:50:00+00:00,14744.01,14745.01,14741.01,14741.01,30
2026-09-01T17:55:00+00:00,14741.01,14742,14737.99,14739.01,59
2026-09-01T18:00:00+00:00,14739.01,14740.01,14736.99,14736.99,44
2026-09-01T18:05:00+00:00,14736.99,14736.99,14733.99,14734.99,67
2026-09-01T18:10:00+00:00,14734.99,14736,14733.99,14734.99,96
2026-09-01T18:15:00+00:00,14734.99,14738,14734,14737.49,66
2026-09-01T18:20:00+00:00,14737.49,14737.5,14735,14737.01,36
2026-09-01T18:25:00+00:00,14737.01,14737.01,14733.99,14734.51,50
2026-09-01T18:30:00+00:00,14734.51,14734.51,14729.99,14731,64
2026-09-01T18:35:00+00:00,14731,14731.51,14727.99,14728.01,46
2026-09-01T18:40:00+00:00,14728.01,14728.01,14722,14722.01,67
2026-09-01T18:45:00+00:00,14722.01,14725.99,14721.99,14725.49,92
2026-09-01T18:50:00+00:00,14725.49,14727.01,14723,14724.01,74
2026-09-01T18:55:00+00:00,14724.01,14728,14722.99,14727.01,61
2026-09-01T19:00:00+00:00,14727.01,14731.5,14725.99,14730.5,44
2026-09-01T19:05:00+00:00,14730.5,14731.51,14728.99,14729.01,50
2026-09-01T19:10:00+00:00,14729.01,14733,14728.99,14732.99,54
2026-09-01T19:15:00+00:00,14732.99,14733.99,14729.5,14730.99,55
2026-09-01T19:20:00+00:00,14730.99,14731.5,14729.99,14730.5,46
2026-09-01T19:25:00+00:00,14730.5,14733.01,14730.5,14732.51,45
2026-09-01T19:30:00+00:00,14732.51,14733,14729,14732,76
2026-09-01T19:35:00+00:00,14732,14732.01,14729.99,14731,41
2026-09-01T19:40:00+00:00,14731,14734.01,14730.49,14733.5,76
2026-09-01T19:45:00+00:00,14733.5,14739.01,14732,14737.99,81
2026-09-01T19:50:00+00:00,14737.99,14739.01,14734.99,14737.01,122
2026-09-01T19:55:00+00:00,14737.01,14739.01,14735.99,14737.5,103
2026-09-01T20:00:00+00:00,14737.5,14740.01,14736.01,14738.01,43
2026-09-01T20:05:00+00:00,14738.01,14738.01,14736.99,14736.99,18
2026-09-01T20:10:00+00:00,14736.99,14737.01,14735.99,14735.99,13
2026-09-01T20:15:00+00:00,14735.99,14737.01,14735.01,14737,16
2026-09-01T20:20:00+00:00,14737,14737.01,14736.01,14736.01,8
2026-09-01T20:25:00+00:00,14736.01,14736.51,14736.01,14736.49,5
2026-09-01T20:30:00+00:00,14736.49,14736.51,14736.49,14736.49,2
2026-09-01T20:35:00+00:00,14736.49,14736.51,14735.49,14735.49,10
2026-09-01T20:40:00+00:00,14735.49,14736.5,14734,14735,18
2026-09-02T01:00:00+00:00,14735,14735,14696.5,14708.49,185
2026-09-02T01:05:00+00:00,14708.49,14709.01,14683,14683.51,161
2026-09-02T01:10:00+00:00,14683.51,14693.51,14682.5,14691,128
2026-09-02T01:15:00+00:00,14691,14692.01,14666,14675,362
2026-09-02T01:20:00+00:00,14675,14685.99,14668.49,14685.99,269
2026-09-02T01:25:00+00:00,14685.99,14713.01,14685.5,14699.01,564
2026-09-02T01:30:00+00:00,14699.01,14711.49,14601.5,14604.99,4336
2026-09-02T01:35:00+00:00,14604.99,14631.51,14579.51,14612.5,2945
2026-09-02T01:40:00+00:00,14612.5,14635,14609.51,14614.99,1871
2026-09-02T01:45:00+00:00,14614.99,14626.01,14588,14590.49,1852
2026-09-02T01:50:00+00:00,14590.49,14609.49,14581.99,14595,1524
2026-09-02T01:55:00+00:00,14595,14595,14552,14554.01,1396
2026-09-02T02:00:00+00:00,14554.01,14554.51,14542.99,14543.99,114
